timestamp,user_id,amount,latitude,longitude,isFraud
2024-01-01 00:00:00,8270,40.225492962047305,34.5181307841092,-95.78930516990971,0
2024-01-01 00:01:00,1860,213.23710954804196,37.248646153403776,-96.65621307999912,0
2024-01-01 00:02:00,6390,9.58723978003448,34.01508900474509,-92.01757193393911,0
2024-01-01 00:03:00,6191,51.86362576281201,30.329352978298456,-92.74579293884514,0
2024-01-01 00:04:00,6734,138.22072455052606,32.73735858849839,-92.32841269858804,0
2024-01-01 00:05:00,7265,102.200078808787,34.66195805237042,-90.95869949065647,0
2024-01-01 00:06:00,1466,151.4186615441883,39.74492216160639,-94.04848744099621,0
2024-01-01 00:07:00,5426,412.2260565740032,38.81158666954345,-93.85465670971945,0
2024-01-01 00:08:00,6578,298.55427553500823,31.814061440021906,-92.78065880352767,0
2024-01-01 00:09:00,9322,17.19236321538551,37.23275940490771,-93.18767405349323,0
2024-01-01 00:10:00,2685,10.905819914947285,39.368254730147875,-91.30186981601038,0
2024-01-01 00:11:00,1769,75.70562065016554,30.087926130352585,-92.29801794155455,0
2024-01-01 00:12:00,7949,14.095876649947344,37.20945673670826,-98.79541383521192,0
2024-01-01 00:13:00,3433,7.9528525832056705,34.593334956111576,-90.71641384552214,0
2024-01-01 00:14:00,6311,74.90666395007963,36.802361962831114,-93.16900709698797,0
2024-01-01 00:15:00,6051,96.25927435733972,36.055892735717904,-98.72854074173647,0
2024-01-01 00:16:00,7420,302.215592625928,39.84665494455702,-92.28026264284067,0
2024-01-01 00:17:00,2184,117.73437997892793,32.88815406297868,-96.41587470260795,0
2024-01-01 00:18:00,5555,372.2479207682636,37.86142981869265,-91.94022087963496,0
2024-01-01 00:19:00,4385,77.90998994908176,32.34639888313061,-90.44594057009783,1
2024-01-01 00:20:00,7396,17.52677587018132,34.356079775501726,-97.4475796389107,0
2024-01-01 00:21:00,9666,124.23650608875654,39.75380873967412,-91.4258895391509,0
2024-01-01 00:22:00,3558,207.3302846121228,37.661362960141524,-92.26438629856061,0
2024-01-01 00:23:00,8849,80.72791271284422,33.15821256283559,-93.28815099799533,0
2024-01-01 00:24:00,3047,232.8863264850026,36.1936928309195,-96.15079455439087,0
2024-01-01 00:25:00,3747,48.267057419751644,30.49692083502775,-98.9013790455554,0
2024-01-01 00:26:00,1189,94.24512653269663,32.6639491662097,-95.16103172080074,0
2024-01-01 00:27:00,3734,45.863423174486556,37.18390489603615,-98.94333370222509,0
2024-01-01 00:28:00,4005,589.3637654463558,35.700935695883246,-94.99852773121675,0
2024-01-01 00:29:00,5658,126.62889045566732,34.696728529767725,-91.79706729224431,0
2024-01-01 00:30:00,2899,17.87306568233317,36.90876060015963,-90.02361865599036,0
2024-01-01 00:31:00,8734,348.1374832180221,33.98458890819826,-98.0199128850689,0
2024-01-01 00:32:00,2267,26.2278085163982,30.26156144532413,-97.92141957652977,0
2024-01-01 00:33:00,2528,55.35106828810747,34.410266235155675,-91.8911666808093,0
2024-01-01 00:34:00,4556,87.20841214594729,39.02129192293262,-95.3094136770279,0
2024-01-01 00:35:00,4890,94.63164887809927,38.56615128314121,-90.84195403968118,0
2024-01-01 00:36:00,9838,88.56371384926447,34.089971854095126,-92.31003762418786,0
2024-01-01 00:37:00,6393,17.58338627634581,30.222214407603825,-92.63572235269808,0
2024-01-01 00:38:00,9792,88.85755972947325,36.36307272620316,-98.98046291345344,0
2024-01-01 00:39:00,9433,164.1278893660867,37.411944277828646,-99.6412443482591,1
2024-01-01 00:40:00,8513,159.4713097698489,32.94243576084275,-96.83237180340139,0
2024-01-01 00:41:00,3612,14.852785249460405,34.76663999619574,-97.82701639151047,0
2024-01-01 00:42:00,8041,28.342065615101948,39.91856795247708,-92.87691114071487,0
2024-01-01 00:43:00,7235,19.210910134087907,35.76343012981599,-95.49266275833949,0
2024-01-01 00:44:00,6486,76.69319575603758,33.510749056615666,-94.7685362537108,0
2024-01-01 00:45:00,8099,11.569267368529793,36.27488876640133,-91.86258517128101,0
2024-01-01 00:46:00,1775,17.7654796303066,31.800223068640847,-95.21495318234291,0
2024-01-01 00:47:00,9226,28.074593188456078,31.9925237327458,-94.55073679194601,0
2024-01-01 00:48:00,4152,9.054029323739883,39.24924714714017,-91.57679733591978,0
2024-01-01 00:49:00,2585,53.101272710370864,32.39200041169331,-95.68664190692488,0
2024-01-01 00:50:00,4943,6.6426086877331265,33.10789379215744,-99.16873292086402,0
2024-01-01 00:51:00,8555,88.70752919575888,35.43777241969754,-94.78294790407017,0
2024-01-01 00:52:00,4073,36.70739969601857,38.996926202776066,-94.20638315767152,0
2024-01-01 00:53:00,2021,29.25401393364434,37.814488897190145,-94.88203195687007,0
2024-01-01 00:54:00,4843,34.441126167536645,30.437839206698747,-97.41950482781883,0
2024-01-01 00:55:00,8989,51.39875280664734,36.930296688983695,-97.76309931747872,0
2024-01-01 00:56:00,7873,98.77713815081178,35.04061482683993,-96.30243628068159,0
2024-01-01 00:57:00,6675,203.79147172081446,34.75552842002381,-98.33771261496321,0
2024-01-01 00:58:00,1161,150.491381266212,36.91558366825543,-93.33976320726165,0
2024-01-01 00:59:00,5297,508.6134627126572,31.96232046219044,-93.85325098720355,0
2024-01-01 01:00:00,1995,107.2644423531308,39.814886636617196,-93.67604384321217,0
2024-01-01 01:01:00,8629,62.822613885488046,36.45306530272449,-97.75202506860059,0
2024-01-01 01:02:00,2016,34.56937521286933,33.65656174611856,-97.53470985796116,0
2024-01-01 01:03:00,8869,35.73751734730973,36.002022080701614,-92.1260974088125,0
2024-01-01 01:04:00,7439,93.60071539524424,32.1647086328962,-93.09888227441485,0
2024-01-01 01:05:00,8892,20.09670473759879,36.33841864854956,-91.24820150832458,0
2024-01-01 01:06:00,7863,68.64691129852217,30.282171407377973,-95.96494282223205,0
2024-01-01 01:07:00,8916,53.577816127975346,33.41181911408366,-94.52672167902247,0
2024-01-01 01:08:00,9529,26.361456004849394,37.475168967475064,-92.61222294069586,0
2024-01-01 01:09:00,1878,19.08322557516054,38.0797784911414,-90.25845030967443,0
2024-01-01 01:10:00,5887,681.7871427559476,32.52919413313968,-90.10368187154305,0
2024-01-01 01:11:00,5859,13.50998219125945,35.39409461279986,-90.0082458752172,0
2024-01-01 01:12:00,7331,51.021210358741016,35.28492889689118,-91.09473516935194,0
2024-01-01 01:13:00,9571,185.41263637232996,34.2145604637678,-93.60349180862922,0
2024-01-01 01:14:00,9684,92.67111847153085,32.28432982752979,-99.93029049210547,0
2024-01-01 01:15:00,8208,34.00353344415162,37.03228233228773,-93.00456236722243,0
2024-01-01 01:16:00,6276,16.574292733034067,32.5236168174552,-97.61400483863059,0
2024-01-01 01:17:00,3062,62.164645837966525,39.110257371566156,-99.42832852689756,0
2024-01-01 01:18:00,1064,3.8980824427132847,35.28501291118503,-93.02815571054865,0
2024-01-01 01:19:00,9006,64.70684943264946,38.70478337310622,-92.43989072823807,0
2024-01-01 01:20:00,3568,56.53311580506585,32.90742720804164,-93.40566879832251,0
2024-01-01 01:21:00,6463,159.19373641773848,38.07079156258732,-96.34830216183744,0
2024-01-01 01:22:00,3027,17.40330719635199,31.136635848999926,-94.88995875920877,1
2024-01-01 01:23:00,3695,39.50900419186673,37.66830342007393,-90.65052373004252,0
2024-01-01 01:24:00,6258,84.51268545618468,33.86945849925302,-92.70389034023057,0
2024-01-01 01:25:00,6618,67.05865999803525,34.699900888185866,-94.95315766500664,0
2024-01-01 01:26:00,7736,14.258504034828562,31.66807320259573,-94.06550848048929,0
2024-01-01 01:27:00,1391,28.574030179107563,30.186276885243924,-90.72316401653643,0
2024-01-01 01:28:00,6892,221.38683593782,36.66197493128281,-96.06217477730323,0
2024-01-01 01:29:00,4561,70.76230086953412,35.87718283400418,-98.9815628451391,0
2024-01-01 01:30:00,7184,10.338593679269293,36.22428152069657,-96.74173758296928,0
2024-01-01 01:31:00,4099,132.05680179788226,32.5500175802692,-95.84799785263714,0
2024-01-01 01:32:00,7278,11.031284415498005,32.39277462883106,-97.27036130139511,0
2024-01-01 01:33:00,9392,40.16433859881029,38.302963112692474,-94.7102759474995,0
2024-01-01 01:34:00,4104,95.89717796221422,37.61252752593233,-96.95142124853923,1
2024-01-01 01:35:00,8215,183.77384162545968,33.36790115841361,-98.96820414617618,0
2024-01-01 01:36:00,3454,5.270239262303038,36.37805715975681,-98.1193148639395,0
2024-01-01 01:37:00,9996,111.22888524370589,38.28150004168814,-90.81843916576861,0
2024-01-01 01:38:00,3731,129.24691440788604,38.888294422179484,-93.70404370899139,0
2024-01-01 01:39:00,9154,31.280175674126994,30.058062609092428,-96.85691287236949,0
2024-01-01 01:40:00,6056,59.79422530181044,38.13462393134724,-96.3308208749956,0
2024-01-01 01:41:00,9110,2.5806163678249434,33.50392334246926,-95.06616828590975,0
2024-01-01 01:42:00,4840,3.497399475021645,37.18378284776176,-93.26869966437295,0
2024-01-01 01:43:00,2028,165.42744832633613,33.714013646,-94.1782011015623,0
2024-01-01 01:44:00,8385,31.852146411839556,36.06249086794015,-90.67301875437059,0
2024-01-01 01:45:00,1502,38.62067552754113,36.46782440006019,-93.7425117342769,0
2024-01-01 01:46:00,7910,69.03933424488763,34.04992770916226,-90.89208020395058,0
2024-01-01 01:47:00,7938,37.86653684496773,35.12785331137745,-99.94569840835435,0
2024-01-01 01:48:00,5488,34.51202680949286,37.263133719191686,-91.09440528078053,0
2024-01-01 01:49:00,1206,81.00323255074713,34.76305268694862,-92.78541412033955,0
2024-01-01 01:50:00,6134,12.236995023422125,30.139804850851664,-98.27806545887914,0
2024-01-01 01:51:00,6977,174.15011407674808,30.12904196997516,-97.36961980754948,0
2024-01-01 01:52:00,8721,43.369220096375415,36.61310850049394,-94.57190000836118,0
2024-01-01 01:53:00,8035,19.972203847670194,38.47237537455598,-98.75061844649457,0
2024-01-01 01:54:00,2484,17.457865908488987,37.852735375139964,-92.14631730887955,0
2024-01-01 01:55:00,8858,56.97723980668526,33.104003019331635,-92.08826133777573,0
2024-01-01 01:56:00,1863,40.19096785760885,34.711278849969545,-96.99051011344918,0
2024-01-01 01:57:00,3790,11.601796136521449,32.34160740101667,-99.30182995027204,0
2024-01-01 01:58:00,8408,29.90916318912822,39.89149910666673,-90.11152540766426,0
2024-01-01 01:59:00,9755,24.307890197221774,32.60506449260232,-97.49271120755675,0
2024-01-01 02:00:00,6116,192.83917213646527,34.162615928493665,-99.32441348682654,0
2024-01-01 02:01:00,7019,62.20605952223512,36.81128951324303,-96.70035040616445,0
2024-01-01 02:02:00,2757,262.26079996431685,38.760176696507756,-90.30996737825707,0
2024-01-01 02:03:00,8574,26.843555556610955,30.514756840671364,-92.07072387248004,0
2024-01-01 02:04:00,7374,40.80759072373954,33.010196760271214,-95.19666920189857,0
2024-01-01 02:05:00,7892,80.36294808389776,35.689858479644606,-96.94669578274319,0
2024-01-01 02:06:00,2678,99.89629626811916,36.183130813761835,-95.76693901452532,0
2024-01-01 02:07:00,4242,112.27947463853744,30.700274384998608,-99.82634391769358,0
2024-01-01 02:08:00,5636,22.470210350952453,36.64078737842073,-92.81629518558664,0
2024-01-01 02:09:00,2059,23.111281224405595,35.28064365608574,-99.00355728448157,0
2024-01-01 02:10:00,7668,38.26668707411199,38.27627379362144,-94.80962423125693,1
2024-01-01 02:11:00,4157,240.0643143943039,32.221891762083004,-94.34154947137431,1
2024-01-01 02:12:00,6915,20.071819503438725,31.95026985021876,-99.98310225697706,0
2024-01-01 02:13:00,3693,32.23571482165394,37.933372219279555,-90.20121374022568,0
2024-01-01 02:14:00,4627,113.27946582690207,37.03869128939616,-96.97860962311114,0
2024-01-01 02:15:00,6450,107.37788675602177,37.91673360577675,-99.22775749007884,0
2024-01-01 02:16:00,2663,95.14655316574142,37.81934141028079,-91.4561144174051,0
2024-01-01 02:17:00,6592,59.19538488215128,31.040006758304607,-98.48047395948655,0
2024-01-01 02:18:00,8392,18.818988344786195,32.785830472991506,-99.75044863775511,0
2024-01-01 02:19:00,2306,27.363884803251,32.60085136136446,-95.05309320407103,0
2024-01-01 02:20:00,7776,168.42493752818558,39.345872814168395,-98.70083014202427,0
2024-01-01 02:21:00,6864,118.34893453474794,34.87466574050345,-90.17576933646119,0
2024-01-01 02:22:00,8526,14.368166391953734,31.110571327000173,-99.89589013387484,0
2024-01-01 02:23:00,9901,130.25025386679022,32.89577905930019,-99.48802655811367,0
2024-01-01 02:24:00,6575,202.1031961063691,38.719016485164715,-91.66716033601031,0
2024-01-01 02:25:00,6530,57.617756266567845,38.47066378165313,-97.60248303961974,0
2024-01-01 02:26:00,5413,83.61987078639416,39.00339483440537,-90.88403246616056,0
2024-01-01 02:27:00,4748,150.12753791100806,33.8852877273702,-96.8886294652504,0
2024-01-01 02:28:00,1663,27.22902782880179,36.41340961489996,-99.30217348639594,0
2024-01-01 02:29:00,2998,560.9309446448932,32.781739198753236,-99.89408200958465,1
2024-01-01 02:30:00,8994,185.5042844686006,31.80825331152374,-97.17432722942824,0
2024-01-01 02:31:00,2495,92.20627134756786,30.21901075926368,-95.262694245041,0
2024-01-01 02:32:00,4304,52.74622236274046,32.23440949689349,-99.9898388907393,0
2024-01-01 02:33:00,4763,89.54823732473247,36.04374136892273,-94.18892797456105,0
2024-01-01 02:34:00,6232,11.469800081870616,39.04210313606793,-96.66338441325269,0
2024-01-01 02:35:00,2853,437.9425633658026,31.334205532154417,-96.09846470637589,1
2024-01-01 02:36:00,7585,168.82987877221032,39.18011560965442,-97.38589051801894,0
2024-01-01 02:37:00,2291,236.04290675921808,33.45385234871721,-94.70954794558938,0
2024-01-01 02:38:00,4581,56.303526097108104,34.2682840761432,-97.69877378031856,0
2024-01-01 02:39:00,8554,38.08082230829209,33.64978540468747,-98.6517791384353,0
2024-01-01 02:40:00,8280,27.818264368639614,34.08608139919704,-91.09352917951955,0
2024-01-01 02:41:00,2636,123.17112009994482,32.59193149187665,-96.09445016969448,0
2024-01-01 02:42:00,4696,32.70254554687955,36.98604678311439,-99.23069649779008,0
2024-01-01 02:43:00,1698,45.269932338033925,37.58183110270167,-97.69677245433668,0
2024-01-01 02:44:00,5737,94.29226177999452,38.23112890852265,-96.90057051799184,0
2024-01-01 02:45:00,1854,28.238087384781554,33.41289583359967,-92.3035369065146,0
2024-01-01 02:46:00,9164,155.08087638754225,37.646268910277946,-99.7774450547065,0
2024-01-01 02:47:00,6855,53.63806168371126,36.37675357476815,-95.21750511521886,0
2024-01-01 02:48:00,8392,12.083980885297434,39.57916086840393,-95.92307514643282,0
2024-01-01 02:49:00,7528,27.938266862991856,34.247851666985476,-90.31599598365075,0
2024-01-01 02:50:00,6249,201.9833867021598,39.923097278833545,-98.19924987703388,0
2024-01-01 02:51:00,6172,21.39158213870082,37.403940300078716,-93.72129253836282,0
2024-01-01 02:52:00,2707,133.49679729295903,37.76277754958998,-97.9780311490727,0
2024-01-01 02:53:00,6791,61.662344002379236,30.25704860109661,-94.51577945828159,0
2024-01-01 02:54:00,6535,45.98428456708302,34.97398351336096,-94.4493676748621,0
2024-01-01 02:55:00,5931,673.5714991422042,35.28336712312025,-99.24653270141548,0
2024-01-01 02:56:00,4510,15.116453057239573,30.406001019205995,-95.43548705802769,0
2024-01-01 02:57:00,1202,26.04605702686015,33.12131223490555,-95.38843892040038,0
2024-01-01 02:58:00,5218,53.33378157259693,39.55644180627796,-96.80863325857854,0
2024-01-01 02:59:00,9958,611.3987665588177,34.26111436360136,-97.22841446312346,0
2024-01-01 03:00:00,5389,53.458134946619026,31.867019845583073,-97.75702025883795,0
2024-01-01 03:01:00,3327,71.82646048213977,35.13338707026408,-99.9405892812533,0
2024-01-01 03:02:00,9004,39.02351840543846,30.337655772204652,-99.98183715511027,0
2024-01-01 03:03:00,3931,78.14988447050416,35.159886999708576,-94.10212789209406,0
2024-01-01 03:04:00,8777,41.52030536020807,35.94268306030088,-97.08536088859313,1
2024-01-01 03:05:00,1197,109.43410687585076,33.57694362553006,-98.321113442168,1
2024-01-01 03:06:00,8125,118.41404355060814,37.62576198093559,-93.152647944877,1
2024-01-01 03:07:00,2930,43.20234763480593,31.357140770010055,-94.71095430520555,0
2024-01-01 03:08:00,7287,17.716917284580703,38.78183409880697,-90.85041723118749,0
2024-01-01 03:09:00,9800,59.95353508907833,39.554449103904204,-91.68983062927997,0
2024-01-01 03:10:00,5282,221.8766836363738,30.012345246028886,-92.73270808900033,0
2024-01-01 03:11:00,3511,23.887120111852717,38.42721660043159,-98.73418042814986,0
2024-01-01 03:12:00,1659,76.24233534681716,35.061051489073336,-93.33911261041237,0
2024-01-01 03:13:00,3811,16.350517855932253,34.61405633838517,-93.0607355706237,0
2024-01-01 03:14:00,8098,19.30169016752643,32.38679106874381,-92.3666741002529,0
2024-01-01 03:15:00,7546,200.41011366008885,34.47325041111637,-97.3686727624259,0
2024-01-01 03:16:00,2986,109.02022142127794,39.50427149630137,-93.59702496336249,0
2024-01-01 03:17:00,9338,77.39832426500892,32.107876339543836,-93.8172154171746,0
2024-01-01 03:18:00,3911,5.356049853145056,31.790412384507622,-96.14689950188507,1
2024-01-01 03:19:00,2734,31.40939740533052,32.41896304059448,-93.36493019631192,0
2024-01-01 03:20:00,2843,100.16451689065296,35.51834194337266,-99.13304438683635,0
2024-01-01 03:21:00,9680,12.819077513509946,39.302998154333,-93.56494978878011,0
2024-01-01 03:22:00,3976,38.32546700575268,35.73881590765258,-93.93984415787334,0
2024-01-01 03:23:00,2959,117.52530952707225,32.434824766058206,-97.89375592745913,0
2024-01-01 03:24:00,6759,12.047549601139558,34.40452315321262,-91.8178638048013,0
2024-01-01 03:25:00,7694,10.182936355040333,33.90400131785746,-91.25585999737297,0
2024-01-01 03:26:00,3385,12.257915404061889,30.46569469862437,-97.8951605274634,0
2024-01-01 03:27:00,5736,76.2856777987717,35.10641848529059,-99.24038915762796,0
2024-01-01 03:28:00,2802,31.280705542745306,31.260063866336736,-93.9642453645845,0
2024-01-01 03:29:00,9155,131.37405374422852,38.422440420838754,-95.20082473016703,0
2024-01-01 03:30:00,9120,61.62196522044997,35.489629092958964,-95.72405770737942,0
2024-01-01 03:31:00,7616,358.0006198909045,38.44606482617376,-92.38991669956303,0
2024-01-01 03:32:00,6534,15.839673942727545,39.560446873780414,-90.30337360491085,0
2024-01-01 03:33:00,5061,76.07895671237235,39.43188290750277,-95.22336280623803,0
2024-01-01 03:34:00,1262,24.650205298050853,31.00429334307554,-99.93844921225225,0
2024-01-01 03:35:00,7287,99.50547812165404,39.44817071550007,-94.03732865461622,0
2024-01-01 03:36:00,9815,61.55529584470608,37.957472077895105,-93.4603412787016,0
2024-01-01 03:37:00,3049,20.224185216591774,37.77658105260791,-91.71981694004674,0
2024-01-01 03:38:00,6423,46.65815637374079,30.901285402681754,-98.00593018903882,0
2024-01-01 03:39:00,5548,58.73865789098743,31.79514702283599,-94.75672366481069,0
2024-01-01 03:40:00,4108,29.984814195053975,39.75163379914768,-95.52868499610635,0
2024-01-01 03:41:00,8158,112.97507452807686,32.13370157155295,-93.35559538837369,0
2024-01-01 03:42:00,8400,19.47063403037085,31.690533301674005,-99.36056936296835,0
2024-01-01 03:43:00,4170,441.86683483625603,33.62351618709468,-91.15987068300475,0
2024-01-01 03:44:00,3255,141.69690444572515,39.133561975348904,-94.88842595761722,0
2024-01-01 03:45:00,2154,77.380988131976,34.76193463556555,-91.2295455503001,0
2024-01-01 03:46:00,5499,939.4684857936901,39.20583719089086,-96.59762868136862,0
2024-01-01 03:47:00,7295,40.072935213309464,33.34338780415236,-93.46477785359373,0
2024-01-01 03:48:00,7197,100.6224976710673,32.26528645226999,-90.4327485069059,0
2024-01-01 03:49:00,2648,68.21609019248928,34.952030088510355,-90.5662080929022,0
2024-01-01 03:50:00,6539,121.2031051319763,36.15476890261888,-90.55897245228783,0
2024-01-01 03:51:00,5199,243.74348152689836,33.91498998613556,-99.57053159483068,0
2024-01-01 03:52:00,9445,94.53303750321503,33.460305095945316,-95.96983999025477,0
2024-01-01 03:53:00,3557,154.7473667577929,32.18059284773247,-99.39218742552235,0
2024-01-01 03:54:00,6592,31.488172831291227,32.75006766221772,-96.90522986724918,0
2024-01-01 03:55:00,1098,44.42710923780725,36.731179631523005,-98.25421904906172,0
2024-01-01 03:56:00,3200,280.9811429838671,33.698735386136775,-93.79862575888104,0
2024-01-01 03:57:00,3961,99.17204434430892,30.797570417210284,-92.19253848734604,0
2024-01-01 03:58:00,5973,69.98798922715497,31.381553899525347,-94.86653034736598,0
2024-01-01 03:59:00,5433,25.70680623579593,33.723791883911105,-92.04526926702117,0
2024-01-01 04:00:00,3869,143.5374649815397,39.24502429847862,-99.87186703393769,0
2024-01-01 04:01:00,1956,24.991470309177046,33.790302616459805,-91.79523635340804,0
2024-01-01 04:02:00,9352,18.61251388902059,30.606420774516753,-98.21639775311193,0
2024-01-01 04:03:00,6699,61.24766651770145,34.17994257880016,-95.39064098595226,0
2024-01-01 04:04:00,7944,4.940702198143482,36.688175939601656,-95.57414384096832,0
2024-01-01 04:05:00,5493,100.59240083278587,35.93596134948221,-91.26844470835152,0
2024-01-01 04:06:00,5911,79.5944364641567,32.788029623860304,-90.34020852716033,0
2024-01-01 04:07:00,4987,38.36695112986717,36.88088923048694,-97.44879033462468,0
2024-01-01 04:08:00,7015,42.008914318455915,36.30624373865332,-99.32586827406799,0
2024-01-01 04:09:00,2218,48.45711089827049,31.721729688289685,-93.49478217545153,0
2024-01-01 04:10:00,5496,24.800718448593123,31.62145003568245,-94.97159413246791,0
2024-01-01 04:11:00,5735,65.6654313194193,35.47183082067941,-94.34294858089305,0
2024-01-01 04:12:00,5555,42.546818000006645,36.59438561116104,-99.5372978723,0
2024-01-01 04:13:00,9050,61.0963516514141,39.61910584860261,-92.24690178382055,1
2024-01-01 04:14:00,4446,46.724629066818984,34.219306307317794,-97.67646584912703,0
2024-01-01 04:15:00,2045,38.377499122825945,37.649392396719136,-96.65063219088722,1
2024-01-01 04:16:00,7893,72.13162849177101,31.165207472913764,-97.71646287450626,0
2024-01-01 04:17:00,2693,119.235418186295,38.896090273156474,-90.54055439407948,0
2024-01-01 04:18:00,4436,32.30528550710049,36.3310754139884,-98.31278183459415,0
2024-01-01 04:19:00,9754,81.08299758804999,36.290303313512474,-92.6768099598183,0
2024-01-01 04:20:00,6895,91.78330428150909,31.424426338324356,-97.54252706061463,0
2024-01-01 04:21:00,4354,15.121780443118764,30.39583729525898,-95.75080380891691,0
2024-01-01 04:22:00,1225,144.97255884325722,37.0144913798462,-90.03938122827877,0
2024-01-01 04:23:00,5893,426.8579681685521,31.170564589645867,-98.99423255757843,0
2024-01-01 04:24:00,8022,49.99406554767054,31.269701494839328,-91.18640768913426,0
2024-01-01 04:25:00,6600,46.00750757369812,31.87500146346985,-90.53950103731121,0
2024-01-01 04:26:00,8996,44.12355815760388,30.977464831396023,-93.01772705070721,0
2024-01-01 04:27:00,8683,101.55553125142232,36.253925204303066,-99.90037810264677,0
2024-01-01 04:28:00,5642,90.9926311304686,34.22004805848588,-91.7920141596822,0
2024-01-01 04:29:00,8679,11.126601777399497,32.660960924095484,-91.1772807238922,0
2024-01-01 04:30:00,9208,22.962878866570236,34.40749400371577,-90.19065843112067,0
2024-01-01 04:31:00,8339,90.67782590526681,38.441400020652,-91.60684252249904,0
2024-01-01 04:32:00,3205,47.2275887911545,39.270794050436365,-95.54413032693479,0
2024-01-01 04:33:00,2069,17.01137253023108,34.874761446534414,-93.1135032330607,0
2024-01-01 04:34:00,4444,244.7556045644117,35.66752915112802,-95.14871488042661,0
2024-01-01 04:35:00,2060,24.539565509876557,32.57199930339873,-96.46981650477287,1
2024-01-01 04:36:00,3327,56.58687806349489,35.13600378637119,-93.73573506849279,0
2024-01-01 04:37:00,4420,45.992617228281375,37.48119606935232,-92.30167560358224,0
2024-01-01 04:38:00,1301,18.565614723696832,34.92137263656169,-93.64099213321806,0
2024-01-01 04:39:00,1606,65.69053178083631,33.020729007891696,-91.73421632353788,0
2024-01-01 04:40:00,4170,80.81049805409566,35.82034347224959,-98.23625025399927,0
2024-01-01 04:41:00,1699,34.20336284960387,39.46656030885845,-96.2630544839684,0
2024-01-01 04:42:00,6088,39.00959867077149,38.87983853983112,-96.8741418726577,0
2024-01-01 04:43:00,1190,99.53278055914629,37.692423791754564,-98.05872860332201,0
2024-01-01 04:44:00,1980,7.5750635010455944,32.76209632665209,-95.5682567251465,0
2024-01-01 04:45:00,3975,23.45294679160224,32.41559507216402,-90.52127127135333,0
2024-01-01 04:46:00,7102,67.58830036403579,38.38537189797598,-94.61991708292838,0
2024-01-01 04:47:00,2184,32.241720223066906,31.813174760821024,-97.13595123296355,0
2024-01-01 04:48:00,4327,31.784251659024527,36.05611307486644,-96.45939381696962,0
2024-01-01 04:49:00,4394,134.51726380010612,34.38929943582964,-93.86924288282873,1
2024-01-01 04:50:00,9319,28.982022325961484,34.67986467292398,-96.4725325818692,0
2024-01-01 04:51:00,2816,395.11554895143087,34.545434025275405,-94.61653277079331,1
2024-01-01 04:52:00,6854,9.445018145351048,38.9995014672366,-97.25840106547173,0
2024-01-01 04:53:00,7709,5.977522394312862,30.87094250895455,-96.54068729099814,1
2024-01-01 04:54:00,1569,131.49070457391036,37.82901449456099,-92.9427214116364,0
2024-01-01 04:55:00,6442,20.41048502504751,38.350126715752836,-94.15381648356113,0
2024-01-01 04:56:00,2895,20.757889924435425,39.4287714715349,-99.06513136686621,0
2024-01-01 04:57:00,3733,146.16458390524835,34.52599954937711,-90.2681748149396,1
2024-01-01 04:58:00,4863,33.20602760973603,35.00065191886917,-99.50663077041115,0
2024-01-01 04:59:00,8455,135.68849977990212,39.61294521140917,-99.17060427718336,0
2024-01-01 05:00:00,5014,29.65373411309972,34.58451060949163,-92.98613951258866,0
2024-01-01 05:01:00,2686,78.45549504980904,35.03548472976258,-92.91981860569177,0
2024-01-01 05:02:00,4009,32.73934350667504,33.32254318189384,-99.81064466773228,0
2024-01-01 05:03:00,8806,21.76248735676166,30.316274506846497,-93.57246100536402,0
2024-01-01 05:04:00,1154,308.15452371417456,34.33054551761493,-99.66739985223543,1
2024-01-01 05:05:00,2409,166.7444125619261,36.55091310847386,-90.39230006109973,0
2024-01-01 05:06:00,1784,26.39987610284804,36.89945910613557,-93.03857406167064,0
2024-01-01 05:07:00,9096,45.677414486404516,30.065086468846093,-98.13421898679049,0
2024-01-01 05:08:00,8560,238.94342260637785,38.01052774772829,-98.41895211839581,0
2024-01-01 05:09:00,8343,20.323535219965414,34.92415614128547,-94.30337697279592,0
2024-01-01 05:10:00,8206,21.453589267459474,35.20745361386193,-93.664812743634,0
2024-01-01 05:11:00,6596,87.36200583555681,39.617436881703675,-91.68762370128262,0
2024-01-01 05:12:00,6801,528.7388064284975,32.84461158655818,-90.96678850786438,0
2024-01-01 05:13:00,3806,57.61780023779297,37.616519889681676,-96.07466555941794,0
2024-01-01 05:14:00,1537,155.9930163853191,35.74776245672271,-91.5591515762851,0
2024-01-01 05:15:00,6986,19.738286833940546,37.00798461558038,-94.57619964683266,0
2024-01-01 05:16:00,2841,78.33953103453226,34.17817451781124,-95.29417859397981,0
2024-01-01 05:17:00,9716,38.106515886313346,32.79207538964268,-93.01029353942212,0
2024-01-01 05:18:00,7971,353.05543300976717,35.46125952368934,-98.96805038655346,0
2024-01-01 05:19:00,6625,270.07260882327347,33.74941146352647,-97.34613494267488,0
2024-01-01 05:20:00,3950,533.4774153474983,32.22911178829664,-91.83237314588612,0
2024-01-01 05:21:00,8992,27.235212435652002,38.39236148113763,-94.95921161662591,0
2024-01-01 05:22:00,5780,56.57109735838141,34.758315950012914,-90.91956563517905,0
2024-01-01 05:23:00,3368,79.45310110058881,38.47315741190899,-99.1129626611709,0
2024-01-01 05:24:00,7655,28.318983184366818,34.7403158236892,-96.86587189019954,0
2024-01-01 05:25:00,9173,62.24356769016503,35.56797697712408,-96.44450107195964,0
2024-01-01 05:26:00,5495,135.5008666660662,39.95280241313955,-95.77279677276846,0
2024-01-01 05:27:00,7002,31.488880145941383,39.515042120351595,-90.13179948435751,0
2024-01-01 05:28:00,7614,27.0217889921114,32.71689870666891,-96.89337285931798,0
2024-01-01 05:29:00,6919,25.288360329175614,38.68655386449222,-94.81317547034567,0
2024-01-01 05:30:00,1853,14.243456598856605,33.90403483697193,-94.63928676128998,0
2024-01-01 05:31:00,5146,128.25145988352736,30.712487379103926,-92.29202061392634,0
2024-01-01 05:32:00,4769,26.95939012397943,35.757810148254,-94.82131005914192,0
2024-01-01 05:33:00,1574,24.261547018191514,39.77051859454235,-93.94262599379489,0
2024-01-01 05:34:00,2148,92.67232044638698,39.74313687005285,-92.46671949239088,0
2024-01-01 05:35:00,7293,54.021600676992456,31.26465378162468,-98.98867995320055,1
2024-01-01 05:36:00,7457,32.280703598467014,37.7123666661785,-90.3652787647503,0
2024-01-01 05:37:00,8509,122.80881673671831,38.028330442502075,-91.53695823920552,0
2024-01-01 05:38:00,5777,31.017571549939085,33.6874478431666,-96.11227386376893,0
2024-01-01 05:39:00,4854,6.190705335031645,36.58595181188471,-92.71582410926257,0
2024-01-01 05:40:00,3491,207.10853690096098,34.88159478277222,-92.37674895591253,0
2024-01-01 05:41:00,4124,23.85048432630285,32.278930977099265,-91.49753550584343,0
2024-01-01 05:42:00,6691,26.603580743486596,37.612642812249874,-98.11683174865948,0
2024-01-01 05:43:00,4051,26.721351808439618,32.62752707812413,-92.96297247356198,0
2024-01-01 05:44:00,1004,57.95118330407634,33.40447753041659,-99.66659469473717,0
2024-01-01 05:45:00,6222,41.502660880918874,31.90018404915461,-98.84420875946118,1
2024-01-01 05:46:00,6315,146.6532728883167,37.192713037887046,-92.23933039534496,0
2024-01-01 05:47:00,5869,282.90580352752283,34.58724053830579,-91.8699699611824,0
2024-01-01 05:48:00,1876,27.682502130929908,34.43373254838933,-94.07563547875435,0
2024-01-01 05:49:00,8027,21.37009630705383,36.04562866890013,-94.18314025816103,0
2024-01-01 05:50:00,5142,32.39806261939711,31.572634472473375,-92.5048857163207,0
2024-01-01 05:51:00,7966,84.69514595349119,38.98153889625759,-90.93915177911299,0
2024-01-01 05:52:00,8079,48.60075332192352,34.65108956235931,-95.7888482913237,0
2024-01-01 05:53:00,8987,33.10182741563018,33.6652685868203,-98.85178881392652,0
2024-01-01 05:54:00,7799,14.92428128833175,31.266906089051925,-91.61000615572712,0
2024-01-01 05:55:00,5465,5.996111388482089,31.679542043674143,-96.58355854029247,0
2024-01-01 05:56:00,1635,19.99100544804725,39.2036031391386,-98.6621422678941,0
2024-01-01 05:57:00,2693,193.33334241604152,34.56617033399722,-93.85383599857168,0
2024-01-01 05:58:00,5752,84.43590898820482,37.22183919359261,-94.21916074788311,0
2024-01-01 05:59:00,9311,45.08117155836057,30.805163526585332,-95.25753793497611,0
2024-01-01 06:00:00,1830,113.27140991951667,36.434645441264834,-91.40202755752841,0
2024-01-01 06:01:00,6177,15.06112385718612,39.21519192337421,-97.27774164596632,0
2024-01-01 06:02:00,9932,57.7862033925644,32.999634508814914,-99.8676473471562,0
2024-01-01 06:03:00,9308,9.149002671166762,35.791405007134394,-96.765312810578,0
2024-01-01 06:04:00,6949,77.17063632205546,39.40219104315851,-99.90294039597872,0
2024-01-01 06:05:00,3838,70.77566139882474,37.1932255380472,-94.5640878910316,0
2024-01-01 06:06:00,2150,72.47982325439598,30.623255023840773,-96.21751707140152,0
2024-01-01 06:07:00,8560,175.49632104152153,33.78737147260439,-91.86057259142913,0
2024-01-01 06:08:00,2931,118.62826692991828,30.857727560872885,-92.02414647509183,0
2024-01-01 06:09:00,2664,16.298716863325243,38.61317596199174,-95.65361506701336,0
2024-01-01 06:10:00,2081,178.16664637057815,36.216627012036156,-97.83514726414177,0
2024-01-01 06:11:00,1512,44.280661718219356,39.56381744833886,-95.77570134057703,0
2024-01-01 06:12:00,8805,7.6129557382333815,30.19756329185807,-93.5868226745637,0
2024-01-01 06:13:00,6237,48.97178789687644,34.23087369853904,-98.09794018427093,0
2024-01-01 06:14:00,1559,104.28516210007783,31.043640995443948,-92.26953384429697,0
2024-01-01 06:15:00,4672,19.80923222570515,33.504878226199125,-96.69439789564726,0
2024-01-01 06:16:00,8404,207.02886825425543,31.61886823356587,-90.6782300508259,0
2024-01-01 06:17:00,4343,21.686358901885985,33.2879375999342,-94.88129469725392,0
2024-01-01 06:18:00,5070,33.74755743706325,38.19262004722029,-91.52873465870277,0
2024-01-01 06:19:00,1580,28.08575376305512,31.606993264827036,-93.84107419703398,0
2024-01-01 06:20:00,8004,9.885052708913909,34.736647569521885,-94.45398156221262,0
2024-01-01 06:21:00,9130,20.223926370924406,39.21583134060526,-93.17869866514887,0
2024-01-01 06:22:00,4147,26.7930009678803,39.98779287854306,-91.8850887629224,0
2024-01-01 06:23:00,5249,47.93732680337854,32.506411181750835,-93.55492495590264,1
2024-01-01 06:24:00,2679,2.7142766974646393,39.355681707661006,-92.02759312808297,0
2024-01-01 06:25:00,4506,111.78227692794277,32.61388680801026,-98.09534835540487,0
2024-01-01 06:26:00,8253,110.6833809410188,34.13528498983593,-97.224834596252,0
2024-01-01 06:27:00,3744,177.9426390072735,38.77923612233327,-97.70277178412694,0
2024-01-01 06:28:00,6188,12.284576370669635,37.86176104924248,-92.01696812185425,0
2024-01-01 06:29:00,3141,40.73829585575656,38.57487557223735,-99.13871441142925,1
2024-01-01 06:30:00,7617,139.97105064913725,38.00256679304451,-92.04136802558271,0
2024-01-01 06:31:00,3479,152.55051967240595,32.350610050100414,-96.10957700185479,0
2024-01-01 06:32:00,7484,239.59043344488617,35.58795115430602,-99.20492837982604,0
2024-01-01 06:33:00,8421,60.50433253201603,33.85250718361922,-95.75573738473538,0
2024-01-01 06:34:00,5452,51.626037196779045,34.597109684483684,-96.99497699466149,0
2024-01-01 06:35:00,6881,11.49659384161895,31.539563021236308,-94.0804781721735,1
2024-01-01 06:36:00,7665,158.36083487443892,33.15767559225171,-95.27473366906187,0
2024-01-01 06:37:00,3849,34.456089950335745,38.57647121422187,-97.0322260891165,0
2024-01-01 06:38:00,8390,56.48307170600744,38.97558409886164,-91.37734055594484,0
2024-01-01 06:39:00,7905,52.83482685275182,36.10153083899139,-95.93178575154431,1
2024-01-01 06:40:00,3489,4.979590912449522,34.98267257000753,-95.29310008198222,0
2024-01-01 06:41:00,5611,24.253095918165997,37.128396881493,-91.53371475247542,0
2024-01-01 06:42:00,3839,85.9599396786402,36.08853250222202,-99.10943391655978,0
2024-01-01 06:43:00,9527,52.00886564482427,39.836750063478135,-96.10106858222255,0
2024-01-01 06:44:00,6878,86.64531753234313,31.90088792164203,-95.97143313471611,0
2024-01-01 06:45:00,7303,119.56341981111166,34.49044726246481,-95.04174344843317,0
2024-01-01 06:46:00,1851,23.968954233555174,39.182405022855534,-98.93879407640594,1
2024-01-01 06:47:00,2687,32.61752495880407,39.14737059908524,-98.9733987875045,0
2024-01-01 06:48:00,7833,47.40903746953417,34.953468465611735,-95.83584044234084,0
2024-01-01 06:49:00,3427,118.33255869472947,31.348090020013814,-99.66970991653272,0
2024-01-01 06:50:00,5000,43.202655436265935,38.14957967492903,-97.45015640940365,0
2024-01-01 06:51:00,6052,9.197234545349716,35.851651865033475,-97.98823246228436,0
2024-01-01 06:52:00,3738,44.78248614195956,37.731660158572566,-95.10613738676425,0
2024-01-01 06:53:00,6732,113.66669648749536,34.625236314105905,-99.88840442781789,0
2024-01-01 06:54:00,6387,212.0918472973198,32.03883921936826,-93.24266549736029,0
2024-01-01 06:55:00,9002,72.28205700681221,30.23989407479521,-91.44412692869264,0
2024-01-01 06:56:00,6536,12.354289412233605,35.59138268839752,-92.93258481760695,0
2024-01-01 06:57:00,4913,36.365817515423764,31.610461788815897,-91.81921830638,0
2024-01-01 06:58:00,2066,87.7996178116578,31.871372085978216,-93.56683596201813,1
2024-01-01 06:59:00,8723,129.82855315464275,34.36305630957165,-94.92632965610858,0
2024-01-01 07:00:00,5380,90.65595136987174,34.42077073438898,-97.80978402690333,0
2024-01-01 07:01:00,5107,42.45278265450385,32.743870902057054,-97.20373652317136,0
2024-01-01 07:02:00,6726,128.83279872973395,31.319222084234685,-96.82291996280482,1
2024-01-01 07:03:00,4373,28.772926916414157,39.44952751822338,-99.61982330533516,0
2024-01-01 07:04:00,9945,65.67045132987236,31.3164061587826,-90.869112285881,0
2024-01-01 07:05:00,3082,115.55971529618402,33.5077258460113,-90.99697297366626,0
2024-01-01 07:06:00,9967,97.18688817065528,33.04867992607446,-98.92222150470045,0
2024-01-01 07:07:00,7748,99.39432010462278,38.66337896958552,-94.43306434449947,0
2024-01-01 07:08:00,1417,96.92282018738558,34.100624484785705,-95.32358705796165,0
2024-01-01 07:09:00,9306,19.130924752302864,31.240434992343644,-93.16586002958005,0
2024-01-01 07:10:00,9808,55.56522466598615,30.102610284044953,-93.96982339461665,0
2024-01-01 07:11:00,4974,21.993666852129518,37.21949603474525,-98.7567819882067,0
2024-01-01 07:12:00,4267,40.87529897840264,37.145010925678505,-93.39922355038205,0
2024-01-01 07:13:00,1825,16.9651301519011,34.17783671313228,-93.91127696043962,0
2024-01-01 07:14:00,8668,77.08947084686568,31.263080003123235,-94.68776362026195,0
2024-01-01 07:15:00,6745,7.651091005893785,33.716338125727475,-95.97593733426773,1
2024-01-01 07:16:00,1412,101.21846418262848,35.89882450917031,-90.45079005946836,0
2024-01-01 07:17:00,8543,55.44257430181429,37.03942941806841,-91.50560438688885,0
2024-01-01 07:18:00,8587,365.82667076282286,30.78239892434276,-94.1491502508008,0
2024-01-01 07:19:00,1728,44.49602449448427,35.56307470614679,-99.93622174732384,0
2024-01-01 07:20:00,8164,44.48283136942909,32.76124078448137,-95.67876757830227,0
2024-01-01 07:21:00,9867,108.04332267057515,36.17266287133643,-92.996602714499,0
2024-01-01 07:22:00,6988,47.158170687402624,36.481401228647606,-98.82705765230507,0
2024-01-01 07:23:00,3504,71.868122479677,39.106037017747184,-95.93450383428258,0
2024-01-01 07:24:00,3967,147.58437440367408,34.1037837538896,-98.08274776047362,0
2024-01-01 07:25:00,3786,41.78281632723661,35.37590660135318,-96.61857012851182,0
2024-01-01 07:26:00,2122,180.41507510693086,32.68215122760509,-99.73330795980176,0
2024-01-01 07:27:00,5079,10.18449172828818,32.86557024145127,-98.73267617735101,0
2024-01-01 07:28:00,2571,271.3690971576336,30.460337815613624,-95.4524314986074,0
2024-01-01 07:29:00,6073,9.13244921309744,32.86068942298506,-91.0181007896422,0
2024-01-01 07:30:00,6104,211.0694680377816,30.638286895906578,-95.0941837839914,0
2024-01-01 07:31:00,3143,8.444687384013646,39.6391579058583,-95.46922531292115,0
2024-01-01 07:32:00,7806,395.6714196284773,36.242632353761046,-92.12430607028512,0
2024-01-01 07:33:00,8357,64.12768754077152,31.73148561186294,-97.32169923064045,0
2024-01-01 07:34:00,4440,21.223642390937762,31.16766359820335,-99.04931250775144,0
2024-01-01 07:35:00,4766,352.52437431515943,33.70122620477544,-97.9042737966332,0
2024-01-01 07:36:00,6644,18.377552143312837,33.076473246188414,-92.08699163050717,1
2024-01-01 07:37:00,3914,43.4950057219394,32.79254780914453,-93.22952074906382,0
2024-01-01 07:38:00,5968,738.5673461529187,34.68196044931021,-99.08466817745965,0
2024-01-01 07:39:00,6917,81.0882570341419,39.12873842976464,-93.3290683971655,0
2024-01-01 07:40:00,9787,7.199310101665926,35.6805025440303,-90.68448515115625,1
2024-01-01 07:41:00,1728,41.54211710594545,35.21231504586619,-99.55045043998643,0
2024-01-01 07:42:00,2365,38.02487449282299,38.06548435161058,-93.83581904082165,0
2024-01-01 07:43:00,5492,65.92494358963783,30.04024611596889,-96.20835430217087,0
2024-01-01 07:44:00,1698,52.224776513831,31.973856691552335,-94.98968540986495,0
2024-01-01 07:45:00,8186,94.24054451372616,34.961859343888364,-94.71821184021313,0
2024-01-01 07:46:00,1395,11.845472762304505,37.05309060522067,-92.28953902532646,0
2024-01-01 07:47:00,8400,31.566516671395487,34.85028194939638,-94.42987480227062,1
2024-01-01 07:48:00,9082,74.57785639884041,31.637159813008772,-94.0691437187489,0
2024-01-01 07:49:00,5171,25.479091956359653,39.29982817661576,-96.6708815622819,0
2024-01-01 07:50:00,5360,163.35791374955613,33.286651311054456,-98.74054702215724,0
2024-01-01 07:51:00,3502,25.993932813546884,37.88215681394504,-93.17267666578168,0
2024-01-01 07:52:00,1717,63.01224605559409,38.914133345976126,-99.99517859521548,0
2024-01-01 07:53:00,3782,49.15816883359057,33.46449377688666,-96.71282830509631,0
2024-01-01 07:54:00,5946,19.792817639896683,38.45311781330105,-97.8195604557534,0
2024-01-01 07:55:00,6486,58.002783177353415,37.10773683166798,-96.11466559243873,0
2024-01-01 07:56:00,9335,14.703239521472414,39.042808366620065,-96.88731972936175,0
2024-01-01 07:57:00,5980,35.03644387125241,32.51310701722978,-92.95782920247741,0
2024-01-01 07:58:00,8266,56.2763375433538,39.312776061382756,-97.39793949413564,0
2024-01-01 07:59:00,5491,13.100649523527723,30.653064766699302,-94.39249654412538,0
2024-01-01 08:00:00,8192,101.85005074654163,37.93671285305649,-95.44229569942064,0
2024-01-01 08:01:00,6588,70.83651869588162,34.35665020701633,-91.98942494664477,0
2024-01-01 08:02:00,8651,92.94433599675014,31.778899668529608,-95.71907512137834,0
2024-01-01 08:03:00,4636,54.73312358409886,30.794029551026796,-91.36123922068437,0
2024-01-01 08:04:00,2167,17.275968274551506,33.89547513898938,-99.99854232392747,1
2024-01-01 08:05:00,2062,54.594172598380275,33.89323921726521,-93.9516364479435,0
2024-01-01 08:06:00,3156,101.80885490155157,32.29957384306985,-99.90193006465836,0
2024-01-01 08:07:00,8860,16.60479004280933,32.15515398352843,-92.86065676656526,0
2024-01-01 08:08:00,6161,17.978452966105788,33.99514298046816,-97.65077598171791,0
2024-01-01 08:09:00,6305,42.687904539311425,34.101138832051575,-96.2001874822687,0
2024-01-01 08:10:00,7541,37.66270942333734,34.423647991631924,-96.19562485726496,0
2024-01-01 08:11:00,5729,53.72272870827137,38.687593867277684,-91.53577581640108,0
2024-01-01 08:12:00,8330,40.78449783955344,36.112545064227575,-98.97907239107046,0
2024-01-01 08:13:00,6334,64.0714934984775,30.20433166071525,-93.33103046649737,0
2024-01-01 08:14:00,9924,185.27070382121235,35.190992417621835,-90.18743170805796,0
2024-01-01 08:15:00,5330,93.53992856349346,37.62451295985755,-99.7761557086239,0
2024-01-01 08:16:00,9010,57.75163463310221,30.564143066445173,-90.34105801238184,0
2024-01-01 08:17:00,7801,18.0525771513332,34.22607879274106,-99.8159527105646,0
2024-01-01 08:18:00,5846,26.52303000104913,34.51210143257567,-91.58850541540937,0
2024-01-01 08:19:00,7731,126.68886251043844,39.54020452335776,-90.3875558034089,0
2024-01-01 08:20:00,8241,34.17569114618349,34.756839537829606,-90.06972617728083,0
2024-01-01 08:21:00,1953,20.743809638784757,37.49900262662202,-95.40878659029448,0
2024-01-01 08:22:00,3539,444.98168266959067,33.02902045209053,-91.3304249374979,0
2024-01-01 08:23:00,8056,250.7507389825603,37.79306651188431,-98.77660456970395,0
2024-01-01 08:24:00,2542,48.20904123072971,33.2266236649734,-95.74615661385738,0
2024-01-01 08:25:00,6293,18.491949929377064,34.3002358734501,-96.92025023816973,0
2024-01-01 08:26:00,2191,112.54564213938806,34.79482277811698,-96.04822949392921,0
2024-01-01 08:27:00,7313,33.44599343495035,39.26362969418011,-92.98019147735607,0
2024-01-01 08:28:00,7938,132.75864266342472,30.534535478048674,-99.12519799957245,0
2024-01-01 08:29:00,3681,33.47994454431289,31.968671510108074,-90.0183603967137,0
2024-01-01 08:30:00,2540,282.9854740541309,37.05742746197504,-93.6493284096308,0
2024-01-01 08:31:00,7172,32.50059408165465,35.77577659881969,-91.26482413427738,0
2024-01-01 08:32:00,6541,580.9899649103952,32.51531390414976,-91.7030443476122,0
2024-01-01 08:33:00,2365,66.35756593047321,32.89200887491005,-92.34002455961193,0
2024-01-01 08:34:00,9691,217.9587084468732,33.6730948560868,-99.60776468875918,0
2024-01-01 08:35:00,9702,31.813783554631538,34.503469493303285,-94.8353292341646,0
2024-01-01 08:36:00,8494,14.711797868656898,38.18027323252778,-96.71851623785493,0
2024-01-01 08:37:00,5312,5.4399898531868445,30.138154764719626,-98.8706088417816,0
2024-01-01 08:38:00,2324,195.70410263478783,38.980197412134785,-96.57009793580097,1
2024-01-01 08:39:00,4141,58.440778606773314,34.130271116315285,-93.55196962691818,0
2024-01-01 08:40:00,8419,15.680604233480409,32.30497517566413,-97.69373571377855,0
2024-01-01 08:41:00,4486,204.01694438096152,35.08412699527345,-95.55404570777453,0
2024-01-01 08:42:00,2810,173.46815133789391,36.59670042699578,-95.9550575637135,0
2024-01-01 08:43:00,7588,217.54067409329332,30.447522191936034,-99.4753703719359,0
2024-01-01 08:44:00,3923,14.299348425210143,37.157773516660825,-93.719174706172,0
2024-01-01 08:45:00,6301,189.88360915231755,37.60761187583863,-93.81153097707465,0
2024-01-01 08:46:00,5186,80.16138985330214,31.661822843234194,-90.33585494752995,0
2024-01-01 08:47:00,9905,227.60758718506804,31.67881428376903,-97.01994783368522,0
2024-01-01 08:48:00,6977,93.9470348612392,32.03784554540877,-95.81048971357978,0
2024-01-01 08:49:00,5268,64.9109001652864,37.96628712067304,-95.96362377650587,0
2024-01-01 08:50:00,5748,192.47864922549616,32.720030559311894,-90.80256099014221,0
2024-01-01 08:51:00,5849,127.98325540121766,37.95935838054355,-95.91350684610728,0
2024-01-01 08:52:00,4709,161.05816914565764,35.40523858938849,-95.57235855794042,0
2024-01-01 08:53:00,7619,33.513642654546096,37.671713301718086,-97.47655465808253,0
2024-01-01 08:54:00,9647,45.95168994359129,35.53673041679611,-99.98831853575952,1
2024-01-01 08:55:00,4072,9.642557822900793,33.35768899211791,-98.89549328624632,0
2024-01-01 08:56:00,7530,31.183089071542152,39.10714142658058,-92.96110848572691,0
2024-01-01 08:57:00,1504,120.34872121702405,37.15295661857464,-93.17504406624357,0
2024-01-01 08:58:00,2214,95.98460534301628,34.840548025156714,-96.77469427155128,0
2024-01-01 08:59:00,2531,20.500881599425266,36.3742847637527,-95.26993772253024,0
2024-01-01 09:00:00,8576,196.83098576848144,36.15843355868993,-97.02621606619684,0
2024-01-01 09:01:00,1823,1067.5005767357181,33.5811621650427,-92.69083611442105,1
2024-01-01 09:02:00,1928,22.137556280512385,34.23771746779522,-91.57500649893595,0
2024-01-01 09:03:00,6029,44.439032693255704,33.182567776331204,-91.00894707344524,0
2024-01-01 09:04:00,1133,29.323949594645374,39.99518131415453,-98.2612867857888,0
2024-01-01 09:05:00,3105,49.65575245034045,35.800644539843894,-93.04983258165447,0
2024-01-01 09:06:00,4627,71.80154547053749,30.920553210974624,-90.3699532286941,0
2024-01-01 09:07:00,7316,27.18504650853441,35.19107183701635,-93.49388295868702,0
2024-01-01 09:08:00,2852,41.391692892553436,30.4996196467184,-96.4902585639889,0
2024-01-01 09:09:00,5910,59.575427488378565,32.88652048312966,-93.64053634199303,0
2024-01-01 09:10:00,5175,87.496777665684,34.459611159761835,-93.11573947679067,0
2024-01-01 09:11:00,6348,236.62885594365827,35.34270486601912,-96.02952700139605,0
2024-01-01 09:12:00,7190,53.813326520461416,39.761813997282545,-98.9600904945214,0
2024-01-01 09:13:00,2256,31.129762801411637,39.82221723804152,-93.93340132479777,0
2024-01-01 09:14:00,4376,109.54540794181476,30.980693699063544,-91.97859199483273,0
2024-01-01 09:15:00,6645,81.46495102471417,35.38132672762889,-90.02423516243941,1
2024-01-01 09:16:00,4486,45.02295199950306,38.17109395192114,-97.76941693037058,1
2024-01-01 09:17:00,4584,88.67843393200891,32.377128202527544,-92.99611025818265,0
2024-01-01 09:18:00,9053,37.22019243013255,37.505630985884714,-99.71956799833926,0
2024-01-01 09:19:00,4330,32.12440369261656,38.78619055704979,-90.3017472025219,0
2024-01-01 09:20:00,3703,8.171748046835075,36.624873960354584,-99.8743553847562,0
2024-01-01 09:21:00,9662,39.33351256814514,33.27703348845119,-96.41205038361288,0
2024-01-01 09:22:00,9120,9.369661963662566,39.23132319340573,-99.23597227023768,0
2024-01-01 09:23:00,8114,28.806358705698244,38.835200936741685,-93.79032038391931,0
2024-01-01 09:24:00,2353,97.4637716952543,37.158253187940375,-96.60500204391977,0
2024-01-01 09:25:00,6063,12.119676952046921,33.63668113437173,-92.6705606866954,0
2024-01-01 09:26:00,9549,45.157440248044594,37.918963623947995,-95.13621933331947,0
2024-01-01 09:27:00,8575,58.292513268906916,33.16108981502141,-95.80596583648035,0
2024-01-01 09:28:00,1667,43.00884514853755,32.529528513335705,-96.51483650885208,0
2024-01-01 09:29:00,5468,33.73936217297929,35.15013386911281,-99.13870832985347,0
2024-01-01 09:30:00,7819,75.5948994678241,39.97135225001251,-97.95175147320785,0
2024-01-01 09:31:00,4719,86.8427663805896,38.04321941434121,-93.60897495011514,0
2024-01-01 09:32:00,3745,54.681537441888345,37.29792732118324,-95.03248331461238,0
2024-01-01 09:33:00,8483,35.66747047410758,34.52012746693977,-99.2991054839444,0
2024-01-01 09:34:00,1539,129.6367013232273,33.11950009185816,-94.56048282360145,0
2024-01-01 09:35:00,5964,14.720777625898426,38.55900763150516,-99.45857338550917,0
2024-01-01 09:36:00,5835,108.56820125227026,35.67732779981019,-94.88273052480012,0
2024-01-01 09:37:00,4775,83.07089429246275,38.13254951121899,-90.35038553101111,0
2024-01-01 09:38:00,7042,66.62146639213849,34.87753709570978,-96.92655446269598,0
2024-01-01 09:39:00,8102,54.060538625441694,37.539574940121,-92.76496861357825,0
2024-01-01 09:40:00,8312,8.24849864274086,38.677410586716945,-92.54447959408024,0
2024-01-01 09:41:00,6320,218.62378197201932,33.9139002647,-95.9514046658886,0
2024-01-01 09:42:00,7132,126.30139177414898,30.13569569904016,-94.0670784922009,0
2024-01-01 09:43:00,8891,20.876201461146913,32.54926566020909,-95.27953909302462,0
2024-01-01 09:44:00,3779,116.60704414694034,39.149150410844086,-97.16636980289194,0
2024-01-01 09:45:00,1924,65.94622911057164,36.87542260552291,-92.4525790479946,0
2024-01-01 09:46:00,2581,30.477782347500646,37.37218716436941,-92.97173384351595,0
2024-01-01 09:47:00,8714,179.79075768184563,33.25288614265421,-90.9945113542677,0
2024-01-01 09:48:00,4324,35.486798041482075,37.01272984674995,-93.81873820340397,0
2024-01-01 09:49:00,6713,211.90257127842514,36.462821454094254,-96.11279858803805,0
2024-01-01 09:50:00,8026,93.15645252859468,31.78373663477029,-92.85992441897325,0
2024-01-01 09:51:00,1255,142.10393499123887,39.68690777430645,-93.80963770441357,0
2024-01-01 09:52:00,5804,97.42524569141695,33.5402559334774,-93.83385807199366,1
2024-01-01 09:53:00,2838,93.01221119999941,33.29286973840042,-91.50162242971778,0
2024-01-01 09:54:00,1009,67.70976654640307,33.69161544230198,-90.89531461253047,0
2024-01-01 09:55:00,3871,26.395170371542097,30.917196153207694,-98.19758335578312,0
2024-01-01 09:56:00,9989,58.12092316464681,36.24963517093216,-96.85949775782744,1
2024-01-01 09:57:00,8409,136.5090406146789,32.38624243746397,-93.49694299032458,0
2024-01-01 09:58:00,8418,112.0852465379265,38.03312756384181,-94.42778766290377,0
2024-01-01 09:59:00,6124,90.13003535728305,33.94156180133946,-93.47673830500541,0
2024-01-01 10:00:00,2015,6.7143477159598515,34.58558482290652,-95.66985400672812,0
2024-01-01 10:01:00,3193,44.11394215345321,36.46422054115559,-95.87560986283951,0
2024-01-01 10:02:00,9415,39.71427832801994,37.61871133953739,-98.82346094740265,0
2024-01-01 10:03:00,8449,18.115038179057475,32.31115304848112,-93.76351759895469,0
2024-01-01 10:04:00,5158,134.79533905502342,39.66294329718146,-98.24214347435039,0
2024-01-01 10:05:00,4925,7.204395363319433,36.22321545966681,-93.28978404362027,0
2024-01-01 10:06:00,7970,126.04459184842491,30.056386235003878,-90.32927756770019,0
2024-01-01 10:07:00,7938,206.28077978535256,34.156222099235514,-97.43587172523705,0
2024-01-01 10:08:00,5784,44.26340492477399,34.36817820630754,-98.57847694650395,1
2024-01-01 10:09:00,5000,50.68657365115013,38.09164975974397,-99.75824754719066,0
2024-01-01 10:10:00,2633,143.67578034407956,33.05139774120504,-96.21172813654661,0
2024-01-01 10:11:00,8266,25.440575156660884,33.312265162949636,-97.85388941143107,0
2024-01-01 10:12:00,9702,105.71813797388278,30.70494092852568,-95.08140576856064,0
2024-01-01 10:13:00,1384,21.806010707607296,32.83546024525815,-94.7569397200725,0
2024-01-01 10:14:00,1404,16.160307710138557,37.1696170148585,-96.50672255622898,0
2024-01-01 10:15:00,9175,73.40490262528182,36.3475691955982,-92.50093777721857,0
2024-01-01 10:16:00,3000,53.160360684403486,30.813940880078942,-90.95193329287784,0
2024-01-01 10:17:00,6989,9.766866509108315,31.14693892114783,-97.88476902206726,0
2024-01-01 10:18:00,2460,224.82244389345703,33.76925963925108,-91.63702226593874,0
2024-01-01 10:19:00,8190,36.06356087871766,37.4375776214101,-98.68812100244622,0
2024-01-01 10:20:00,8140,90.98365903599799,38.3291827812863,-97.71297815456502,1
2024-01-01 10:21:00,4636,271.83173439811117,30.146240430100175,-94.38584313766215,0
2024-01-01 10:22:00,5809,69.93766716531711,33.290105773074,-96.9341851124439,0
2024-01-01 10:23:00,5178,195.0570472671165,34.24261863628575,-99.58289209411154,0
2024-01-01 10:24:00,8245,23.033414216165564,39.11132810790457,-97.05127858290214,0
2024-01-01 10:25:00,7600,226.10180305206782,35.01406557709443,-90.95129811403098,0
2024-01-01 10:26:00,6997,23.906144167028064,32.69700765245684,-98.25776838078178,0
2024-01-01 10:27:00,3048,30.841417552366828,33.90047065163845,-92.36249120157224,0
2024-01-01 10:28:00,5780,12.747492543546873,34.364344414947475,-92.77717993995519,0
2024-01-01 10:29:00,1716,71.40904592270864,36.69995873529278,-98.93775183935757,0
2024-01-01 10:30:00,8939,102.6091914844898,30.410877829674252,-96.70557035416134,0
2024-01-01 10:31:00,6565,117.54348913371341,33.8945166302435,-98.1064371086129,1
2024-01-01 10:32:00,5544,13.045115079530916,36.46554636914451,-99.76849818806728,0
2024-01-01 10:33:00,5976,79.43795259750677,32.83322315364397,-98.26959324764104,0
2024-01-01 10:34:00,4419,82.43271361418232,35.91751006664154,-97.9842205836627,0
2024-01-01 10:35:00,8239,100.96477660964588,33.572789301040444,-98.34019752695572,0
2024-01-01 10:36:00,1249,25.210768216664995,37.58720867506776,-99.08902790562679,0
2024-01-01 10:37:00,9865,4.45798232046354,30.605976964624936,-94.736948677787,0
2024-01-01 10:38:00,1770,110.66182220159051,39.179619807013566,-96.77360958297193,0
2024-01-01 10:39:00,5363,47.18945068133724,31.716125479489754,-90.91750638591881,0
2024-01-01 10:40:00,2077,72.25785968978958,31.58547086749349,-98.12786531980562,0
2024-01-01 10:41:00,9427,49.66959440095171,38.40642944773212,-93.97137369903554,0
2024-01-01 10:42:00,9580,69.027311631473,38.692829230238885,-90.99379615734358,0
2024-01-01 10:43:00,8901,114.10502476898965,30.929733134458004,-99.52810348934118,0
2024-01-01 10:44:00,5858,8.52478915623781,39.087189280149104,-94.83722529061026,0
2024-01-01 10:45:00,7544,170.89003444808864,32.732978667289764,-95.49331187468813,0
2024-01-01 10:46:00,5719,45.50660609547617,36.186216854080556,-90.71221391922592,0
2024-01-01 10:47:00,3814,277.8480185892716,30.68593490407896,-93.36235227125638,0
2024-01-01 10:48:00,4374,34.4856944566653,33.80661101128201,-96.50838590047957,0
2024-01-01 10:49:00,2252,27.616189791931703,34.507246091045374,-92.88478781491851,0
2024-01-01 10:50:00,7996,47.07116437539061,35.998265693563106,-94.1734597928615,0
2024-01-01 10:51:00,5673,90.01596476994057,35.25271971414466,-96.52830101965195,0
2024-01-01 10:52:00,5530,41.498091919528605,34.61492961491592,-92.14751322164612,0
2024-01-01 10:53:00,7881,96.7870580608326,39.59640211765588,-93.31830240193636,0
2024-01-01 10:54:00,7949,37.07244958415399,31.85022776987759,-99.9458370165753,0
2024-01-01 10:55:00,7241,56.536826258338216,31.57994230646668,-91.34865393989013,0
2024-01-01 10:56:00,9017,511.09370495830444,37.134190609006716,-96.0290811777887,0
2024-01-01 10:57:00,7941,78.0435390208102,30.74551884870232,-93.5455239941268,0
2024-01-01 10:58:00,8002,84.5629499578342,34.82891455994277,-96.03231679028082,0
2024-01-01 10:59:00,2331,12.521285208141496,34.840531191522075,-91.186379557661,0
2024-01-01 11:00:00,5261,211.51322442103145,33.10025330959091,-93.49164553810984,0
2024-01-01 11:01:00,8648,158.61265299772836,39.304437416801974,-94.2061379089971,0
2024-01-01 11:02:00,6115,26.7237020997446,32.825434350960116,-90.19735249897452,0
2024-01-01 11:03:00,5637,155.51247202814446,32.884419522382466,-97.1935947993935,0
2024-01-01 11:04:00,5854,75.92919242153735,32.34299964223721,-99.34745709388376,0
2024-01-01 11:05:00,4177,57.19210695726249,31.45788035220563,-94.83989567093856,0
2024-01-01 11:06:00,8730,198.53306216344075,33.640110553484526,-95.7598216618406,0
2024-01-01 11:07:00,3180,32.71067335467696,36.8088726000043,-95.45709950922955,0
2024-01-01 11:08:00,5892,26.513258916044826,37.421628627707555,-93.79895161714265,0
2024-01-01 11:09:00,8043,67.19261329869808,38.13418916430681,-93.8487836339616,0
2024-01-01 11:10:00,1137,92.59441387769603,31.975438885315587,-96.07735706668468,0
2024-01-01 11:11:00,7327,143.49725221571998,30.356326882397298,-91.37122976037445,0
2024-01-01 11:12:00,4472,46.948302440718685,39.74685858488392,-93.48541490512835,0
2024-01-01 11:13:00,6449,23.341406430271864,30.143325192864285,-91.10088320891332,0
2024-01-01 11:14:00,3832,684.4172306349499,39.606788379580586,-90.86846094897554,0
2024-01-01 11:15:00,4579,18.419418087017913,38.288144187118,-98.32687924139145,0
2024-01-01 11:16:00,6971,57.6919773598328,39.120747610251364,-93.1943812610894,0
2024-01-01 11:17:00,5164,119.06928190106022,33.87185712611146,-96.82488136162357,0
2024-01-01 11:18:00,8941,172.62517319619576,31.972019988510333,-91.63570945451521,0
2024-01-01 11:19:00,6569,30.964451517547502,36.06463685175565,-92.67148420344495,0
2024-01-01 11:20:00,5300,8.373586652774929,37.41251170716487,-98.01252312474146,0
2024-01-01 11:21:00,7269,30.25721978376725,31.308610663246604,-90.61269233496779,0
2024-01-01 11:22:00,4818,129.1949508160721,37.97621514684534,-93.16520993007576,0
2024-01-01 11:23:00,2906,103.28544660995567,32.08593320012558,-90.51366896762418,0
2024-01-01 11:24:00,7254,106.71079864833071,34.9167729290846,-97.98088827806592,0
2024-01-01 11:25:00,1760,111.23711410570064,38.56482449878153,-91.30294905601366,1
2024-01-01 11:26:00,8830,208.53027461333875,31.934245110426925,-93.31927179584365,0
2024-01-01 11:27:00,8350,25.13123650557189,32.41884647982788,-94.47713406217353,0
2024-01-01 11:28:00,7238,16.4792498440306,30.627711564991916,-91.79487100138961,0
2024-01-01 11:29:00,7090,79.08160114591185,31.466141117831306,-93.67136113154291,0
2024-01-01 11:30:00,7031,19.134161743750045,31.465258197813686,-93.30399839447895,0
2024-01-01 11:31:00,8687,15.472815578527479,32.034275021541376,-97.4632941574391,0
2024-01-01 11:32:00,9472,185.6679586601335,32.86200397064984,-91.82946311368708,0
2024-01-01 11:33:00,2887,70.13064200991671,38.14983364478541,-93.49697297672685,0
2024-01-01 11:34:00,4266,56.17619828022744,39.157638641811175,-91.55610821299199,1
2024-01-01 11:35:00,1666,57.35580142885436,34.062806092289506,-96.48473034456616,0
2024-01-01 11:36:00,5188,49.100096008999486,31.282089519883108,-96.68289877594277,0
2024-01-01 11:37:00,1671,184.4245884664378,32.23809925095531,-99.76097035401536,0
2024-01-01 11:38:00,7777,12.005730708134749,37.36205976855226,-92.31394673205484,0
2024-01-01 11:39:00,8570,11.518753183363485,36.7742551921289,-96.69685612908248,0
2024-01-01 11:40:00,8956,21.40487032494677,39.672073016056906,-96.72787690294173,0
2024-01-01 11:41:00,6124,72.9053225303705,30.144886805950833,-93.1131548452523,0
2024-01-01 11:42:00,6585,332.06931919504956,37.50758760282357,-97.47131023227206,0
2024-01-01 11:43:00,5777,130.20159648713843,35.057936004529815,-90.90979513400863,0
2024-01-01 11:44:00,4900,98.73531799779023,39.026929779224595,-94.61934008744784,0
2024-01-01 11:45:00,7677,50.40715194675871,35.76166674126867,-90.30522763954637,0
2024-01-01 11:46:00,7981,14.403483484953128,34.466677244614154,-99.23331155410546,0
2024-01-01 11:47:00,7376,91.37663617697233,36.65850609492995,-96.63174632354297,0
2024-01-01 11:48:00,1523,414.04185420759205,38.33523442180997,-96.18529656585604,1
2024-01-01 11:49:00,3393,42.945949836805,32.82498550172852,-92.69579279919421,0
2024-01-01 11:50:00,3593,31.165965038706545,31.07527043784258,-97.87037742069386,0
2024-01-01 11:51:00,8240,43.153209878747305,34.330181183193204,-96.24654146617429,0
2024-01-01 11:52:00,7937,99.45956090554083,32.145198728117286,-90.89357456042409,0
2024-01-01 11:53:00,7190,61.052257957397785,34.29541175395209,-98.85449116310971,1
2024-01-01 11:54:00,6240,135.6413284453072,39.9104817279895,-92.54675999341335,0
2024-01-01 11:55:00,7493,52.80200300799609,35.741220937740216,-92.97514888372531,0
2024-01-01 11:56:00,3878,42.90500004698677,36.93600222846744,-98.69494923405891,0
2024-01-01 11:57:00,5143,68.6489598052499,36.77928422461419,-93.11509312631425,0
2024-01-01 11:58:00,4644,31.828045121124553,38.207008362860634,-94.3021621069109,0
2024-01-01 11:59:00,5432,311.3024480719155,39.441285990153794,-97.12477662855915,0
2024-01-01 12:00:00,2276,124.35176924787272,36.58818098208054,-96.88858804947446,0
2024-01-01 12:01:00,6811,18.179624111388176,34.76094644753208,-91.67007724664238,1
2024-01-01 12:02:00,1302,25.899944567852888,33.178309464179115,-97.68985013733779,0
2024-01-01 12:03:00,1638,96.09497306262804,33.60274300123867,-94.87219470572326,0
2024-01-01 12:04:00,1055,65.58306754869172,33.34480608124056,-93.18850262696803,1
2024-01-01 12:05:00,9717,73.88513882948955,33.2446549127389,-98.70098305663146,0
2024-01-01 12:06:00,9150,45.054484740308254,36.94625004382094,-90.67646128783686,1
2024-01-01 12:07:00,3125,86.07104299087823,35.87709029951864,-97.39365684971614,0
2024-01-01 12:08:00,1364,46.12680025401054,32.01995044917726,-96.81165076996781,0
2024-01-01 12:09:00,7809,95.90705480926505,39.696260191661956,-93.33884261890742,0
2024-01-01 12:10:00,5621,118.27686991103316,34.277255153543194,-99.21808352863866,0
2024-01-01 12:11:00,6126,272.25532929829075,35.66086401068078,-93.72387310081383,0
2024-01-01 12:12:00,6122,32.6322400105082,37.026009667897625,-90.8397003981425,0
2024-01-01 12:13:00,2646,53.99445565159725,36.136773766768954,-97.50909444698576,0
2024-01-01 12:14:00,1918,16.135447971903137,33.11051769095601,-96.38092273215398,0
2024-01-01 12:15:00,3797,339.08859554921236,37.97706573487377,-97.67666042478743,0
2024-01-01 12:16:00,7506,7.57241502852209,31.10153639579627,-91.81231251087065,0
2024-01-01 12:17:00,6870,293.79122279501024,35.689958347036715,-98.32392176495533,0
2024-01-01 12:18:00,2531,59.94752416514153,32.73317223014101,-96.53371764564143,0
2024-01-01 12:19:00,9172,82.96575484985824,36.15762367673018,-93.98978178574863,0
2024-01-01 12:20:00,4345,46.2624633859324,32.1799348108437,-95.95445567334001,0
2024-01-01 12:21:00,8673,56.32286936665175,37.72199655209338,-99.34530685492922,0
2024-01-01 12:22:00,7949,98.30595446606978,32.27536331265833,-90.52279332384907,0
2024-01-01 12:23:00,7882,10.626517606660041,38.90392134966832,-96.62099558241434,0
2024-01-01 12:24:00,2906,28.442194457355715,38.61554904670231,-95.54348787235222,0
2024-01-01 12:25:00,4086,23.451693650620893,33.623934520138114,-98.32454664796634,0
2024-01-01 12:26:00,9152,85.40501165315376,33.85820288874026,-91.34649760954076,0
2024-01-01 12:27:00,6750,54.83705756798278,37.0150345768749,-97.08571212135388,0
2024-01-01 12:28:00,9905,101.3009551798467,30.90373537972484,-99.80176956600538,0
2024-01-01 12:29:00,2062,64.37819598891832,30.809194121756793,-96.83597417412084,0
2024-01-01 12:30:00,2976,157.3682870688537,31.36324196833943,-90.15940315467104,0
2024-01-01 12:31:00,2296,26.042392968534084,35.62475335449852,-98.53157127185005,0
2024-01-01 12:32:00,7229,57.8674922153248,31.49002304831093,-99.68797512011473,0
2024-01-01 12:33:00,8641,165.56492500676745,32.776172817729815,-94.21824409771017,0
2024-01-01 12:34:00,1125,135.54803075420614,36.46911407540208,-96.28333453532493,0
2024-01-01 12:35:00,5632,12.433015113304283,30.156237778367156,-92.05024700789548,0
2024-01-01 12:36:00,7288,19.665959776331878,31.8023660795347,-92.68112236141275,0
2024-01-01 12:37:00,4596,50.31026145128431,39.29930662875704,-98.14580971900173,0
2024-01-01 12:38:00,7168,43.17075624535883,36.63577623408713,-94.353676948449,0
2024-01-01 12:39:00,8561,51.14032226407455,33.055511142232135,-99.67563992543916,0
2024-01-01 12:40:00,9258,121.04837998268503,30.453034240611686,-95.60521771865523,0
2024-01-01 12:41:00,1232,72.92146243923685,35.86048808412427,-92.85946778031642,0
2024-01-01 12:42:00,7371,77.29976403637865,32.22866309892441,-95.8504120791223,0
2024-01-01 12:43:00,5206,106.76322890543115,39.601754387183334,-98.82045852179839,0
2024-01-01 12:44:00,8943,159.84014229687452,36.86960954986844,-99.38466413010646,0
2024-01-01 12:45:00,7891,2.570210593471622,39.741238863461064,-91.46340550218824,0
2024-01-01 12:46:00,7738,37.090970296751536,38.48898897411567,-91.08673040050887,0
2024-01-01 12:47:00,3472,22.5792696395563,34.83027415190541,-96.56907518782201,0
2024-01-01 12:48:00,3739,87.82235982196072,36.695631476541436,-98.35827675369246,0
2024-01-01 12:49:00,6401,34.39447855640095,38.121071955393,-90.21383786875779,0
2024-01-01 12:50:00,2761,58.901209008979706,35.78178481662623,-94.5413619639879,0
2024-01-01 12:51:00,1876,128.0144408123467,30.61487500968219,-95.23344956284176,0
2024-01-01 12:52:00,4812,29.874762523677543,34.70446313873631,-92.58392252606721,0
2024-01-01 12:53:00,2460,78.47779140415501,31.305733307866397,-98.31130660578638,0
2024-01-01 12:54:00,2733,258.22410273881866,37.1484677521017,-94.20010276596089,0
2024-01-01 12:55:00,2605,125.41339740738506,36.806289156376025,-91.09837643592411,0
2024-01-01 12:56:00,6622,11.181075294838243,39.929081920521135,-99.76931514062142,0
2024-01-01 12:57:00,7767,40.78250941650001,36.28809801794108,-93.27060293147902,0
2024-01-01 12:58:00,7986,77.93041672567378,38.00137942383942,-94.48576044248594,0
2024-01-01 12:59:00,4517,94.89621836786228,32.68287850888832,-90.49199215525549,0
2024-01-01 13:00:00,4735,42.421315573882715,33.400241352959796,-97.41301490077787,0
2024-01-01 13:01:00,9434,28.795269178410624,39.17024252377837,-91.41108358073627,0
2024-01-01 13:02:00,3590,58.426113265331246,37.55192259625745,-96.91014298116716,1
2024-01-01 13:03:00,2063,18.414074599673448,36.552691747976375,-95.70136423937092,0
2024-01-01 13:04:00,5324,163.9783269003416,32.540276925830405,-97.86712435235505,0
2024-01-01 13:05:00,6342,353.78202466496174,36.98577928725165,-91.3640898421449,0
2024-01-01 13:06:00,1005,81.01983234350891,38.86763645041951,-98.0459033934639,0
2024-01-01 13:07:00,8489,43.274409101591985,32.30797654894656,-91.40987006735455,0
2024-01-01 13:08:00,9659,139.8962392926327,37.06123947915823,-95.44386617429453,1
2024-01-01 13:09:00,9195,118.1469542180074,33.936939533975085,-91.64914506183179,0
2024-01-01 13:10:00,6966,41.44881339937,31.1876741294062,-97.35511440890134,0
2024-01-01 13:11:00,9837,52.047482693295954,37.63460676533682,-98.67269858628794,1
2024-01-01 13:12:00,1117,29.67976976045148,31.671367891843364,-94.45038735040099,0
2024-01-01 13:13:00,3551,64.37239067354817,32.528962734903715,-94.90562932944283,0
2024-01-01 13:14:00,6560,73.61944138050714,37.82942040878692,-96.43392621996468,0
2024-01-01 13:15:00,5289,25.02480031451039,37.42132785624638,-93.37178581461586,0
2024-01-01 13:16:00,1846,18.64025814928479,32.54183066044395,-99.04857171242489,0
2024-01-01 13:17:00,7316,14.497621303952887,39.409646143463675,-93.7799892508487,0
2024-01-01 13:18:00,7469,82.80882705156351,32.152852250771915,-97.88243906499763,0
2024-01-01 13:19:00,9915,53.9748086038571,39.93622214964032,-98.71045443978703,0
2024-01-01 13:20:00,1224,50.22062772458125,37.37899871951439,-90.90391819874644,0
2024-01-01 13:21:00,5208,86.87983198803094,33.925076905514025,-95.40204238846165,0
2024-01-01 13:22:00,7283,22.17660765964569,31.30349206662484,-92.36583128411975,0
2024-01-01 13:23:00,3048,18.722897963837234,33.205099551596135,-99.10883071551483,0
2024-01-01 13:24:00,7233,69.48298614753517,31.93738511465049,-99.42535121993916,0
2024-01-01 13:25:00,2828,9.692196143497085,36.21839586494019,-95.05147787078936,0
2024-01-01 13:26:00,2917,42.140761084338166,33.56855153137957,-96.84448848454869,0
2024-01-01 13:27:00,5234,643.1939891395671,32.95007261243857,-99.95092707490517,0
2024-01-01 13:28:00,7988,14.17475459791389,37.57133191718372,-98.16705355101134,0
2024-01-01 13:29:00,3026,35.525744828017174,32.305994348501834,-97.81224484509542,0
2024-01-01 13:30:00,4744,6.534574253613496,35.86889317425505,-97.11493645468906,0
2024-01-01 13:31:00,1009,43.21864251133477,31.945960928235458,-91.2246442295665,0
2024-01-01 13:32:00,1260,390.1520083813151,37.147986077330955,-95.79397468868031,1
2024-01-01 13:33:00,7038,87.08785500718379,36.251214837525964,-93.20567609522914,0
2024-01-01 13:34:00,3219,29.55404706175563,37.98153515177031,-99.81603907338467,1
2024-01-01 13:35:00,8041,483.6737674557349,30.68497074762679,-91.86074322117132,0
2024-01-01 13:36:00,3060,9.560570399294571,32.101054495050214,-97.59671055803582,0
2024-01-01 13:37:00,6287,85.9652512833872,31.544603605534657,-96.90960671089566,0
2024-01-01 13:38:00,2619,58.25982729207764,31.905612402857365,-99.54743568012961,0
2024-01-01 13:39:00,9512,42.64778418329004,31.030140791380507,-95.90307094026385,0
2024-01-01 13:40:00,2342,122.37516800608148,35.62081901436073,-91.47423227259955,0
2024-01-01 13:41:00,3832,16.743675279741,35.93431407050554,-96.21265741879711,0
2024-01-01 13:42:00,3824,74.63597532066478,38.434897555940104,-90.91394729243608,0
2024-01-01 13:43:00,2994,65.73676268241212,34.17738176443763,-91.32552396807318,0
2024-01-01 13:44:00,4490,22.8508276316159,35.323847130744475,-99.38039057005675,1
2024-01-01 13:45:00,8984,383.7516430352479,39.91304059411111,-96.94728056218187,0
2024-01-01 13:46:00,2604,45.520498301986784,35.31845083359179,-90.8958269248254,0
2024-01-01 13:47:00,1235,47.52945517525828,35.735760877520164,-99.70191057525331,0
2024-01-01 13:48:00,2908,19.537248533609123,39.95917414877384,-92.3419171539124,0
2024-01-01 13:49:00,9567,46.370317657857164,39.941293814497726,-90.93572020848733,0
2024-01-01 13:50:00,4530,563.8310257183886,34.24030445597287,-92.29508601664173,0
2024-01-01 13:51:00,6256,42.405926992538625,36.34946829602964,-92.56185682994092,0
2024-01-01 13:52:00,3635,91.71646747442374,34.80802507837253,-91.5664422438285,0
2024-01-01 13:53:00,9162,141.25231114674077,37.207154516572004,-93.34210438967989,0
2024-01-01 13:54:00,3560,45.540301850335474,39.38386521133391,-95.76903811217028,0
2024-01-01 13:55:00,6415,36.24892398603252,33.096593083732735,-99.37244448664944,0
2024-01-01 13:56:00,4391,87.55471228618937,38.18875170438941,-92.12032554985554,0
2024-01-01 13:57:00,6951,42.8944150058684,36.5484893277598,-90.94746360959108,0
2024-01-01 13:58:00,6468,39.17955000842596,32.80184801274217,-94.884135384468,0
2024-01-01 13:59:00,9007,139.7548609003754,37.972996581819935,-94.6748952554421,0
2024-01-01 14:00:00,7413,50.93635504411708,34.271330191975714,-95.96713015853932,0
2024-01-01 14:01:00,7941,183.68821529624208,31.203971754812947,-91.43117389166142,0
2024-01-01 14:02:00,5820,49.80290480548281,39.934163572758095,-99.8519669603642,0
2024-01-01 14:03:00,3898,14.626053747702354,34.25646332972319,-93.75451450384814,0
2024-01-01 14:04:00,8546,1.7757176430587576,35.41552547376161,-90.92586902241263,0
2024-01-01 14:05:00,1077,8.687207603273203,38.079617307637605,-98.96777674467732,0
2024-01-01 14:06:00,8577,10.319543594494188,39.608761351199334,-90.40835462602013,0
2024-01-01 14:07:00,5227,71.2744509015936,38.728878499603155,-90.32321835964886,0
2024-01-01 14:08:00,1600,20.66966789968337,35.25053207801567,-90.70211034843845,0
2024-01-01 14:09:00,2065,7.582694594888092,35.45696075533115,-95.37453904028078,0
2024-01-01 14:10:00,3136,47.89898487123922,32.80886936609663,-96.17029996967703,0
2024-01-01 14:11:00,7943,18.50742370361831,34.628028781590835,-92.94052263477963,0
2024-01-01 14:12:00,8804,86.75596158649954,39.468388821751475,-96.81309782055908,1
2024-01-01 14:13:00,7565,84.62829333349153,37.269409439386564,-99.3165584690461,0
2024-01-01 14:14:00,6984,94.07443044379774,30.11876990741533,-90.98577836637969,0
2024-01-01 14:15:00,6142,4.2279594312573625,31.16506781822741,-93.65143940068245,0
2024-01-01 14:16:00,5670,57.13455650735039,39.23811269957855,-97.92845501708732,0
2024-01-01 14:17:00,3190,48.35635254516132,38.48719328927614,-99.81591438651715,0
2024-01-01 14:18:00,3712,16.092538546050463,34.86164465748397,-92.76484033068692,0
2024-01-01 14:19:00,3192,6.440262096249802,36.169782808672586,-91.47200077235604,0
2024-01-01 14:20:00,2248,48.97525050933138,32.89646010380725,-95.94352424351673,0
2024-01-01 14:21:00,5033,158.24050413473958,37.92830752100424,-99.19101789146855,0
2024-01-01 14:22:00,2997,4.1298554130968474,36.0331744688944,-93.5137876229965,0
2024-01-01 14:23:00,4687,23.747544296580845,36.94825705455915,-97.03070947765102,0
2024-01-01 14:24:00,5018,62.273446372586555,33.749098380089976,-98.56053275049723,0
2024-01-01 14:25:00,2970,168.16068728225315,34.304380065114806,-94.89603444793765,0
2024-01-01 14:26:00,9389,39.94999255357632,32.07682082964457,-95.18156275107742,0
2024-01-01 14:27:00,6765,376.5319665047212,39.48052542920872,-94.8322959092264,1
2024-01-01 14:28:00,2202,9.067471605575,39.465570203865745,-91.760676764408,0
2024-01-01 14:29:00,9135,7.2649548215669,38.177512472399044,-95.15454117522314,0
2024-01-01 14:30:00,6567,151.06573145177413,39.355551191991836,-90.99459420254136,0
2024-01-01 14:31:00,8667,5.2089367069203325,36.65328052580379,-91.58189380377834,0
2024-01-01 14:32:00,6742,86.62013863664826,32.346518693030745,-93.48884050716798,0
2024-01-01 14:33:00,6788,40.66905815825134,37.602105221924916,-99.43148142394693,0
2024-01-01 14:34:00,6408,22.175751065873644,33.25276209241702,-91.35055610537165,0
2024-01-01 14:35:00,9669,35.63516002208118,34.404816892984144,-90.9442797055326,0
2024-01-01 14:36:00,1922,15.043230756198133,32.743501638553695,-96.24952865489708,0
2024-01-01 14:37:00,1419,39.71249781533956,34.236219177212696,-94.73848240343392,0
2024-01-01 14:38:00,3204,55.55754521723273,36.79317365656695,-97.18979329361473,0
2024-01-01 14:39:00,2120,36.009328271875056,31.106105613050296,-99.85283665992608,0
2024-01-01 14:40:00,1950,30.418887590982248,31.052069289930163,-95.2054893868087,0
2024-01-01 14:41:00,3336,70.39603883555394,36.83770012088142,-98.70641026622368,1
2024-01-01 14:42:00,6373,287.02571062166686,37.79581166774608,-98.16675289773417,0
2024-01-01 14:43:00,3243,41.83764774856205,35.51466684712365,-95.19289188377738,0
2024-01-01 14:44:00,3645,123.96391373739783,31.816410140674655,-91.32961659019978,0
2024-01-01 14:45:00,5612,20.77650959237786,34.307568483609884,-91.55367328245717,0
2024-01-01 14:46:00,2865,14.381155434583572,37.58175522384015,-90.34931578569966,0
2024-01-01 14:47:00,7028,85.91130160340937,36.857331015525,-95.17319381476563,0
2024-01-01 14:48:00,8326,43.227006760605775,31.0986547781937,-94.47991090285538,0
2024-01-01 14:49:00,7371,168.9321815268535,39.69147180958245,-91.77883765689991,0
2024-01-01 14:50:00,7359,205.4953725532615,32.23363880886337,-93.00326589600327,0
2024-01-01 14:51:00,8863,126.35366528892354,32.20389504580454,-98.17177893097661,0
2024-01-01 14:52:00,4228,123.63804812757515,34.59857247745456,-96.01825247910044,0
2024-01-01 14:53:00,4719,1.7764853935492835,33.27243129000048,-90.7084070792351,0
2024-01-01 14:54:00,3371,85.15920457029027,39.83985988644394,-98.53872856707217,0
2024-01-01 14:55:00,3891,129.3963053460739,30.76489773254132,-97.906436259736,0
2024-01-01 14:56:00,4756,15.305578929321744,33.064391909232775,-95.99339958078941,0
2024-01-01 14:57:00,5225,55.079219947655275,33.827221604272964,-90.60125867233896,0
2024-01-01 14:58:00,1094,19.245394505798384,34.93458993721941,-98.86181858382653,0
2024-01-01 14:59:00,3674,152.55277393922742,30.164064287269486,-93.27057633306939,0
2024-01-01 15:00:00,7898,20.989072285401402,30.823621318082807,-98.67877476087935,0
2024-01-01 15:01:00,1793,24.708267224140478,32.578096427298114,-94.75498964416214,1
2024-01-01 15:02:00,3116,34.32760475842879,35.540020816855964,-94.63436486759868,1
2024-01-01 15:03:00,6779,517.7074021235923,37.67771570193472,-99.57373893465805,0
2024-01-01 15:04:00,7166,149.1082079282648,36.864953488149496,-90.45882209228427,0
2024-01-01 15:05:00,1814,273.85639383794586,35.67024912722611,-91.93377369764148,0
2024-01-01 15:06:00,1345,8.907379981348686,33.97232839727659,-96.97145798473744,0
2024-01-01 15:07:00,9554,15.343704411218534,38.70694502256154,-98.69375708190265,0
2024-01-01 15:08:00,3443,208.21675817957097,34.59772543258261,-96.54373286975951,0
2024-01-01 15:09:00,8783,9.391817690723238,32.9925280560893,-91.05723453755766,0
2024-01-01 15:10:00,1984,27.89132836291308,36.29335114852057,-98.673164031567,0
2024-01-01 15:11:00,8790,426.3844229443151,36.92114996586309,-96.50682901675223,0
2024-01-01 15:12:00,1827,20.83293753753191,33.98470244858856,-95.05695575335172,0
2024-01-01 15:13:00,4531,8.837486885708392,30.281432810459144,-99.67115683213343,0
2024-01-01 15:14:00,8147,57.252682909041,30.941315002367105,-97.31966287348699,0
2024-01-01 15:15:00,5451,9.20969769197547,38.45598891893662,-94.04366106432282,0
2024-01-01 15:16:00,4876,188.15198610936494,30.56547921185308,-96.76035418784147,0
2024-01-01 15:17:00,6959,22.31237038640458,35.92019667042132,-91.29474559646741,0
2024-01-01 15:18:00,1126,18.260878252642176,31.83709385449392,-90.63234581280784,0
2024-01-01 15:19:00,4177,56.226172574403925,32.28926291244177,-95.58457134550277,0
2024-01-01 15:20:00,9795,36.436176738419846,32.73333959736181,-94.67979524583778,0
2024-01-01 15:21:00,7024,70.27029713568692,30.382913861970206,-93.6919173168899,0
2024-01-01 15:22:00,6109,91.97386396969692,31.772352741402923,-93.3546503390521,0
2024-01-01 15:23:00,5146,43.93504338914219,36.5049998451394,-99.36742055599515,0
2024-01-01 15:24:00,8196,17.09098941806961,34.98717136208005,-99.46320569733841,0
2024-01-01 15:25:00,4368,113.35316342855003,37.97329085738936,-91.34412325752245,0
2024-01-01 15:26:00,4797,27.291906196042355,30.612421065514937,-97.80127953207311,0
2024-01-01 15:27:00,2792,22.894827816172526,38.88898296251631,-94.15894497056192,0
2024-01-01 15:28:00,6732,62.97013807166188,39.96398531899473,-93.75328185486391,0
2024-01-01 15:29:00,4476,7.9354303010546765,30.15739972248783,-98.3553572259976,0
2024-01-01 15:30:00,4417,80.71109361263649,39.676400655399334,-92.38403373230351,0
2024-01-01 15:31:00,2645,66.4043126475257,32.3586271297102,-91.34054381702329,0
2024-01-01 15:32:00,4030,167.64013699817122,36.92543138206037,-97.14622318682302,0
2024-01-01 15:33:00,3872,33.102468624930154,32.92483443104926,-91.22159819076563,0
2024-01-01 15:34:00,4072,205.37375864841698,35.21812878747521,-99.18962831235436,0
2024-01-01 15:35:00,2854,92.7254429600869,35.104185098361654,-91.99536073792763,0
2024-01-01 15:36:00,5021,53.15492833733802,33.61105479449072,-93.59888839056306,0
2024-01-01 15:37:00,5662,335.86051018488496,37.17546768288334,-94.16889210614683,0
2024-01-01 15:38:00,7514,60.05211273552878,35.99636481863314,-97.69867255175052,0
2024-01-01 15:39:00,6031,32.512761453492544,35.08277003943176,-96.38158197220015,0
2024-01-01 15:40:00,3708,61.7960837720546,39.828393119182564,-90.89695615729791,0
2024-01-01 15:41:00,8112,31.849791410823894,39.400093261873266,-95.34258913574249,0
2024-01-01 15:42:00,9393,79.33240478901283,39.554358457936615,-94.05619915637205,0
2024-01-01 15:43:00,4507,204.52439963773472,38.81323959803288,-90.64148467203978,0
2024-01-01 15:44:00,7456,54.16288891223306,32.5515533875438,-95.33511559676758,0
2024-01-01 15:45:00,5212,59.74823556443973,33.49976030978181,-96.11730761606591,0
2024-01-01 15:46:00,8970,121.2471706293052,32.31054619545508,-91.0679788895188,0
2024-01-01 15:47:00,9766,178.97390697184989,39.86176887222847,-90.89112045494389,0
2024-01-01 15:48:00,1536,34.72169593954191,31.526618697634913,-96.45361740698011,0
2024-01-01 15:49:00,2625,64.86680451625311,33.665117555589056,-94.08010317449794,0
2024-01-01 15:50:00,8973,121.78562262304784,31.990444247193565,-90.36272227166762,0
2024-01-01 15:51:00,9577,75.94066077757536,32.23453812184253,-99.44529304860603,0
2024-01-01 15:52:00,9070,8.481697140151129,32.470878848032115,-99.60197580479417,1
2024-01-01 15:53:00,9666,145.87162584884678,36.39670675559954,-94.83419491131019,0
2024-01-01 15:54:00,9609,92.10058681264235,30.760493701915276,-97.08759856373412,0
2024-01-01 15:55:00,7490,98.88412797982927,35.72529873623784,-94.1815011506585,0
2024-01-01 15:56:00,4600,16.574233196491104,38.19286236284103,-92.75704647066405,0
2024-01-01 15:57:00,7783,63.5857847219176,37.66523776604431,-99.30925662479028,0
2024-01-01 15:58:00,5971,126.89312965302243,31.511716982823256,-91.17632524197805,0
2024-01-01 15:59:00,2205,22.6332348604467,39.147317347788054,-97.23112998763044,0
2024-01-01 16:00:00,2990,29.354781618383882,37.70090381404774,-96.18652517819805,0
2024-01-01 16:01:00,6299,129.08603513240732,30.05302510932846,-96.6296324803595,0
2024-01-01 16:02:00,4572,28.019406943936016,37.37373633539586,-91.60165141910801,0
2024-01-01 16:03:00,6975,44.32244121351435,37.37421678621999,-98.29347799837899,0
2024-01-01 16:04:00,7320,19.40210064529681,34.96816080539985,-99.71326781688353,0
2024-01-01 16:05:00,5380,336.9513531692997,30.45982416006372,-90.28198388280771,0
2024-01-01 16:06:00,5757,91.8928078021052,35.79905938282349,-90.19367524778896,0
2024-01-01 16:07:00,3713,42.292299446333026,37.65746760034309,-97.42307170119814,0
2024-01-01 16:08:00,6588,35.07977696079966,32.708740553210006,-99.90647364895744,0
2024-01-01 16:09:00,1966,15.98475374243471,36.67068218251787,-93.54082897806666,0
2024-01-01 16:10:00,5944,48.90599121802611,33.539261950443816,-93.5153671723523,0
2024-01-01 16:11:00,4432,106.17175162458103,35.73854832902231,-90.5964328553428,0
2024-01-01 16:12:00,1688,24.292943147627966,33.84565749431625,-97.0152948925744,0
2024-01-01 16:13:00,5243,60.675568508222916,33.037614660177795,-98.10495822103512,0
2024-01-01 16:14:00,4701,37.81168664523229,38.55914475432044,-93.83617652816942,1
2024-01-01 16:15:00,9533,217.04743618362122,37.53838259185377,-94.3632893444157,0
2024-01-01 16:16:00,6182,28.88438784065181,33.45449133973149,-92.82263206293383,0
2024-01-01 16:17:00,7704,118.76608358233437,34.34631641615209,-91.14872596709554,0
2024-01-01 16:18:00,5422,220.08692807934182,36.91703417875346,-94.4025481252001,0
2024-01-01 16:19:00,2759,37.44485795345205,38.11078780590509,-98.49924740206208,0
2024-01-01 16:20:00,3482,30.308328791472718,36.84341262824712,-94.01871056638358,1
2024-01-01 16:21:00,9058,137.3733385694375,35.409315806826385,-96.25898432568742,1
2024-01-01 16:22:00,1951,9.196068774356833,39.54385831931272,-95.47264971390896,0
2024-01-01 16:23:00,9914,83.98134065453883,37.74143619741564,-90.40515609110834,0
2024-01-01 16:24:00,3079,11.298593027918605,31.155918603912887,-94.45052945757462,0
2024-01-01 16:25:00,3717,185.38072163358652,35.581390987920194,-98.50352841121058,0
2024-01-01 16:26:00,5524,42.4320365330456,34.09556641395652,-95.56841392875484,0
2024-01-01 16:27:00,9477,49.86014116195301,37.94935636790794,-97.71569497383837,0
2024-01-01 16:28:00,8311,26.463086261517663,30.44663033857432,-98.6451750566707,0
2024-01-01 16:29:00,8186,11.21545498782332,34.10723569962428,-92.87765887664968,0
2024-01-01 16:30:00,3065,193.61282890109604,33.18276315343486,-93.714309308611,0
2024-01-01 16:31:00,1768,46.01385246232412,31.41185984579718,-95.02211133482238,1
2024-01-01 16:32:00,6490,1351.227350205749,33.78804115319572,-95.76761704209153,0
2024-01-01 16:33:00,7645,24.28401213404381,36.72800278184479,-96.77782269179121,0
2024-01-01 16:34:00,6083,28.597115995339916,33.61677885032526,-99.11991287781498,0
2024-01-01 16:35:00,6232,22.259210662878544,35.800065753523654,-97.00730352469806,0
2024-01-01 16:36:00,6797,45.77963954210053,35.92811795939309,-91.61605377038214,0
2024-01-01 16:37:00,5926,263.80703498062206,35.87111127058033,-92.16324605412689,0
2024-01-01 16:38:00,7016,149.92532499564,35.295318839442054,-90.27682276058759,0
2024-01-01 16:39:00,4335,12.127143035664561,31.16988235682388,-93.43932887868961,0
2024-01-01 16:40:00,9038,182.0206379171425,32.18455927435326,-94.46360242431606,0
2024-01-01 16:41:00,5873,108.07130990344871,38.00067076250989,-97.0395551675713,0
2024-01-01 16:42:00,2481,88.35721211808948,35.0236548892271,-99.2313975748644,0
2024-01-01 16:43:00,7305,27.543295998772106,37.06076315836315,-93.81981661513818,0
2024-01-01 16:44:00,4451,29.668613466361215,35.699090802127614,-95.11837808324228,0
2024-01-01 16:45:00,1054,62.618905244607745,30.386902545002382,-92.4092548660239,0
2024-01-01 16:46:00,8643,31.400924588418192,37.962137690179006,-95.88142071584363,0
2024-01-01 16:47:00,4462,202.8835124594397,30.643241945290494,-90.1444864213563,0
2024-01-01 16:48:00,1832,30.085529958020594,39.43174051158573,-96.02387945136566,0
2024-01-01 16:49:00,6954,7.793075844263164,32.15376921705076,-96.6692836508842,0
2024-01-01 16:50:00,9519,14.858068583311988,35.124061434601494,-91.29013623249419,0
2024-01-01 16:51:00,8221,15.832054127719463,30.635880424657866,-96.04493576981065,0
2024-01-01 16:52:00,4310,41.957278682175684,38.94932378665821,-91.29102680879319,0
2024-01-01 16:53:00,4300,67.7663686026278,39.79940254564804,-99.7264571437615,0
2024-01-01 16:54:00,7722,57.61600747675805,31.4629250272119,-93.07406688934412,0
2024-01-01 16:55:00,8218,86.56616178462687,32.9578654249352,-99.28147126500903,0
2024-01-01 16:56:00,8776,42.424243349619076,30.158744217938477,-98.51767536915048,0
2024-01-01 16:57:00,4675,43.951774786417104,37.869654919674566,-92.99924980130409,0
2024-01-01 16:58:00,4054,314.7755906488515,33.114643326814125,-97.10276658786475,0
2024-01-01 16:59:00,8970,182.24602706112142,35.888374693418314,-97.895665987206,0
2024-01-01 17:00:00,3143,82.12976380698142,30.392185012800145,-91.98473862370656,0
2024-01-01 17:01:00,6207,136.5472181986243,37.15460266674747,-90.53753135826302,0
2024-01-01 17:02:00,3538,7.954874094956537,35.294039633567266,-97.67619351461698,0
2024-01-01 17:03:00,5547,23.985785428800614,37.24980245998835,-96.82804043764315,0
2024-01-01 17:04:00,6619,35.438418002841324,37.89564313150964,-92.85926693993589,0
2024-01-01 17:05:00,9356,24.269830553336654,30.892428661788337,-91.84707129444124,0
2024-01-01 17:06:00,7612,11.637849695700094,35.78092120793225,-90.00837699672708,0
2024-01-01 17:07:00,6005,83.14148562042462,36.499440338816214,-97.26629276746401,0
2024-01-01 17:08:00,1822,218.27325895555956,35.16718753944995,-94.4338141124648,0
2024-01-01 17:09:00,1943,53.903223267092045,31.824093982651224,-98.65981058545296,0
2024-01-01 17:10:00,7150,104.3950275657798,37.955972840577374,-96.69159894901503,0
2024-01-01 17:11:00,5425,52.32456976889426,39.97458328839598,-99.55031428775398,0
2024-01-01 17:12:00,9966,35.105618550425746,39.692702524285224,-97.8916145716365,0
2024-01-01 17:13:00,3198,136.8925838793021,37.77529564977232,-94.93455023215408,0
2024-01-01 17:14:00,5242,13.089482683874806,34.181077227864215,-98.36240877152957,0
2024-01-01 17:15:00,4695,8.470565352324414,33.37300497840022,-91.10616689827391,0
2024-01-01 17:16:00,4452,12.906101423179482,30.685457991008317,-92.89690988570352,0
2024-01-01 17:17:00,2308,128.19954281263156,34.16286303751691,-99.72263997460568,0
2024-01-01 17:18:00,5177,59.573515641911136,31.56048597731799,-91.23298444274786,0
2024-01-01 17:19:00,9705,79.5621103777554,32.54334713506029,-90.22679005804531,0
2024-01-01 17:20:00,7852,292.049408006848,38.91886773177351,-94.98138430232996,0
2024-01-01 17:21:00,7035,17.058699794102758,39.68525631511219,-96.85389322450422,0
2024-01-01 17:22:00,4594,182.02979257803636,39.4855900046576,-97.3653555059995,0
2024-01-01 17:23:00,5841,36.73300191937286,31.93355685843391,-99.12580505781452,0
2024-01-01 17:24:00,2409,31.55206772117265,39.00894208235323,-95.0839062193097,0
2024-01-01 17:25:00,5566,59.217693697028785,31.41505300900265,-99.49859977897263,0
2024-01-01 17:26:00,5491,69.25090791586133,35.076602078761496,-94.96162808672482,0
2024-01-01 17:27:00,2555,44.2324136326664,36.43663367264374,-97.47451559274907,0
2024-01-01 17:28:00,1804,100.51573687498858,34.624668731004185,-95.23568044421816,0
2024-01-01 17:29:00,2279,59.456388464162124,39.51837435416809,-95.81615873655547,0
2024-01-01 17:30:00,8083,44.73107200320415,33.33212723091605,-96.94885747995698,0
2024-01-01 17:31:00,6986,36.007090025589356,35.273776630980635,-95.51361760483327,1
2024-01-01 17:32:00,6619,69.29317841062594,30.754499354796636,-95.25966110754348,0
2024-01-01 17:33:00,2387,14.060116504052225,38.52224580078157,-91.66308238424762,1
2024-01-01 17:34:00,3679,18.644219842199576,34.13363395943945,-93.3421665656773,0
2024-01-01 17:35:00,3106,37.80910440139305,37.00532115591997,-95.66843402318648,0
2024-01-01 17:36:00,9173,94.14866351129815,36.82245631049418,-90.94758062424263,0
2024-01-01 17:37:00,5223,465.3780675443033,36.762628928342465,-92.44259223496692,0
2024-01-01 17:38:00,5831,46.55686013175253,35.06938278757441,-99.2428310289171,0
2024-01-01 17:39:00,3768,9.260598771015,32.775187905478404,-98.4625417073411,0
2024-01-01 17:40:00,4186,24.77295392100094,36.25094558561386,-99.18332116389124,0
2024-01-01 17:41:00,3573,105.51908632560387,39.61791503811218,-96.81136640221021,0
2024-01-01 17:42:00,3599,20.69139453837952,38.33949255946314,-95.64353379196827,0
2024-01-01 17:43:00,5033,14.794488934332632,31.087682315537766,-94.95754077240126,0
2024-01-01 17:44:00,9428,104.96940236197345,30.2318740158655,-91.4858780130322,0
2024-01-01 17:45:00,2304,86.91060493425373,34.989713568704346,-99.82043714216886,0
2024-01-01 17:46:00,8368,12.521651391371972,37.758293517147365,-95.71711594254876,0
2024-01-01 17:47:00,6877,22.309367433456185,33.139025531672075,-95.89001626317837,0
2024-01-01 17:48:00,2301,189.55328585027368,37.01238277904228,-90.52524063340698,0
2024-01-01 17:49:00,3541,128.10423520866078,39.319212642388095,-97.58963082375807,0
2024-01-01 17:50:00,3051,16.487928122545306,34.58984506934669,-98.77594188094531,0
2024-01-01 17:51:00,7809,7.471611048899699,32.441596562306216,-98.57739787816024,0
2024-01-01 17:52:00,9633,71.41571304993232,39.17757862080247,-94.79857276072171,0
2024-01-01 17:53:00,9996,40.60665643464237,34.72263964003715,-96.09096196494534,0
2024-01-01 17:54:00,1074,65.47981300406354,34.078393066751104,-92.4585797163601,0
2024-01-01 17:55:00,7981,102.99309465975792,33.53361571540924,-96.76817627846457,0
2024-01-01 17:56:00,6475,20.983377624616743,34.23016952438813,-98.72038247997645,0
2024-01-01 17:57:00,9232,35.44047304483774,36.73657854182358,-96.13124210278966,0
2024-01-01 17:58:00,8184,22.218859967324576,34.33719627220154,-91.16964382677445,0
2024-01-01 17:59:00,6796,23.029245853242692,33.2422388855922,-95.94473446578937,0
2024-01-01 18:00:00,8141,96.0394642876252,37.43637665559719,-91.66372277524852,0
2024-01-01 18:01:00,2622,63.0588603412646,32.029714270243964,-96.28469914146419,0
2024-01-01 18:02:00,9041,11.439339289726474,32.01933724640888,-97.18614376083545,0
2024-01-01 18:03:00,1341,112.7421825844465,36.96435536548957,-92.25137270094655,0
2024-01-01 18:04:00,3074,38.47197004749907,38.66706530189473,-97.90765472328623,0
2024-01-01 18:05:00,8992,118.0567459588813,32.41210839497129,-97.68169293830188,0
2024-01-01 18:06:00,1645,19.79168606977438,31.911249749764295,-99.50187161924033,0
2024-01-01 18:07:00,5263,21.63499151097982,36.70305881290752,-98.12154288718006,0
2024-01-01 18:08:00,9801,70.22555654350174,36.20802521773153,-96.21184606390202,0
2024-01-01 18:09:00,7136,18.23859424601212,34.47252346519612,-96.00427301285096,0
2024-01-01 18:10:00,9646,41.4761610334625,30.95860639848328,-95.79371913068427,0
2024-01-01 18:11:00,3969,16.279823803593366,30.917854309818733,-95.20307053764625,0
2024-01-01 18:12:00,4028,36.915453851201626,37.77341789044355,-94.28089384240849,0
2024-01-01 18:13:00,8643,52.886376266214334,34.517691173956855,-98.10570975404544,0
2024-01-01 18:14:00,3681,55.437592848519124,38.57967091241559,-93.86055816923934,0
2024-01-01 18:15:00,4629,37.91143299495987,35.747336515388625,-96.63445412530712,0
2024-01-01 18:16:00,5225,76.19914943181313,36.18738141217633,-92.65989264860872,0
2024-01-01 18:17:00,4067,63.29453848133196,39.341944419085536,-94.42795549813682,0
2024-01-01 18:18:00,6941,49.93056479890581,31.64615894039438,-94.45731373161894,1
2024-01-01 18:19:00,2386,29.199438139433735,35.43024229296996,-93.14513011407126,0
2024-01-01 18:20:00,3866,158.89502270004948,30.58138599966035,-96.66981009046432,0
2024-01-01 18:21:00,5788,80.34157301647836,33.58925047882119,-95.70767059438525,0
2024-01-01 18:22:00,6490,19.37320907460607,31.48098499801205,-94.17102131567118,0
2024-01-01 18:23:00,5124,104.46832085058182,31.878359622845707,-95.78444379484274,0
2024-01-01 18:24:00,9340,131.03882285303825,39.34794720060528,-95.55742525566247,0
2024-01-01 18:25:00,4850,50.321641883628686,36.10682528204881,-97.27512927210957,0
2024-01-01 18:26:00,6415,53.78059282476122,38.92158133189814,-97.12614973743425,0
2024-01-01 18:27:00,8679,6.966614070720324,34.43520184390749,-93.01042592995213,0
2024-01-01 18:28:00,7819,23.489627091515967,35.976433466633836,-99.95718857973195,0
2024-01-01 18:29:00,9378,126.9374463069785,30.320945121929263,-99.04709577791661,1
2024-01-01 18:30:00,2333,24.962552497578773,34.69502232274334,-90.51190110495494,0
2024-01-01 18:31:00,5150,46.53282966663292,35.64056673343788,-98.12981918136992,1
2024-01-01 18:32:00,7766,23.13576919544076,30.16777714265545,-95.81879108125126,0
2024-01-01 18:33:00,3711,68.77329976691726,37.894891768236405,-91.50314863876999,0
2024-01-01 18:34:00,5853,80.94278565430211,32.954229842766054,-99.99897627474154,0
2024-01-01 18:35:00,7212,83.13573734777334,34.5248707496077,-90.7482081052915,0
2024-01-01 18:36:00,8479,17.47268912378554,35.35630285304825,-99.4651137610363,0
2024-01-01 18:37:00,6408,60.74605287365006,39.921971531284335,-98.2913095047599,0
2024-01-01 18:38:00,8715,264.1639046174604,30.99184146874183,-99.7089645666759,0
2024-01-01 18:39:00,9942,115.40973837186799,35.55279562224498,-94.80479953765402,0
2024-01-01 18:40:00,2762,59.93923122663223,35.30594145800269,-90.56905689914498,0
2024-01-01 18:41:00,8101,7.917105391327792,30.689096956031822,-91.60963388405963,0
2024-01-01 18:42:00,8674,42.5484540534382,36.33938360195125,-93.60251453735322,0
2024-01-01 18:43:00,7122,283.2601067497689,32.86854433893811,-98.14511362426403,0
2024-01-01 18:44:00,1481,204.09933998193603,31.03767966164621,-91.30402901473016,0
2024-01-01 18:45:00,1153,86.61026350643311,31.786419309184527,-92.4522460886328,0
2024-01-01 18:46:00,8617,26.59357347477216,38.236032332153925,-97.33152236452517,0
2024-01-01 18:47:00,2524,57.528414010098125,31.041247624373938,-91.94910836604143,0
2024-01-01 18:48:00,3120,118.3304143910908,34.669273882403246,-91.22848661968152,0
2024-01-01 18:49:00,3343,139.84563310946479,31.952731211792212,-93.01773987570328,0
2024-01-01 18:50:00,6136,74.6358015514115,31.623198620850122,-98.99615849029472,0
2024-01-01 18:51:00,6760,128.38578581052434,32.05711759417073,-90.157531566702,0
2024-01-01 18:52:00,2240,51.485870990873906,34.9278293451962,-99.23999011034013,0
2024-01-01 18:53:00,1060,49.259061321070256,32.37788421111571,-93.45526011849766,0
2024-01-01 18:54:00,2639,34.504335341949826,30.967329503525605,-98.89474744794204,0
2024-01-01 18:55:00,7185,83.47413574928474,38.014008692471684,-90.94586641379178,0
2024-01-01 18:56:00,8970,148.46366857275075,35.398214031716854,-96.50022316577622,0
2024-01-01 18:57:00,2252,110.87948277859313,31.568536523685722,-94.88496977612195,0
2024-01-01 18:58:00,5203,16.150702039272833,34.7142984863217,-98.21238415635989,0
2024-01-01 18:59:00,9363,17.039355276975385,30.683624998729098,-94.53437810216862,1
2024-01-01 19:00:00,4549,164.62001579824738,35.80429863618758,-90.6116009476101,0
2024-01-01 19:01:00,5197,65.1422157054964,33.403048195979814,-90.98366929366843,0
2024-01-01 19:02:00,8009,67.73805616674584,31.03528529630164,-99.36104079797764,0
2024-01-01 19:03:00,7667,66.22874834384886,31.836438498683975,-96.21741493525663,0
2024-01-01 19:04:00,3322,314.7061988653088,33.457027048507264,-97.32568636957834,0
2024-01-01 19:05:00,5090,34.94289584720577,38.06407454292243,-95.18638522886911,0
2024-01-01 19:06:00,7960,166.77308828256793,31.737556962298232,-91.6627083766493,0
2024-01-01 19:07:00,4004,68.96554446652668,31.096642214927982,-92.6114821435057,0
2024-01-01 19:08:00,6136,11.017523169837244,35.15939006465684,-96.56021807836153,0
2024-01-01 19:09:00,1329,23.930354598972936,35.586969639802646,-96.17334170437803,0
2024-01-01 19:10:00,4640,29.75417375104344,30.902413176674173,-93.45745007991759,0
2024-01-01 19:11:00,8982,162.8953572301498,32.84484479207302,-98.05774831167352,0
2024-01-01 19:12:00,5107,186.2887346277884,32.62764037914254,-98.97271979855509,0
2024-01-01 19:13:00,2341,77.77762946123117,31.862216094611153,-97.57411535789078,0
2024-01-01 19:14:00,9407,32.36982689802129,33.15638127200654,-98.7596756864757,0
2024-01-01 19:15:00,1338,21.955526485809198,30.371085115382968,-96.48015756752673,0
2024-01-01 19:16:00,6895,170.30330913025057,36.51549782953478,-90.62434215940574,0
2024-01-01 19:17:00,3708,15.111372273927783,39.88487145033841,-98.79700523974832,0
2024-01-01 19:18:00,2750,49.210632887703724,36.34046767469249,-91.81677856390934,0
2024-01-01 19:19:00,6604,580.8376061643378,33.610764505437864,-94.65351968561848,0
2024-01-01 19:20:00,3421,32.46663062810121,36.67910301145677,-93.67096923499203,0
2024-01-01 19:21:00,8119,15.306870353493657,35.71515921023576,-98.29917631981918,0
2024-01-01 19:22:00,9901,9.342201907295705,38.46757930587344,-98.48626688528105,0
2024-01-01 19:23:00,6319,604.2599117433563,36.218745609820004,-98.3725632318819,0
2024-01-01 19:24:00,7609,77.37216568579257,36.340763546212486,-93.32937123608252,0
2024-01-01 19:25:00,6387,22.895133828294142,32.21664188272993,-92.52211733258271,0
2024-01-01 19:26:00,4993,45.18943772368723,34.15627238537593,-90.7975505550048,0
2024-01-01 19:27:00,9680,28.135839261423246,33.44416060255677,-96.01807647332865,0
2024-01-01 19:28:00,9044,8.469266962058448,30.11425187403751,-95.3803061589986,0
2024-01-01 19:29:00,9238,120.07510637483763,33.132807293890615,-95.30404984004187,0
2024-01-01 19:30:00,5873,56.47583357945264,34.8606212432295,-97.30102097213432,0
2024-01-01 19:31:00,5806,110.49649253816222,35.99848633210081,-96.71767345356004,0
2024-01-01 19:32:00,9592,54.95696843020287,39.34568946710455,-91.53179763923244,0
2024-01-01 19:33:00,6913,62.25539733721731,32.39113759359817,-96.56277815414079,0
2024-01-01 19:34:00,8124,5.842610018406668,31.52428991108558,-91.30903898076515,0
2024-01-01 19:35:00,4157,135.3477986783301,38.69445688998958,-96.94732288516947,1
2024-01-01 19:36:00,1390,18.387852339303162,39.41847494088448,-96.60116837457349,0
2024-01-01 19:37:00,5430,23.757931273389044,34.879542485810845,-94.39719128221088,0
2024-01-01 19:38:00,9820,32.205192441460035,31.152165612500518,-98.96873152856774,0
2024-01-01 19:39:00,8686,6.96791769463951,34.85388299276971,-90.77937732833792,0
2024-01-01 19:40:00,5232,30.491363882855307,31.09443327103269,-91.7960016136148,0
2024-01-01 19:41:00,9007,28.440548423142573,38.83185578700663,-93.29496172492422,0
2024-01-01 19:42:00,2521,37.41854851463578,37.0815010461625,-90.11874986301873,0
2024-01-01 19:43:00,2500,9.962424670268549,32.41137017710004,-99.84000638653097,0
2024-01-01 19:44:00,7737,138.06283167912108,38.86690693316787,-95.88939683567678,0
2024-01-01 19:45:00,4294,81.29272898663757,36.379017290493195,-91.41656941668326,0
2024-01-01 19:46:00,6085,23.010711033646427,39.53263336720869,-95.66982720226008,0
2024-01-01 19:47:00,3419,30.522178634927993,39.80479849010547,-99.9475866319073,0
2024-01-01 19:48:00,4042,126.23538874854066,30.03281789235718,-98.42245884404046,0
2024-01-01 19:49:00,5497,42.204420590275355,31.20214209027546,-95.65927587613248,0
2024-01-01 19:50:00,2466,15.791379198758849,35.46922330806836,-93.32052139047276,0
2024-01-01 19:51:00,4561,50.21973766073034,39.55852874467291,-98.37345731615177,0
2024-01-01 19:52:00,1614,18.396436331266393,39.942336355096955,-95.5195693970163,0
2024-01-01 19:53:00,6392,26.900014506359753,35.6740793530352,-99.87211462264456,0
2024-01-01 19:54:00,8693,51.90296413545022,31.7380148894523,-95.22499477765703,0
2024-01-01 19:55:00,4223,156.8376925055774,31.630500200087063,-91.04075523760824,0
2024-01-01 19:56:00,8138,412.9492665904489,37.638577581141384,-94.0323196847641,0
2024-01-01 19:57:00,3667,213.28208267911114,35.91937678706298,-95.59344368772831,1
2024-01-01 19:58:00,8980,50.81256981081188,35.48773898932763,-98.37740664305676,0
2024-01-01 19:59:00,1130,521.8341417027546,34.65764923300516,-97.97581436483489,1
2024-01-01 20:00:00,3983,95.4182008041914,37.251346265816814,-99.23490049929921,0
2024-01-01 20:01:00,5278,20.497674909973753,38.58054179006346,-92.575889564394,0
2024-01-01 20:02:00,8126,60.012318670452636,33.029580811956365,-99.22864722425193,0
2024-01-01 20:03:00,9230,28.306270516426597,32.20917767175891,-96.16051171265798,0
2024-01-01 20:04:00,8694,15.675423029333476,36.70199166314942,-92.50155306487245,0
2024-01-01 20:05:00,7640,16.874037912518038,39.14732424054954,-92.87177300586505,0
2024-01-01 20:06:00,6468,47.123217580413446,33.48157440144086,-94.22467833414726,0
2024-01-01 20:07:00,1920,116.07145474145628,32.72448219177415,-94.28692265873931,0
2024-01-01 20:08:00,8564,158.8885885698149,32.261146302356195,-99.09671919708094,0
2024-01-01 20:09:00,9684,15.725476171564626,32.544909076966306,-98.2508472824551,0
2024-01-01 20:10:00,9502,40.315713962473225,31.349333429603146,-94.6525554289279,0
2024-01-01 20:11:00,9930,88.81811968905447,35.96778227608353,-96.5191967174442,0
2024-01-01 20:12:00,4241,63.552008092006965,32.808260686612556,-99.81062898906661,0
2024-01-01 20:13:00,1545,109.34919299168031,36.14944361657905,-92.01833267120837,0
2024-01-01 20:14:00,5346,35.35027936779034,30.830323495125683,-93.46186732892504,0
2024-01-01 20:15:00,4810,194.983557618825,31.154567921178792,-96.74214533330904,0
2024-01-01 20:16:00,8206,54.367034036093166,35.361419277969446,-99.01794802707626,0
2024-01-01 20:17:00,3032,116.48053013346579,35.11530944476014,-94.08799239357965,1
2024-01-01 20:18:00,9436,37.30869037332857,32.71509926737889,-96.51450431433355,0
2024-01-01 20:19:00,1271,57.88110214844341,38.27130851620542,-97.44610662991857,0
2024-01-01 20:20:00,4511,11.067071285973581,31.870471648675494,-92.78530746983841,0
2024-01-01 20:21:00,2771,23.64720036094593,33.606611241831864,-96.71849938950564,0
2024-01-01 20:22:00,5361,44.36879075988204,35.55511706072402,-98.63951508403088,0
2024-01-01 20:23:00,8069,60.344001250068324,38.67211102515365,-95.18346252170406,0
2024-01-01 20:24:00,1920,797.2765052491569,34.185509751667766,-91.71534211750493,1
2024-01-01 20:25:00,9190,37.26669406218222,33.986009554409044,-91.50341215800373,0
2024-01-01 20:26:00,4430,13.781950041226171,35.795374280317944,-91.50656835199652,0
2024-01-01 20:27:00,5435,299.6109259556546,33.16695415462896,-95.79080160598518,0
2024-01-01 20:28:00,4760,160.58730499401264,37.091732531595895,-92.09065788760566,0
2024-01-01 20:29:00,3050,17.175566071320684,32.486959406670046,-91.4976923203454,0
2024-01-01 20:30:00,2165,86.94381190862926,38.23195996940212,-95.40461789807354,0
2024-01-01 20:31:00,9567,125.86456190741276,32.72353413133461,-96.81260611079621,0
2024-01-01 20:32:00,3033,64.31707277522915,39.92701162290512,-92.98035453189406,1
2024-01-01 20:33:00,7467,75.62764722737363,33.16462474327643,-90.95530727644005,1
2024-01-01 20:34:00,1145,29.0129949615432,38.78826138655198,-90.27847514875488,0
2024-01-01 20:35:00,5388,90.35888321355996,33.973559541060574,-97.09775194322845,0
2024-01-01 20:36:00,8832,33.40300013730221,32.4605484203093,-90.43828943868283,0
2024-01-01 20:37:00,9623,3.8752332490848,32.261632504603554,-95.00717753292507,0
2024-01-01 20:38:00,9896,66.4377867424733,38.50191281849878,-96.9396529569902,0
2024-01-01 20:39:00,9173,10.216976356285816,33.087529863128765,-90.1160188977647,0
2024-01-01 20:40:00,3632,150.42944397383843,33.38563008959747,-91.22192024876156,1
2024-01-01 20:41:00,5494,17.622559245162478,31.969930558389407,-93.07583410724709,0
2024-01-01 20:42:00,9056,4.697337181713322,39.613247181162166,-91.0505776987836,0
2024-01-01 20:43:00,8511,9.306460525516393,32.4474394059883,-93.18512127295084,0
2024-01-01 20:44:00,2828,52.37992156791496,32.47443618981612,-95.59596201557905,0
2024-01-01 20:45:00,5805,65.7926290960734,39.43897890254696,-90.51950442945994,0
2024-01-01 20:46:00,1806,13.294669742935417,39.00898854995183,-90.36752322283907,0
2024-01-01 20:47:00,8486,18.682957510796406,32.4891088317991,-96.85824902710262,0
2024-01-01 20:48:00,9202,54.159376270471476,38.647255695179894,-96.45604665436669,0
2024-01-01 20:49:00,2868,144.34810207871163,32.49823213086117,-96.17279559234595,0
2024-01-01 20:50:00,8878,16.279681870544394,30.844641648528743,-91.7785404828276,0
2024-01-01 20:51:00,6690,79.7722151315671,38.20361348395825,-92.08854349156897,0
2024-01-01 20:52:00,8827,9.595645204471676,37.715581578152864,-90.16884895243872,0
2024-01-01 20:53:00,6429,74.88014261173132,32.946671216914716,-95.34786322967639,1
2024-01-01 20:54:00,4564,116.25570064317938,30.901389851226092,-92.63232905932405,0
2024-01-01 20:55:00,2389,92.22272827166705,32.06438884477148,-91.43279530154526,0
2024-01-01 20:56:00,8274,147.5840406566168,37.71056570906465,-97.78769561866024,0
2024-01-01 20:57:00,1824,138.06745920411834,39.647478149424266,-93.79444572488367,0
2024-01-01 20:58:00,3265,346.1706342101341,32.59002071794492,-94.522923236028,0
2024-01-01 20:59:00,1936,60.86257288594675,38.18258801035449,-92.571729949996,0
2024-01-01 21:00:00,7402,347.1966679066358,32.27932657337154,-93.04572017382331,0
2024-01-01 21:01:00,4845,21.240312517881904,36.79600391825083,-91.87207389148362,0
2024-01-01 21:02:00,2796,44.46303884447834,30.836134690315262,-96.88854809648537,0
2024-01-01 21:03:00,9245,48.66678803757706,35.8529564038226,-97.83643608326406,0
2024-01-01 21:04:00,8214,19.24431208195181,32.691898911947185,-91.94801269092575,0
2024-01-01 21:05:00,1726,5.151774058759159,39.258459487336566,-96.3943656897277,0
2024-01-01 21:06:00,3736,130.2295108351651,32.897508887789535,-97.12426442073422,0
2024-01-01 21:07:00,2913,21.54332117192361,33.98440694862307,-96.6318147447313,0
2024-01-01 21:08:00,8657,36.56790681343129,38.40679111154581,-99.33646008948972,0
2024-01-01 21:09:00,3466,266.289820065081,34.38274582546794,-92.26855653842732,0
2024-01-01 21:10:00,8312,96.74562153879006,32.38412251794919,-92.8484034145992,0
2024-01-01 21:11:00,9194,311.1301939788113,35.47544320894297,-94.4730754617126,0
2024-01-01 21:12:00,8906,61.59194100231561,38.39991195649982,-92.8391502009279,0
2024-01-01 21:13:00,5876,95.15362847699357,34.33177612004653,-96.26866833251705,0
2024-01-01 21:14:00,8287,42.91959332364954,31.328884892048677,-97.0463092388962,0
2024-01-01 21:15:00,1892,23.36650767692695,33.83086913114517,-91.37699010651855,0
2024-01-01 21:16:00,5675,94.80223208036396,39.544751330941914,-95.77545429710794,0
2024-01-01 21:17:00,2933,35.307619488141256,30.72021620365772,-98.0408782821531,0
2024-01-01 21:18:00,2380,104.01363187197003,34.084451724480196,-92.50956084387659,0
2024-01-01 21:19:00,2290,30.862164444369853,36.480287939401656,-96.64128145713808,0
2024-01-01 21:20:00,2640,45.81523818809925,30.78517726211823,-97.88148699100273,0
2024-01-01 21:21:00,8490,49.63605548250908,33.44952547003068,-99.72785722284108,0
2024-01-01 21:22:00,2218,160.28685039782172,39.405783539402634,-90.29398241718542,0
2024-01-01 21:23:00,6016,35.71787839380965,30.306356922061433,-95.32710616052233,0
2024-01-01 21:24:00,7881,178.9291861725363,37.51741879505943,-98.38242126972061,0
2024-01-01 21:25:00,1954,22.09051342544381,38.41374966135996,-92.4218884044927,0
2024-01-01 21:26:00,8291,71.51145106770339,32.7706072541775,-91.12348871953704,1
2024-01-01 21:27:00,1974,27.45091147744065,32.147143695198125,-94.72032007401138,0
2024-01-01 21:28:00,5133,166.6250072883171,39.14820893586207,-99.71640541215457,0
2024-01-01 21:29:00,6370,24.078913631800994,37.640016954807244,-96.34857038598754,0
2024-01-01 21:30:00,4972,26.66274455971303,31.133807096070022,-97.5689836436824,0
2024-01-01 21:31:00,6295,15.54435525331357,32.12197255516403,-93.63602530144036,0
2024-01-01 21:32:00,9228,60.52403836597584,36.21355154992554,-94.81142198248297,0
2024-01-01 21:33:00,4020,98.59777592862291,34.19416928896892,-96.4426315626733,0
2024-01-01 21:34:00,9987,88.51120761301122,35.041743704379,-93.51494861928462,0
2024-01-01 21:35:00,5036,47.26462075593375,39.51542435102267,-94.15570717901599,1
2024-01-01 21:36:00,6068,28.203860576857082,34.20235463191974,-90.93509875539738,0
2024-01-01 21:37:00,6233,41.318902474416596,38.81681995814269,-94.03197047719917,0
2024-01-01 21:38:00,1317,42.92568982236579,36.60744718660573,-94.92288115288369,0
2024-01-01 21:39:00,3396,70.28865650624057,31.21619458713556,-91.76329915845938,0
2024-01-01 21:40:00,3162,65.61818123174601,37.445070366477196,-97.97580330739356,0
2024-01-01 21:41:00,3745,310.9770373557542,35.20209073956315,-97.56435382160937,0
2024-01-01 21:42:00,2591,56.80566547785949,32.25097250391988,-92.1642686489201,0
2024-01-01 21:43:00,7183,78.31984102958954,32.89549323082298,-95.57649772967662,1
2024-01-01 21:44:00,4930,58.64227227523113,35.573324247507514,-95.90764137907502,0
2024-01-01 21:45:00,2312,39.38032948689533,36.01702490145793,-91.12922045522195,1
2024-01-01 21:46:00,5311,77.79479300699727,39.6817640402948,-93.89890965706931,0
2024-01-01 21:47:00,8314,35.849850828673745,38.54720136410593,-91.97090859600182,0
2024-01-01 21:48:00,3383,51.51034950349756,32.05839286995276,-91.90161129390313,0
2024-01-01 21:49:00,4239,174.03710758804908,37.73992070567145,-98.79973341688232,0
2024-01-01 21:50:00,3139,33.60384757948783,30.082918081516457,-93.46297603530296,0
2024-01-01 21:51:00,2704,80.42651704116273,31.29808461165144,-90.47483661293919,0
2024-01-01 21:52:00,7924,4.566060953795248,31.997004160662833,-95.19972910371922,0
2024-01-01 21:53:00,1362,45.3611535160023,35.971993526591376,-92.67817574477665,0
2024-01-01 21:54:00,3604,33.37747496776456,31.946850063001868,-94.33267100055487,0
2024-01-01 21:55:00,5286,61.57527649057904,33.65272942035307,-97.95154025759028,0
2024-01-01 21:56:00,4738,43.11035500838918,32.427797821420796,-98.04806354281091,0
2024-01-01 21:57:00,3469,62.89821438039204,33.374166243799635,-95.66166834814028,0
2024-01-01 21:58:00,5795,37.387398680609834,39.424514447340655,-95.17009426190576,0
2024-01-01 21:59:00,7150,80.34538859934466,39.9737635259543,-94.9686755735353,0
2024-01-01 22:00:00,1556,9.829204434795395,36.857221062641095,-90.44999242497448,0
2024-01-01 22:01:00,3808,61.0328531901434,35.723078714556806,-98.99745455862524,0
2024-01-01 22:02:00,6150,21.38994068751832,37.084478458162835,-96.19473265702172,0
2024-01-01 22:03:00,8561,175.53993085657987,37.71652200418909,-94.8545256487898,0
2024-01-01 22:04:00,3719,21.047588944615192,37.39012743609514,-90.36887260599099,0
2024-01-01 22:05:00,7506,147.7055380389188,30.81892528200005,-94.95685182992962,0
2024-01-01 22:06:00,4741,53.97210606786087,33.10293419286774,-92.24724279879106,0
2024-01-01 22:07:00,4998,8.76912629246385,33.4343138178975,-92.50721891957781,1
2024-01-01 22:08:00,3403,22.73106862957358,33.692544741501415,-94.33555950571528,0
2024-01-01 22:09:00,9780,127.45980042879087,33.44313778651542,-98.69296898014017,0
2024-01-01 22:10:00,1294,120.42279291096358,37.87092297450327,-97.8124129004174,0
2024-01-01 22:11:00,6343,14.889395189025525,37.47604667884379,-97.59859741378499,0
2024-01-01 22:12:00,2136,260.56587951795007,30.046003028926517,-99.61340352344867,0
2024-01-01 22:13:00,3064,53.27332799065269,32.96381523494719,-96.2078199014221,0
2024-01-01 22:14:00,8009,132.2700484323896,36.23663647785325,-93.89486277623766,0
2024-01-01 22:15:00,5543,16.25106833743469,31.202656219887995,-98.5573370126102,0
2024-01-01 22:16:00,2007,34.60682731450715,30.711982944855325,-98.24963990201337,0
2024-01-01 22:17:00,6445,82.75664145056102,38.28398119498482,-92.93013671597359,0
2024-01-01 22:18:00,6352,39.918367128195435,34.52684272172069,-98.30746611187436,0
2024-01-01 22:19:00,2435,2.9423510996642332,38.556873679208536,-98.64664422381044,0
2024-01-01 22:20:00,1571,45.115129821336886,38.235527271765655,-90.22158113543571,0
2024-01-01 22:21:00,3382,7.654562349099274,38.93370522140586,-99.85264719256472,0
2024-01-01 22:22:00,6084,18.71466532364095,30.48274563560647,-96.74591830645637,0
2024-01-01 22:23:00,1277,13.4251821363251,31.861300661083845,-99.65063338609357,1
2024-01-01 22:24:00,8059,169.44958637816285,32.961431644014205,-91.61951806405415,1
2024-01-01 22:25:00,2887,231.91133106905338,31.3623038783786,-94.1646428573243,0
2024-01-01 22:26:00,2265,76.82759855233076,34.85469820785714,-99.52048147106177,0
2024-01-01 22:27:00,8491,43.37708464221724,37.98976890039059,-93.846378459728,0
2024-01-01 22:28:00,2040,56.167527054436576,39.511818108497046,-98.76903607366714,0
2024-01-01 22:29:00,9073,169.33090783794023,38.89574134476466,-95.04267392277944,0
2024-01-01 22:30:00,3752,7.5125255938236775,34.573366800158084,-93.30587085457488,1
2024-01-01 22:31:00,9213,18.63232749642066,36.36491101370952,-98.51492967165969,0
2024-01-01 22:32:00,5569,149.01431911812904,32.30696123448653,-95.0294959225403,0
2024-01-01 22:33:00,7353,183.51033328664118,34.0300899993192,-95.42589070922955,0
2024-01-01 22:34:00,3353,98.4669835904331,38.71182595420003,-90.84249523076721,0
2024-01-01 22:35:00,8437,19.202268712225134,30.291975220194807,-90.04298605424695,1
2024-01-01 22:36:00,5799,146.87016733021233,35.327592726434744,-93.45525553368265,0
2024-01-01 22:37:00,1686,213.02993404948828,38.72798297899021,-91.45140844379573,0
2024-01-01 22:38:00,9476,111.97215983614728,31.220098738507605,-93.53118042563067,0
2024-01-01 22:39:00,5811,4.508616559132935,39.82546201951122,-91.23713744569014,0
2024-01-01 22:40:00,9954,61.842746043708445,30.12391463981169,-95.66727948101702,0
2024-01-01 22:41:00,6346,98.0267170320558,38.86120011463164,-93.92010142166365,0
2024-01-01 22:42:00,6043,32.602294511289806,33.53672574394967,-91.54830476846553,1
2024-01-01 22:43:00,3428,65.8037563506398,31.32690581677763,-90.81914279779082,0
2024-01-01 22:44:00,6126,32.672731751921276,31.57358175254535,-99.75317266682816,0
2024-01-01 22:45:00,9220,23.06708256605455,37.01178718354271,-98.96047307712456,0
2024-01-01 22:46:00,8813,247.29719136210596,38.70719676655944,-90.68827938661873,0
2024-01-01 22:47:00,4356,67.69881460599223,36.41066353806788,-94.31491230265469,0
2024-01-01 22:48:00,9707,18.065794682985405,39.28724971360753,-90.09807906066138,0
2024-01-01 22:49:00,8266,13.782504093120327,38.42478795056899,-92.07366957283114,0
2024-01-01 22:50:00,7540,23.081187566212627,30.090318069406504,-91.81859816256855,0
2024-01-01 22:51:00,1038,23.206365713592206,36.694296644301346,-96.13877492348993,1
2024-01-01 22:52:00,4342,63.21428335188357,33.046346887142924,-97.42458612165001,0
2024-01-01 22:53:00,3844,88.72633298391523,34.5450001172041,-94.0174082601812,0
2024-01-01 22:54:00,2098,88.6314578942739,30.940307481342266,-91.20967901365,0
2024-01-01 22:55:00,8027,25.78745189211851,32.820991618716505,-92.74301491291686,0
2024-01-01 22:56:00,2823,137.08904998819568,36.32685967432508,-95.27824859826055,0
2024-01-01 22:57:00,4155,186.390570800257,32.18382130256324,-92.46799523958961,1
2024-01-01 22:58:00,4093,42.09953236810386,36.47536668271193,-93.09602376792405,0
2024-01-01 22:59:00,6658,19.45159754882767,39.23032170796672,-90.8694857509507,0
2024-01-01 23:00:00,4778,60.35733701430202,30.049403050049573,-97.36442776868496,0
2024-01-01 23:01:00,3896,473.46417418482486,37.85770719729858,-98.8068854074299,0
2024-01-01 23:02:00,1988,18.948076683903793,36.41318880163188,-95.29948837027736,0
2024-01-01 23:03:00,5116,32.260278222282565,30.46632762733792,-96.38919189137849,0
2024-01-01 23:04:00,7446,57.82574318209189,37.901671372452206,-90.25138852933021,0
2024-01-01 23:05:00,5179,93.84683369363258,32.24521035137131,-99.92495812333746,0
2024-01-01 23:06:00,2682,7.496378269272408,32.65820540722625,-90.66616938020204,0
2024-01-01 23:07:00,6626,201.5198110258813,30.935156824693735,-90.44920777500036,0
2024-01-01 23:08:00,8424,198.79853971180188,35.343798153432594,-99.49041623231544,0
2024-01-01 23:09:00,1933,35.70198748944699,34.982237402682266,-91.10430148854333,0
2024-01-01 23:10:00,4598,817.8003969616232,33.47174506336289,-95.29221160368557,0
2024-01-01 23:11:00,2980,186.36467694499638,31.687538077667732,-92.33849263546134,0
2024-01-01 23:12:00,4056,176.699391033223,38.37953554499066,-99.20744468865053,0
2024-01-01 23:13:00,9984,179.02996423300166,38.76378430067672,-90.44794405881919,0
2024-01-01 23:14:00,1791,173.94098216305724,35.40579610713672,-93.92451524945936,1
2024-01-01 23:15:00,6390,53.41494158110779,32.44225333599378,-91.01305696680456,0
2024-01-01 23:16:00,7635,48.37775036707788,30.96110065698684,-93.27036905790052,0
2024-01-01 23:17:00,3255,21.25155209100429,38.68544167491562,-94.63189705943591,0
2024-01-01 23:18:00,4610,30.649864140746118,30.960527195895544,-98.27504315673568,0
2024-01-01 23:19:00,2607,40.00891553745926,30.131800377494514,-98.220458697912,0
2024-01-01 23:20:00,6179,58.29171947149273,34.693975773386384,-95.27429708046971,0
2024-01-01 23:21:00,7573,269.96600603654514,37.312710219793345,-91.29557784358623,0
2024-01-01 23:22:00,1984,6.669235119230591,34.57537004477041,-98.84781322118144,0
2024-01-01 23:23:00,6776,209.54411208532437,30.51410606986536,-90.01614850374256,0
2024-01-01 23:24:00,4676,19.84841234815673,36.90029113421823,-91.24087743498501,0
2024-01-01 23:25:00,4380,49.17966163136248,36.42332620557851,-96.07441229335346,0
2024-01-01 23:26:00,9711,26.45915289273325,36.81529731124555,-97.46881669242235,0
2024-01-01 23:27:00,9782,348.7226508175438,32.112024913490494,-90.78003904834345,0
2024-01-01 23:28:00,2050,33.116850421769826,37.95698409145199,-98.76788380763364,0
2024-01-01 23:29:00,4633,91.96866549873421,34.791682117481336,-96.52710064580836,0
2024-01-01 23:30:00,7342,96.86000400042961,35.3635281059044,-99.16087651506007,0
2024-01-01 23:31:00,1959,17.115650004054963,35.45830009654249,-90.4653772026879,0
2024-01-01 23:32:00,7059,49.56225954645384,32.86806437071201,-93.82377051324613,0
2024-01-01 23:33:00,9884,182.0581721322208,32.501341043370424,-96.63820355326561,0
2024-01-01 23:34:00,6655,22.800106093129823,30.047661304815364,-97.24516834629605,0
2024-01-01 23:35:00,5473,125.08151058672638,33.966103420554006,-95.55905706456976,0
2024-01-01 23:36:00,3946,39.20953781072541,34.851029839390655,-99.08621522992729,0
2024-01-01 23:37:00,8725,174.80202066737075,37.428037456552985,-91.10651069767918,0
2024-01-01 23:38:00,1526,313.40520623378495,30.666269609443,-94.89059623049273,1
2024-01-01 23:39:00,4224,7.331353128802558,39.23989412398711,-92.74901875316695,0
2024-01-01 23:40:00,2875,14.322975265536563,32.639584682470414,-97.66254158305568,0
2024-01-01 23:41:00,2763,35.215642963905545,33.667206901282476,-94.96250739123312,1
2024-01-01 23:42:00,9712,236.37615679032578,30.483624655952617,-97.88913863673044,0
2024-01-01 23:43:00,6797,92.98759104880008,36.531364108181236,-91.83905385379403,0
2024-01-01 23:44:00,8099,15.724946510596917,37.089227973898666,-92.24724990158961,0
2024-01-01 23:45:00,6109,107.6537787570181,39.287912172897656,-98.517976758036,0
2024-01-01 23:46:00,7644,21.895152546167914,33.36829003315229,-99.25493099263933,0
2024-01-01 23:47:00,1116,130.39025749181513,32.57368729878233,-91.7580326344528,0
2024-01-01 23:48:00,3433,93.5938800583554,37.260865035708704,-98.90352095260737,0
2024-01-01 23:49:00,6463,21.799525109179285,37.068008884429275,-94.51516019314664,0
2024-01-01 23:50:00,1583,51.1133423811847,39.37124057853387,-94.65512702068592,0
2024-01-01 23:51:00,9586,185.80240337747236,32.05318624233284,-97.97055931867844,0
2024-01-01 23:52:00,4788,8.231454189614121,37.05292622694535,-94.08643534115217,0
2024-01-01 23:53:00,5167,73.78155787747188,30.668685771893543,-94.97244792535396,0
2024-01-01 23:54:00,9465,18.049187648022055,34.803681067572185,-94.90810777626861,0
2024-01-01 23:55:00,2389,53.72145148545422,31.193907772657084,-96.40300023575331,0
2024-01-01 23:56:00,9357,86.29418692145985,36.531459880944716,-91.61571443074833,0
2024-01-01 23:57:00,7154,408.77667250947786,36.01466761691686,-99.1562943713175,0
2024-01-01 23:58:00,6420,53.18105474785864,30.488329336297287,-95.6137695215133,0
2024-01-01 23:59:00,9920,236.40008834032855,33.19617822584756,-97.4018364183548,0
2024-01-02 00:00:00,3043,23.558856295017957,33.95033632276753,-91.51566748037818,0
2024-01-02 00:01:00,5197,33.28077613404389,32.48060269512965,-97.74919515947447,0
2024-01-02 00:02:00,4496,98.20514389866621,30.3867004401881,-92.329751764342,1
2024-01-02 00:03:00,1778,66.80387236557463,33.188218961060585,-93.88484677607798,0
2024-01-02 00:04:00,1213,39.31401685144222,37.92624901450829,-91.25209744619971,0
2024-01-02 00:05:00,4762,38.26308350913473,33.60109088591643,-94.06206057078923,0
2024-01-02 00:06:00,7731,207.11921718630646,33.233697552343536,-94.43515633596486,0
2024-01-02 00:07:00,4117,40.917499368828125,39.41753137911584,-91.98870060418487,0
2024-01-02 00:08:00,6791,19.671102473082133,30.416307187145012,-94.3751353350177,0
2024-01-02 00:09:00,9783,23.222563617260626,37.67288195641983,-91.55457941019962,0
2024-01-02 00:10:00,3720,106.68719435429506,34.8309359831435,-99.50681970190882,0
2024-01-02 00:11:00,9905,521.4025807867724,39.44462507510541,-95.04850146339476,1
2024-01-02 00:12:00,7047,32.330702375737445,33.93470744163392,-91.87308486622257,0
2024-01-02 00:13:00,9032,468.0735891625464,37.080423370055215,-91.51634853084465,0
2024-01-02 00:14:00,1001,54.009460865979534,30.699353643905148,-91.65944622590632,0
2024-01-02 00:15:00,7368,41.272143052219796,39.28772425583881,-93.95618680388436,0
2024-01-02 00:16:00,2949,21.970989594405367,33.44542666798593,-90.06028657859898,0
2024-01-02 00:17:00,7732,44.79005820606003,35.240045757842864,-98.18613692194319,0
2024-01-02 00:18:00,8833,25.632455970729918,31.38481608762967,-98.25542420612466,0
2024-01-02 00:19:00,1917,23.656056619264056,39.45557871220241,-99.67177325475491,0
2024-01-02 00:20:00,4174,10.464093524296176,36.72970403929894,-90.10662823744377,0
2024-01-02 00:21:00,8014,319.29539730096474,30.53947476836112,-96.51979492444329,0
2024-01-02 00:22:00,1089,158.28321707634544,31.552067791792833,-92.3794582046123,0
2024-01-02 00:23:00,2709,71.63618816781789,33.9983399764265,-99.40289687224521,0
2024-01-02 00:24:00,4041,47.27511458393168,32.16771012384272,-97.01311893670044,0
2024-01-02 00:25:00,1105,54.29432460504157,33.0462556951633,-93.76152658605099,0
2024-01-02 00:26:00,9619,25.105603572149587,39.974911608761765,-94.75219903900735,0
2024-01-02 00:27:00,2895,17.569219870954495,36.586486971498026,-97.92251760304114,0
2024-01-02 00:28:00,7090,111.87857296819402,39.22217602314452,-95.38407087207823,0
2024-01-02 00:29:00,9508,42.00452308175696,34.35798374854329,-98.91218008128153,0
2024-01-02 00:30:00,7082,75.62112784789946,37.10282284490568,-94.57296527750496,0
2024-01-02 00:31:00,1634,10.35594795592355,34.59690292161289,-99.0305855694493,0
2024-01-02 00:32:00,2925,39.828040445334324,33.28224542855024,-93.64064542440488,0
2024-01-02 00:33:00,3056,17.229795739952127,35.19173146501056,-98.44642421919788,0
2024-01-02 00:34:00,7917,88.59325733000323,34.27311041787487,-94.52914107732042,0
2024-01-02 00:35:00,4144,147.71398239278352,39.80540648680694,-98.7087932017678,0
2024-01-02 00:36:00,1552,235.0267621651129,34.96166405216401,-95.99289566328466,0
2024-01-02 00:37:00,9907,29.10821006065719,38.11113132898795,-96.4816845521354,0
2024-01-02 00:38:00,6383,17.674110902432464,36.668194682958486,-92.43589300166981,0
2024-01-02 00:39:00,4911,35.92402860338379,34.79627237217422,-93.58838355385738,0
2024-01-02 00:40:00,4389,27.13127381909159,34.74150072466336,-90.62911179597009,0
2024-01-02 00:41:00,9442,84.03499978301386,33.41890117062037,-90.78089348048135,0
2024-01-02 00:42:00,3430,13.426330046788951,31.069818076320562,-92.75003971438638,0
2024-01-02 00:43:00,1458,9.446128147622671,37.614693289373164,-92.29414259410208,0
2024-01-02 00:44:00,1207,38.611559580767185,39.18094793200539,-93.75087583422915,0
2024-01-02 00:45:00,1899,112.90040567795475,32.179548546601175,-93.0833676925528,0
2024-01-02 00:46:00,1021,19.541556663242158,39.256734939291974,-93.82777631366571,0
2024-01-02 00:47:00,9601,127.62717208387507,32.32304218058278,-96.88234968698609,0
2024-01-02 00:48:00,1894,78.6759670063835,35.30079101983775,-96.49310417461962,0
2024-01-02 00:49:00,1514,256.4145797525598,33.43621996127138,-94.25266172030378,0
2024-01-02 00:50:00,8294,24.477279833632654,31.145087859122583,-92.79823072605184,0
2024-01-02 00:51:00,5904,10.952066207416587,30.528383749555474,-95.93880954034223,0
2024-01-02 00:52:00,8867,99.33934937836733,33.653465321442276,-98.57332199173246,1
2024-01-02 00:53:00,5109,72.23137713456224,30.4734386454944,-95.40582831647393,0
2024-01-02 00:54:00,8179,66.85312221168176,31.042064375378512,-90.36812179464944,0
2024-01-02 00:55:00,2560,19.147502622137452,31.42297578797984,-97.85913132082626,0
2024-01-02 00:56:00,2266,118.52816448639838,30.01915706178999,-93.50930913039205,1
2024-01-02 00:57:00,4638,28.979080074419844,31.532522158436535,-90.17458201836337,1
2024-01-02 00:58:00,9941,66.82387846215808,35.772786803783745,-96.2376228053937,0
2024-01-02 00:59:00,4427,34.481808263213416,38.195231220959364,-91.12116391158398,0
2024-01-02 01:00:00,5780,77.81868662177048,31.9342995940807,-91.35991282823979,0
2024-01-02 01:01:00,2927,16.524920067896797,30.808726038475,-96.60955040974797,0
2024-01-02 01:02:00,3356,89.98817809891324,37.29514198435872,-99.01482674884227,0
2024-01-02 01:03:00,5790,105.38172769215915,30.08162711457216,-98.21460845433215,0
2024-01-02 01:04:00,1306,61.312157935887335,37.34162102036381,-96.34250821898544,0
2024-01-02 01:05:00,8979,282.56164105280556,31.311172358668813,-90.40865691054726,0
2024-01-02 01:06:00,4665,67.1655401630772,32.28285062119404,-97.25549854951903,0
2024-01-02 01:07:00,8057,136.83198140099447,31.200699108880297,-90.73135254072834,0
2024-01-02 01:08:00,1661,59.88444555128039,32.47338157051394,-98.18635314382885,0
2024-01-02 01:09:00,5644,125.1357144581769,37.98175938461795,-90.30187574308798,0
2024-01-02 01:10:00,9503,11.783446226032813,31.325441051250756,-97.06395464602002,0
2024-01-02 01:11:00,3920,56.42683241309201,39.94165632293534,-93.66907736558794,1
2024-01-02 01:12:00,9946,17.69115217005917,33.27097776097792,-99.30308775529467,0
2024-01-02 01:13:00,7236,62.829656270383275,39.21968125508329,-97.00335828812685,1
2024-01-02 01:14:00,7078,80.17347383776945,31.900330798355466,-97.89289593621616,0
2024-01-02 01:15:00,1352,122.42487946744053,31.878975199444017,-99.96583331316108,0
2024-01-02 01:16:00,8005,89.11341875121013,35.65335683043074,-98.43230212282675,0
2024-01-02 01:17:00,1158,38.98383352626507,30.506000849046778,-94.06896350162809,0
2024-01-02 01:18:00,1956,25.69777755336727,38.010028976355926,-96.10079826795341,0
2024-01-02 01:19:00,3071,5.246055706592205,34.39615250668054,-92.77429018628565,0
2024-01-02 01:20:00,9595,58.4898115686632,36.99196473352855,-93.28925399692993,0
2024-01-02 01:21:00,4453,170.3511192375975,31.746322034960194,-92.00700490992081,0
2024-01-02 01:22:00,7675,60.84888324325978,36.4235735078619,-91.32974976967371,0
2024-01-02 01:23:00,1955,50.16152551154486,35.94070654351694,-91.80174496876339,0
2024-01-02 01:24:00,7295,62.99512160483496,37.55661251917944,-95.51939160281616,0
2024-01-02 01:25:00,2712,37.050824309233334,32.97401292650971,-96.91272269634493,0
2024-01-02 01:26:00,5703,66.35160071719477,39.33165574971509,-94.97697537031529,1
2024-01-02 01:27:00,7563,36.41702331066144,39.61301069395732,-94.64871493361957,0
2024-01-02 01:28:00,6631,22.222795824438407,38.68123611221355,-96.86825483058111,0
2024-01-02 01:29:00,2394,50.63795557899183,35.72033766160542,-94.59993454860232,0
2024-01-02 01:30:00,5732,49.545778450936055,34.20288270661351,-98.94220347835369,0
2024-01-02 01:31:00,4714,356.085221032323,30.57992418569955,-97.68958204984712,0
2024-01-02 01:32:00,1529,24.39333665265487,39.4722780146099,-92.53951913109444,0
2024-01-02 01:33:00,3958,46.55145667744403,39.51781343698367,-98.1716777167626,0
2024-01-02 01:34:00,8904,42.23860754926931,30.18688454979684,-98.609621517566,0
2024-01-02 01:35:00,4591,34.89407930584206,33.5688754664072,-97.12656808679236,0
2024-01-02 01:36:00,7895,91.20459130837145,38.80036368258262,-96.28950883238747,0
2024-01-02 01:37:00,1525,511.81489057624,30.808520330396185,-96.71451315551785,1
2024-01-02 01:38:00,7477,39.613612267763244,31.965663767102075,-96.25394615135595,0
2024-01-02 01:39:00,1001,91.45933905660367,39.78677316819591,-98.60087657102392,0
2024-01-02 01:40:00,1374,8.065760544999018,38.47288812120348,-98.34604842025713,0
2024-01-02 01:41:00,5648,36.83581000617962,39.12063494083763,-97.64165020402426,0
2024-01-02 01:42:00,3365,258.5893131295991,31.42154418655317,-95.98007982546687,0
2024-01-02 01:43:00,2525,51.67735131685108,32.11315958966845,-96.64100898381564,0
2024-01-02 01:44:00,2646,90.22801938326842,36.05416584351749,-92.0866506857339,0
2024-01-02 01:45:00,1013,29.290079171889943,35.017382210026994,-94.74482086736924,0
2024-01-02 01:46:00,5599,70.63721935074184,32.98503390547049,-94.24298972953865,0
2024-01-02 01:47:00,3278,279.4368273365911,38.83846299737246,-94.394070655961,0
2024-01-02 01:48:00,4155,17.114345633299532,39.013886155355735,-96.01224941437704,0
2024-01-02 01:49:00,9321,486.1622933916483,32.916840101466114,-90.19516701213567,0
2024-01-02 01:50:00,4814,11.635442386837083,31.5575314059194,-99.62671222854506,0
2024-01-02 01:51:00,4216,33.599062221810165,31.490924207703134,-97.84162221890223,0
2024-01-02 01:52:00,9219,23.6670270381276,34.84425195391939,-97.15345301344927,0
2024-01-02 01:53:00,3113,41.576662748616855,31.329184954013527,-91.1870193332849,0
2024-01-02 01:54:00,5356,23.361681202978,34.73340222095225,-90.81130864195845,0
2024-01-02 01:55:00,6543,21.655952014581192,34.61934072859857,-91.53896180185603,0
2024-01-02 01:56:00,5555,16.664044835047378,38.84110213205657,-95.83049018926312,0
2024-01-02 01:57:00,8062,103.96492977355454,32.96210439800037,-90.85376110259823,0
2024-01-02 01:58:00,4374,43.03621644269362,35.606524586409776,-99.01491903778106,0
2024-01-02 01:59:00,7430,33.131668600963565,37.43499864284097,-93.47565299717695,0
2024-01-02 02:00:00,4466,72.4036643429191,35.959147950499066,-90.62776222418475,0
2024-01-02 02:01:00,4081,12.248022420646619,39.54067844980137,-92.45100159927898,0
2024-01-02 02:02:00,1629,74.17094850818498,36.0227748049977,-97.22132831397764,0
2024-01-02 02:03:00,1269,49.711216859629324,39.01862178470112,-92.82494182232016,0
2024-01-02 02:04:00,6724,51.26263734537013,32.45056389253743,-97.05236630437336,0
2024-01-02 02:05:00,6897,91.75910792149209,35.60752772779436,-98.88417885789929,0
2024-01-02 02:06:00,4432,282.45634531679974,35.43305926566654,-92.8277846616624,0
2024-01-02 02:07:00,7276,75.41262806470968,39.894521101400834,-98.20773356286054,0
2024-01-02 02:08:00,6895,44.70679449507006,32.045063133991235,-98.88935061184308,0
2024-01-02 02:09:00,8115,16.732544783448414,31.409933983659776,-94.48239945351514,0
2024-01-02 02:10:00,7656,4.998720973279455,36.116720776304206,-93.79374741069147,1
2024-01-02 02:11:00,1575,62.04650392302811,32.23692143332063,-99.48943715543575,0
2024-01-02 02:12:00,8029,15.492664592652183,36.3915534565029,-99.95531112000863,0
2024-01-02 02:13:00,7099,4.3048252544191,39.72489088519551,-91.17929669606848,1
2024-01-02 02:14:00,4192,38.44119138164217,39.465059953974574,-98.84747439036957,1
2024-01-02 02:15:00,4178,69.37188955109103,32.311030246439984,-94.16101947200345,0
2024-01-02 02:16:00,7052,114.92776683471187,31.70896348212149,-90.46453752579109,0
2024-01-02 02:17:00,3734,157.7877402356819,35.60739287162546,-94.8808988408958,0
2024-01-02 02:18:00,7116,131.06746145605172,35.8677728822315,-98.6020199082229,0
2024-01-02 02:19:00,4568,134.63602544837025,36.6225007138065,-96.06515496777885,0
2024-01-02 02:20:00,3203,12.577757640501053,37.41490925986808,-93.75957852155517,0
2024-01-02 02:21:00,2390,47.01206931090677,36.00957310672004,-92.37160362930794,0
2024-01-02 02:22:00,2742,97.49836090138186,31.117530037196627,-93.93062005429469,0
2024-01-02 02:23:00,2925,57.18974591786615,37.90157970569448,-99.65684265498302,0
2024-01-02 02:24:00,1619,46.75170489525766,30.79517184524626,-98.56897134735057,0
2024-01-02 02:25:00,2274,56.15355658220266,30.19992686217192,-96.28198311205007,0
2024-01-02 02:26:00,1956,69.79301954223851,37.696581966118764,-92.94286314674021,0
2024-01-02 02:27:00,2939,50.55724681629665,35.48357424435676,-94.15672025052795,0
2024-01-02 02:28:00,4953,23.423051459922824,36.985914185865234,-99.55305016402949,0
2024-01-02 02:29:00,1968,9.946054032486291,33.82747324207599,-92.03114092396112,0
2024-01-02 02:30:00,1281,44.521527601852824,30.110924935244924,-93.94875568644235,0
2024-01-02 02:31:00,7262,57.82855901782876,33.31015349131025,-91.12849964499078,0
2024-01-02 02:32:00,2058,57.201469091624155,36.08135232923143,-95.82346901234922,0
2024-01-02 02:33:00,5293,141.58794784981183,32.257030704701094,-95.09798219162452,0
2024-01-02 02:34:00,6178,169.119624368154,36.87804333632931,-95.9444923036459,0
2024-01-02 02:35:00,7980,49.20411195025981,37.94401009891945,-92.77545470490982,0
2024-01-02 02:36:00,2229,49.55757690938277,34.54266998365559,-92.47869144138433,0
2024-01-02 02:37:00,5585,96.84663061976516,38.757212980691676,-92.7675760595209,0
2024-01-02 02:38:00,9467,83.64221690402815,38.54816564569118,-97.08400700145663,0
2024-01-02 02:39:00,3740,35.073357553727064,38.780579527918334,-93.63968462956846,0
2024-01-02 02:40:00,3289,105.53195901967118,36.61037032656835,-96.61471833856156,0
2024-01-02 02:41:00,2239,47.16375009447748,33.0478899967358,-91.65799588135616,0
2024-01-02 02:42:00,6370,48.17736289713935,34.81251282371572,-99.44883837708727,0
2024-01-02 02:43:00,1125,84.23527656505762,37.10510649531091,-99.62279247307558,0
2024-01-02 02:44:00,8473,40.400145249962506,32.10563653262573,-98.98291575457407,0
2024-01-02 02:45:00,6342,60.019679942869885,37.388435092545265,-97.9763680553681,0
2024-01-02 02:46:00,8351,73.519031629913,35.480886170930404,-99.62364640915067,0
2024-01-02 02:47:00,7638,123.61582359791076,30.960174402835634,-99.28383310788654,0
2024-01-02 02:48:00,7570,115.36956451784519,35.572863270001676,-96.93943507265352,0
2024-01-02 02:49:00,4249,71.31056383101111,30.667761382124834,-99.00209318214745,0
2024-01-02 02:50:00,8595,4.019796444127882,30.143072850466222,-91.97926223325209,0
2024-01-02 02:51:00,7294,69.6408151285198,38.89627669907284,-99.4613261103937,0
2024-01-02 02:52:00,7527,81.27885762703525,34.899161116044944,-90.92070553114564,0
2024-01-02 02:53:00,6757,99.57676429172024,35.43289655040325,-91.29160456059026,0
2024-01-02 02:54:00,2969,20.988507736157306,32.79937771630267,-97.9161563411936,0
2024-01-02 02:55:00,1891,6.53991355557725,35.42744719457494,-99.28472947230793,0
2024-01-02 02:56:00,5470,122.26245576140755,31.68868692149733,-98.94464954844277,0
2024-01-02 02:57:00,8175,16.046221584042662,37.456457973845254,-94.40911763335707,0
2024-01-02 02:58:00,9320,185.33584252926923,38.23349160403886,-93.99084260015121,0
2024-01-02 02:59:00,7812,30.61065387435187,38.558757799192605,-96.84417213924198,0
2024-01-02 03:00:00,8519,19.54710202929675,31.0665271742793,-97.031663317032,0
2024-01-02 03:01:00,5612,77.44917947372878,35.577544003447926,-94.68498731513615,0
2024-01-02 03:02:00,2198,101.10666867259887,38.08750969844033,-96.9437195593281,0
2024-01-02 03:03:00,6238,95.256954272406,31.282164882123883,-90.65680505411383,0
2024-01-02 03:04:00,7089,90.16221221132726,30.995224081740766,-96.1736822109691,0
2024-01-02 03:05:00,7257,26.90224371870526,38.169419986700206,-97.8018625122547,0
2024-01-02 03:06:00,8705,11.859037127386928,37.967360388912226,-98.5403515346302,1
2024-01-02 03:07:00,4719,36.97846087790593,34.486931369634675,-93.68291806607246,0
2024-01-02 03:08:00,1302,17.362144140180934,31.09711168860065,-96.73338384035384,0
2024-01-02 03:09:00,1986,84.14560447750227,35.161231573169516,-98.11205167415226,0
2024-01-02 03:10:00,5440,130.87567291208225,33.94803200004666,-97.24184475365007,0
2024-01-02 03:11:00,5909,64.89020255352486,35.18547431044013,-96.92118426939547,0
2024-01-02 03:12:00,4072,54.546589274137936,34.39895202025583,-93.74166529039542,0
2024-01-02 03:13:00,4124,40.02752816312657,35.68514413390889,-98.2531849974497,0
2024-01-02 03:14:00,9125,145.52520029798228,37.27129718513294,-92.67196234884278,0
2024-01-02 03:15:00,4291,8.754179656569772,37.74859903650859,-96.9511773192068,0
2024-01-02 03:16:00,5033,16.34380554821824,36.489821982378444,-95.1169040936822,0
2024-01-02 03:17:00,6105,339.24864436602104,31.989406150463928,-93.451609901329,0
2024-01-02 03:18:00,1703,15.56524632278654,33.97123025605119,-94.56379892805231,0
2024-01-02 03:19:00,9133,92.85478604608261,30.712240287357215,-93.37766458045027,0
2024-01-02 03:20:00,1574,114.06746918859574,34.51673728075171,-96.77404496164988,0
2024-01-02 03:21:00,6704,7.954588474857203,39.703394127248515,-90.36550080735,1
2024-01-02 03:22:00,8848,9.637889218045071,36.41730707591011,-95.41010278391066,0
2024-01-02 03:23:00,6208,193.39105692230467,31.54612514663497,-96.78066390201616,0
2024-01-02 03:24:00,7924,20.63639644949205,32.68577659775433,-97.03606038762393,0
2024-01-02 03:25:00,4828,21.207786038836538,30.645736463025468,-99.57305030343352,0
2024-01-02 03:26:00,4230,32.43129499894095,31.82413890151966,-93.15194130977585,0
2024-01-02 03:27:00,1488,20.68725803386541,34.878416434777776,-97.3748472285603,0
2024-01-02 03:28:00,8114,92.41300159743076,33.44856381428633,-90.41069793677423,0
2024-01-02 03:29:00,4173,16.742701650246577,32.03962317308767,-97.89555254623208,0
2024-01-02 03:30:00,2667,7.64643458513363,31.46598413562856,-94.70508806314629,0
2024-01-02 03:31:00,5114,173.53104501614172,36.56071116977206,-92.64529300165576,0
2024-01-02 03:32:00,4553,17.58575560642214,35.581023768728514,-91.29884705178992,0
2024-01-02 03:33:00,8761,25.738327756511858,38.42640312214868,-98.43539107177773,0
2024-01-02 03:34:00,2000,125.19317377584672,31.832528857277534,-90.14598459502967,0
2024-01-02 03:35:00,2388,58.57124569874476,38.47985459928246,-90.93251014682318,0
2024-01-02 03:36:00,6450,166.05868643347247,35.77911172559856,-90.37150233772468,0
2024-01-02 03:37:00,4712,127.12134528735002,32.66223193979715,-91.4732924045836,0
2024-01-02 03:38:00,2367,34.694089961739344,32.73553140568511,-91.22330771966435,0
2024-01-02 03:39:00,9189,151.70227493021073,33.90380390143852,-94.01171084086837,0
2024-01-02 03:40:00,1454,64.5715006987966,34.60127216666794,-91.54689936882617,0
2024-01-02 03:41:00,3772,30.01244386954302,30.82505084736883,-94.65986642136703,0
2024-01-02 03:42:00,4726,72.99577939488401,38.41999165666328,-94.61782829386836,0
2024-01-02 03:43:00,8232,14.739596032197417,31.215410693241942,-94.37419908099008,0
2024-01-02 03:44:00,5806,125.6936632304435,34.83459843029882,-90.03682075096947,0
2024-01-02 03:45:00,3190,110.40095546146566,33.82968233190922,-98.95605159862377,0
2024-01-02 03:46:00,3875,61.581311605617046,35.12287084311943,-91.94390021504181,0
2024-01-02 03:47:00,6592,8.018304376078547,38.87482517068172,-97.26687476877832,0
2024-01-02 03:48:00,2440,173.19268955377208,39.89088339856106,-96.38772917402258,0
2024-01-02 03:49:00,9927,84.52883208382246,30.202713726827582,-99.19466742693972,0
2024-01-02 03:50:00,7059,53.3589462312321,33.93239431725194,-96.4842621861593,0
2024-01-02 03:51:00,8010,45.57382419184565,38.176105309172435,-90.09237302863292,0
2024-01-02 03:52:00,8117,31.921532200372827,33.26602880261977,-96.02930738171965,0
2024-01-02 03:53:00,3989,38.6879908327826,36.49036175918522,-93.30312080027754,0
2024-01-02 03:54:00,7228,117.82691114705523,39.92259203766461,-98.79286811838462,0
2024-01-02 03:55:00,7471,32.56616796833683,36.46771288815944,-90.77502790251323,0
2024-01-02 03:56:00,3863,41.50018384403501,31.11191377623269,-91.72254620053201,0
2024-01-02 03:57:00,2177,48.05790911755931,38.42931956953986,-96.13705695803054,0
2024-01-02 03:58:00,5760,49.392704879256186,39.6665743729253,-96.51536667327234,0
2024-01-02 03:59:00,1011,29.43510718166697,37.125084212988675,-95.67732996486488,1
2024-01-02 04:00:00,6252,46.05335225901393,34.1906809984307,-95.98741817145502,0
2024-01-02 04:01:00,5399,76.9621656497535,39.484001753454244,-97.41949195252108,0
2024-01-02 04:02:00,9234,22.09155481003339,39.68572015049198,-90.09153725833987,0
2024-01-02 04:03:00,6445,46.26701937331306,39.351167434991574,-91.89453544295262,0
2024-01-02 04:04:00,7570,376.5249100192666,34.11819002310081,-97.3207674049245,0
2024-01-02 04:05:00,9212,51.25717764363115,37.89707673968847,-90.18275198973072,0
2024-01-02 04:06:00,1406,21.53279141113107,36.5417935903406,-99.8446986195312,0
2024-01-02 04:07:00,5431,19.155467474946427,31.79706665885587,-95.62102363270583,0
2024-01-02 04:08:00,6243,15.406737719129184,35.35514901677154,-94.30514802938782,0
2024-01-02 04:09:00,7542,277.85976991855034,37.47691009128637,-99.62413377888355,0
2024-01-02 04:10:00,7936,149.60857594252704,38.9591227596531,-98.38962809296198,0
2024-01-02 04:11:00,9906,15.03491153635439,38.62598370406553,-97.41868917814703,0
2024-01-02 04:12:00,5146,67.60664616984957,31.546585001854822,-92.79772942293707,0
2024-01-02 04:13:00,1140,185.8307027021147,34.88033246485211,-90.60256471134724,0
2024-01-02 04:14:00,5882,52.432775822962256,34.78268629460785,-93.75464913132069,0
2024-01-02 04:15:00,7012,33.39432573151674,38.98737061897922,-94.37338408989709,0
2024-01-02 04:16:00,1963,513.320110929538,30.019373091368667,-94.63240880024203,1
2024-01-02 04:17:00,8151,8.122639608943059,37.38713537626928,-96.49296350188999,0
2024-01-02 04:18:00,9564,759.4395851610336,36.186415165462655,-91.72285653862802,0
2024-01-02 04:19:00,4610,57.974265212978395,39.21571473176566,-94.59232561763741,0
2024-01-02 04:20:00,7894,198.42875727596288,34.56917350331738,-97.69896820676277,0
2024-01-02 04:21:00,8311,16.434566345261835,36.576722498755004,-98.63168791835922,0
2024-01-02 04:22:00,1105,26.427779268532237,39.72747030421542,-90.1448748513813,0
2024-01-02 04:23:00,6539,18.542089522761184,37.43903762915909,-99.82526784977998,0
2024-01-02 04:24:00,7787,49.35153259354414,30.673839741297673,-90.66559970010195,0
2024-01-02 04:25:00,3137,74.27141399747467,31.675335509726747,-97.8169669881969,0
2024-01-02 04:26:00,5445,158.66610039258137,38.21451102959748,-93.42450467318352,0
2024-01-02 04:27:00,4530,9.860574194262902,33.34795540973659,-96.98467474401869,0
2024-01-02 04:28:00,2286,63.87218248595566,37.05918110598275,-91.40189588120184,0
2024-01-02 04:29:00,8052,133.60783010417424,36.99823733343828,-94.56554677818391,0
2024-01-02 04:30:00,4654,161.1258877858855,39.93700523388205,-98.58942244018272,0
2024-01-02 04:31:00,8102,35.14494228312558,34.69872723636341,-97.301649995509,0
2024-01-02 04:32:00,3359,35.58498583310371,37.37832360505923,-96.79681426430241,0
2024-01-02 04:33:00,9105,49.79803175038211,30.487528772861022,-91.14077635609902,0
2024-01-02 04:34:00,9636,65.76269316798218,34.62591020693088,-92.3326158129398,0
2024-01-02 04:35:00,7441,200.8579238534212,31.86681544817131,-91.70412687389133,0
2024-01-02 04:36:00,6047,16.279462963706617,38.40571551713177,-99.47747812158548,0
2024-01-02 04:37:00,9227,24.872089629820913,38.39908332016071,-94.21217794526737,0
2024-01-02 04:38:00,6203,14.419604284547505,32.36364420705695,-90.00823069485354,0
2024-01-02 04:39:00,2798,83.74312560755129,33.18285153116468,-92.14800360946685,0
2024-01-02 04:40:00,6291,164.24647439461546,37.02477784460352,-98.79292318610085,0
2024-01-02 04:41:00,6495,13.184385933795573,37.38265923412267,-93.21181832592652,0
2024-01-02 04:42:00,7284,59.66247760056515,36.57631602114374,-92.54676179104817,0
2024-01-02 04:43:00,8285,152.7806511291145,39.966946375261614,-94.85751644078591,0
2024-01-02 04:44:00,2300,119.64712707032008,38.68683211985112,-99.21246852226558,0
2024-01-02 04:45:00,7869,118.24442233735958,34.17058880752523,-99.65313764793643,0
2024-01-02 04:46:00,4097,16.611987563235576,33.26976721541884,-90.62190302760649,0
2024-01-02 04:47:00,5616,117.85256698197325,35.9684974799608,-97.42486034521382,0
2024-01-02 04:48:00,1009,45.33477882091084,38.17636335833504,-96.2103187298155,0
2024-01-02 04:49:00,6752,159.2000861501478,34.75343473736553,-92.04722459014495,0
2024-01-02 04:50:00,7295,85.55560840522537,37.37692606831639,-93.10739253282557,0
2024-01-02 04:51:00,5815,24.155189344152895,30.191600395060423,-90.31434299965665,0
2024-01-02 04:52:00,2072,72.15466611552127,39.25840108298104,-99.07160799788832,0
2024-01-02 04:53:00,4225,123.78127050191769,37.738347275154524,-92.93080425920773,0
2024-01-02 04:54:00,2316,32.90537212520162,33.94190086764133,-99.17771147222331,0
2024-01-02 04:55:00,6699,62.10347789495766,33.84012325519292,-99.99834503498856,0
2024-01-02 04:56:00,7807,14.34484182741781,31.028868077485054,-98.79769773812252,0
2024-01-02 04:57:00,7674,94.54084228572081,38.16153723882528,-93.83274151720762,0
2024-01-02 04:58:00,4683,51.611075264950294,37.68629509257185,-93.23807250422558,0
2024-01-02 04:59:00,8227,136.1948243504434,36.302497075356165,-95.61660127590416,0
2024-01-02 05:00:00,4273,91.9152361246573,31.014564721440344,-99.53929290262576,0
2024-01-02 05:01:00,8000,36.33664753867343,32.62341365637071,-93.65940608945509,0
2024-01-02 05:02:00,1145,23.42095446594777,34.58914473264618,-99.1418252241351,0
2024-01-02 05:03:00,6010,18.608153272829377,32.65971943764226,-98.58273668233602,0
2024-01-02 05:04:00,4040,32.870578940303446,34.33973923152904,-94.87424315229173,0
2024-01-02 05:05:00,1482,132.5681301100232,32.25957540637652,-96.59626728525153,1
2024-01-02 05:06:00,4179,9.428458789164821,33.49600503806017,-95.35246072723659,0
2024-01-02 05:07:00,2249,19.380651487062046,36.522968835966275,-93.64923096372807,0
2024-01-02 05:08:00,1630,128.89516849471474,38.92361080779695,-98.39992963838603,0
2024-01-02 05:09:00,9853,206.22179611424073,33.850306812328256,-91.06913260308993,0
2024-01-02 05:10:00,3852,20.4266683010462,36.919082311607575,-94.4051993535376,0
2024-01-02 05:11:00,1987,19.167016808126924,31.3479308638252,-99.77906724468714,0
2024-01-02 05:12:00,8622,222.99742840375578,35.40817977855762,-93.7154715826614,0
2024-01-02 05:13:00,8327,48.25047056754247,39.21704225554514,-95.36821068225949,0
2024-01-02 05:14:00,9841,22.319430475855484,30.279358044573833,-92.98360888524144,1
2024-01-02 05:15:00,2100,155.18499003633193,32.675573617268086,-92.15966377062455,0
2024-01-02 05:16:00,7652,90.3310085800288,31.324935336801442,-90.6115514661007,0
2024-01-02 05:17:00,9632,114.05194775168638,35.33121479496415,-90.01654205725,0
2024-01-02 05:18:00,8421,23.513163617069477,36.796424640713255,-94.50383006528573,0
2024-01-02 05:19:00,6016,79.42596588723988,30.577791920631093,-94.38491646871576,0
2024-01-02 05:20:00,1769,189.85984858092104,30.702844206405512,-99.77554749024394,0
2024-01-02 05:21:00,2343,103.62663181569792,38.69629192748906,-91.3482952651367,0
2024-01-02 05:22:00,5358,136.98479281999101,34.56233148567508,-99.71282006457479,0
2024-01-02 05:23:00,7780,222.1032913381729,34.62951599638648,-93.67335192998958,0
2024-01-02 05:24:00,7602,83.73606089307353,39.44580394958117,-99.0142302125577,0
2024-01-02 05:25:00,3349,31.027660244915,33.20209610264932,-97.14161395893544,0
2024-01-02 05:26:00,6699,131.2509518363553,38.970236470327904,-98.59670446889274,0
2024-01-02 05:27:00,2241,18.070750724623096,39.74254744576264,-98.62605711887458,0
2024-01-02 05:28:00,2125,43.71452847023382,32.416941976504305,-99.2539901768307,0
2024-01-02 05:29:00,7764,98.3054265040201,35.14038849212543,-96.82118018014496,0
2024-01-02 05:30:00,6101,2.1871976459678493,35.343561529002585,-95.76348655547206,0
2024-01-02 05:31:00,8843,70.27832047056644,38.66168111792064,-95.35526807167841,0
2024-01-02 05:32:00,1072,73.67224042960854,33.03908136381821,-95.60291960532892,0
2024-01-02 05:33:00,6472,17.53265388358201,37.98042443353415,-94.76307965704723,0
2024-01-02 05:34:00,6189,75.6305719072508,39.71007391278012,-91.40213070813058,0
2024-01-02 05:35:00,3472,66.01939095715257,38.40336652744299,-93.68203384293825,0
2024-01-02 05:36:00,1707,56.48481157791949,39.09140283456718,-99.82714329030188,0
2024-01-02 05:37:00,2804,179.3669672737175,37.0835443914297,-98.27047721759682,1
2024-01-02 05:38:00,7704,131.4871800192216,39.03955760277174,-96.51050177851187,0
2024-01-02 05:39:00,4713,103.54257188680846,31.648506353523274,-90.50956291135122,0
2024-01-02 05:40:00,6051,19.60487913579933,37.12361415041626,-99.21920602550075,0
2024-01-02 05:41:00,3475,53.65950739373827,37.31877354971476,-92.89880737595519,0
2024-01-02 05:42:00,4610,178.47253783252725,34.3918094649942,-99.66906868255127,0
2024-01-02 05:43:00,5255,44.05056498612688,30.79738467357912,-96.37462830998034,0
2024-01-02 05:44:00,8397,258.3362470212508,36.22443746260827,-92.29851236286257,0
2024-01-02 05:45:00,2735,106.61171541551522,30.518808065704807,-96.56070663561647,0
2024-01-02 05:46:00,9258,301.7384440757622,33.8240249615655,-95.69717940013534,0
2024-01-02 05:47:00,8979,18.77765834075673,33.93670228975752,-90.94695471732571,0
2024-01-02 05:48:00,3428,46.77470013649937,39.98922508463333,-99.33830908680702,0
2024-01-02 05:49:00,8426,51.41186472204772,32.9980203372911,-94.72337674789898,0
2024-01-02 05:50:00,9533,100.10036237407019,38.204539379236884,-96.33762441408821,0
2024-01-02 05:51:00,6249,26.086095114148286,30.53171685218354,-90.36188328482969,0
2024-01-02 05:52:00,6291,10.939640768786445,35.297659853858406,-92.06310170581742,0
2024-01-02 05:53:00,3817,79.69427146411114,35.36691678556012,-98.77923222633461,0
2024-01-02 05:54:00,4874,37.846055183219946,36.28749853194462,-90.72590243277428,0
2024-01-02 05:55:00,5211,34.10019007087303,38.10005203389938,-97.88786702546231,0
2024-01-02 05:56:00,1661,27.30831090560828,37.61923381723148,-99.15182356465179,0
2024-01-02 05:57:00,4374,61.79909731791518,37.610081283323744,-94.58406720205508,0
2024-01-02 05:58:00,1207,18.599644563472793,34.322939343242865,-92.6336843002372,0
2024-01-02 05:59:00,3665,44.96139591186857,37.27471482466527,-92.83949110503788,0
2024-01-02 06:00:00,3493,23.838144753158392,34.913157177491215,-94.65943931122604,0
2024-01-02 06:01:00,7813,29.690365107237938,30.669511783450023,-95.07262525580298,0
2024-01-02 06:02:00,1632,77.77423329699357,38.90181782611727,-90.30456102696847,0
2024-01-02 06:03:00,4083,104.73253997603706,38.9016330613876,-91.79441158230502,0
2024-01-02 06:04:00,4719,40.201128740856774,33.228787646551396,-93.0135996185696,0
2024-01-02 06:05:00,8123,143.7147444368139,39.1390261928094,-98.04788536440358,0
2024-01-02 06:06:00,2679,20.641144900550884,37.579840385050815,-91.80229308973348,0
2024-01-02 06:07:00,1236,11.942475263736746,34.00801230862023,-92.50219256483972,0
2024-01-02 06:08:00,8446,14.348921943344385,33.31505598425254,-90.07973400222333,0
2024-01-02 06:09:00,5443,18.626647335279532,39.75142699386101,-98.67004892065874,0
2024-01-02 06:10:00,7770,14.689115331642192,37.12626963111311,-92.84704604051961,0
2024-01-02 06:11:00,7099,412.0537977533193,33.788099547712,-90.20916806966474,0
2024-01-02 06:12:00,9555,11.58578843843344,36.419838879808054,-95.3740697275553,0
2024-01-02 06:13:00,3368,139.41134832872567,35.71526199037369,-92.66589556573987,0
2024-01-02 06:14:00,1285,53.24325611772271,35.24540022703961,-90.2462934945457,0
2024-01-02 06:15:00,1148,68.34719112888993,36.44701898811844,-94.52515106094003,0
2024-01-02 06:16:00,5037,22.071127077929056,35.37626322180362,-93.00958405296899,0
2024-01-02 06:17:00,7549,75.59973099369388,36.54790353686381,-99.79915189987904,0
2024-01-02 06:18:00,8121,21.891128095073295,39.07568562223639,-94.80334894373556,0
2024-01-02 06:19:00,5895,137.3821119923177,39.932649681452716,-97.44199593958058,0
2024-01-02 06:20:00,6280,149.23369168409934,37.09286873348013,-98.68755357649458,0
2024-01-02 06:21:00,2012,47.709858950653754,39.278208017504326,-92.91401915318671,0
2024-01-02 06:22:00,3785,50.93935943833679,38.58410253882954,-99.60910511091659,0
2024-01-02 06:23:00,4725,84.16034930153931,32.950373979812795,-90.95134848422943,0
2024-01-02 06:24:00,5576,79.96663043219873,39.32907983043036,-94.82226340129158,0
2024-01-02 06:25:00,6782,152.04041491963707,30.708090000526216,-93.5176988481062,0
2024-01-02 06:26:00,7257,147.79791850235517,33.29921821043545,-97.46565200873734,0
2024-01-02 06:27:00,3408,53.04597918842244,36.399449351048,-98.17806981310707,1
2024-01-02 06:28:00,1340,33.878327902712826,35.26915445895142,-97.56246378887987,0
2024-01-02 06:29:00,3817,122.93057779475906,35.424123928293625,-97.67707008995707,0
2024-01-02 06:30:00,3496,46.69860305753512,37.94888329801248,-91.35498371706548,0
2024-01-02 06:31:00,6962,61.17532624456269,31.94703682286192,-92.12660598537552,0
2024-01-02 06:32:00,6299,92.78789818982087,39.820755099674585,-91.47263465875969,0
2024-01-02 06:33:00,8574,144.8294686577359,34.37458227297171,-92.65127956341603,0
2024-01-02 06:34:00,2689,70.87006584436402,39.49843264805595,-93.56449638535578,0
2024-01-02 06:35:00,4267,30.350168036900563,33.831158644968326,-94.72125310269331,0
2024-01-02 06:36:00,5406,329.313552449836,36.01786668851636,-97.34518173620091,1
2024-01-02 06:37:00,9453,252.23011145421347,34.50311471323136,-92.94637042272885,0
2024-01-02 06:38:00,2442,19.727165450762087,36.7593516385197,-98.63415594781473,0
2024-01-02 06:39:00,9597,21.93817835856246,31.836247293841865,-94.8893845643288,0
2024-01-02 06:40:00,5437,24.878065661914395,34.00628532840485,-98.04725231494385,0
2024-01-02 06:41:00,6435,127.5554142459564,30.683811221074315,-94.95240695120542,0
2024-01-02 06:42:00,9435,342.1137183960839,35.981014169900135,-97.06092587125644,0
2024-01-02 06:43:00,5107,32.90836013139579,39.626816985891224,-99.46520330463514,0
2024-01-02 06:44:00,1560,64.66812087600034,30.459065151573856,-94.9629098713602,0
2024-01-02 06:45:00,9785,25.723221383898533,36.59630024501566,-98.18169791300048,0
2024-01-02 06:46:00,6548,298.9250176596865,37.7509796363766,-98.38844967430848,0
2024-01-02 06:47:00,2826,124.56508393927629,32.131084241776286,-96.156341023223,0
2024-01-02 06:48:00,8629,23.935541254298418,32.73074293368547,-96.38212842146636,0
2024-01-02 06:49:00,9325,6.670260329311346,32.01581086240035,-91.33042134387732,0
2024-01-02 06:50:00,4138,154.0977371252247,32.97412636676307,-94.35362977106291,0
2024-01-02 06:51:00,8693,30.800015517230072,31.10082559193374,-91.4543257186525,0
2024-01-02 06:52:00,9264,126.8153598601788,33.70347871285422,-98.53164345857924,0
2024-01-02 06:53:00,8842,73.23623680899301,33.68929195314395,-96.42689729944355,0
2024-01-02 06:54:00,7721,8.720738871277721,38.07267456605409,-94.4467038239645,0
2024-01-02 06:55:00,8002,24.36684186619685,38.00958315600718,-98.46871930590052,0
2024-01-02 06:56:00,5225,38.315530600964834,37.96723363309365,-98.71942933675194,0
2024-01-02 06:57:00,3978,27.77704640470196,35.670359132189304,-93.38598401788023,1
2024-01-02 06:58:00,8373,61.32381611640913,33.25880686866334,-93.46166029196799,0
2024-01-02 06:59:00,6907,81.56346640996087,34.109645164004334,-97.65841335914061,0
2024-01-02 07:00:00,7097,326.8037825754294,33.17743504762082,-97.72876444561092,0
2024-01-02 07:01:00,6656,87.55029925907182,35.819279049807214,-92.54554220669917,0
2024-01-02 07:02:00,9984,242.52409486747413,39.37979121313666,-98.83012160581404,0
2024-01-02 07:03:00,5259,33.892142893124586,32.84496784055714,-90.76736503323343,0
2024-01-02 07:04:00,9286,175.07481791720903,34.5885181764613,-90.5626147895949,0
2024-01-02 07:05:00,6901,37.29286082399136,36.5511693013934,-91.29007676830753,0
2024-01-02 07:06:00,5917,21.82340894562909,38.446949117955825,-97.8932270097344,0
2024-01-02 07:07:00,9429,20.920368249466588,32.53333920640965,-99.83198250226137,0
2024-01-02 07:08:00,3530,3.8885826793467992,32.80289950980391,-90.6330915817477,0
2024-01-02 07:09:00,2960,128.2629717185116,38.85165532255936,-96.5602817264649,0
2024-01-02 07:10:00,8045,15.026344545818024,30.80258119985803,-96.89589735011654,0
2024-01-02 07:11:00,2048,223.21718797834842,36.054476059672126,-97.38322419842851,0
2024-01-02 07:12:00,6772,45.86854085586673,38.60455416095987,-97.5546382695111,0
2024-01-02 07:13:00,3529,11.532109232648658,39.21742750351533,-92.65446709558343,0
2024-01-02 07:14:00,3964,17.854754601015028,30.126872542328687,-90.92106371512574,0
2024-01-02 07:15:00,8137,66.06472493551969,33.69665977494184,-92.13943634064776,0
2024-01-02 07:16:00,1963,8.331491797305485,32.57264786121047,-93.2589203404166,0
2024-01-02 07:17:00,1536,98.48901380218591,35.68032588774723,-97.1224243718857,0
2024-01-02 07:18:00,8340,11.985141951830252,36.32862276813629,-94.53036524705563,1
2024-01-02 07:19:00,8179,26.076216876902226,39.997744776055285,-97.63032827375064,0
2024-01-02 07:20:00,8967,66.60104947964996,35.12762496898925,-98.88492895793043,0
2024-01-02 07:21:00,9734,87.14824988932746,35.5146687873727,-98.79707037599472,0
2024-01-02 07:22:00,1845,121.23366465673968,34.14313507805642,-93.96230894761834,0
2024-01-02 07:23:00,6777,14.78264690587508,31.476772378385757,-99.61520341223192,0
2024-01-02 07:24:00,4036,40.10685257972223,33.033246402805986,-90.26745504196383,0
2024-01-02 07:25:00,6947,162.87768200964,32.46984917711032,-90.04533536503476,0
2024-01-02 07:26:00,3494,40.11651255569461,38.01219691348342,-98.5057530875057,0
2024-01-02 07:27:00,3719,73.27902764230286,35.45816421552313,-95.7269759030193,0
2024-01-02 07:28:00,2884,64.22800036973688,32.96193630215342,-92.31923981444518,0
2024-01-02 07:29:00,5349,200.58481029324443,34.890929028935034,-90.44933173047468,0
2024-01-02 07:30:00,6179,34.263848057016396,32.18864883095416,-91.08678825557435,0
2024-01-02 07:31:00,7610,13.599745390730762,31.85127150573218,-97.45244816107336,0
2024-01-02 07:32:00,7430,20.74132547483396,38.59942237241886,-99.14803066190385,0
2024-01-02 07:33:00,8154,65.94651139136518,39.44810854466139,-97.11270639247607,0
2024-01-02 07:34:00,7488,11.36409988633979,30.80014607826988,-95.62762556900324,0
2024-01-02 07:35:00,5737,31.676846349184807,37.648827071864204,-96.40061682787275,0
2024-01-02 07:36:00,7525,58.874990617540384,34.5331153642729,-92.26130877100321,0
2024-01-02 07:37:00,4850,25.365954359285272,33.88971641308253,-97.42212112101676,0
2024-01-02 07:38:00,1689,75.70568432276936,36.89411309547821,-91.41362884263108,0
2024-01-02 07:39:00,6175,112.66420555030798,32.66253685334365,-97.74365572393216,0
2024-01-02 07:40:00,9648,86.04828566832266,30.205812262835874,-96.38647955062629,0
2024-01-02 07:41:00,6078,11.617296207262962,32.14002847820015,-95.52190932278035,0
2024-01-02 07:42:00,6448,59.09711972280102,31.84925076709169,-97.08781857448862,0
2024-01-02 07:43:00,2179,63.907856697553875,30.340493815535623,-92.33627762986767,0
2024-01-02 07:44:00,7406,37.302855615942256,33.213154160263215,-95.90452788583062,0
2024-01-02 07:45:00,9591,74.68737084529901,34.7451853351414,-91.12974226574146,0
2024-01-02 07:46:00,7907,72.05462959900242,37.35828697050579,-90.3641134146457,0
2024-01-02 07:47:00,9800,49.85529767792837,33.256613254925966,-91.4019284745498,0
2024-01-02 07:48:00,2638,19.999920968809942,31.945402656577436,-94.77374827723509,1
2024-01-02 07:49:00,6671,53.16387092544918,32.30619769253605,-94.90191597386176,0
2024-01-02 07:50:00,7928,353.16343119245465,38.911770791617144,-97.84127352719385,0
2024-01-02 07:51:00,2382,36.88086935651964,32.047204064173684,-94.07722337526558,1
2024-01-02 07:52:00,2403,155.60262132685492,38.792406675165104,-90.47274274559898,0
2024-01-02 07:53:00,4292,56.76142856931044,34.47098995487795,-99.19393472352925,0
2024-01-02 07:54:00,1419,24.51465310442867,39.344004323485265,-92.47542585654921,0
2024-01-02 07:55:00,5517,40.58519324867629,34.08092136304698,-91.30460445676148,0
2024-01-02 07:56:00,4302,53.684784906421264,31.776829338058175,-90.13296515504352,0
2024-01-02 07:57:00,8857,105.13144940483343,35.49029929211338,-96.6524228423307,0
2024-01-02 07:58:00,8870,589.9545197855565,35.877066028490674,-96.44425853765009,0
2024-01-02 07:59:00,6693,57.66581898354257,36.3548930327327,-97.70224758342852,0
2024-01-02 08:00:00,1767,15.944927741352933,34.114967184695274,-92.10936374018753,0
2024-01-02 08:01:00,3044,10.437682747036606,30.486013407944952,-98.59960399551987,0
2024-01-02 08:02:00,2549,35.809579115417876,36.26719922949512,-97.32233038701759,0
2024-01-02 08:03:00,7140,17.67077420477612,39.330301542669716,-97.04737642229526,0
2024-01-02 08:04:00,4716,95.3835658163999,39.5755862850573,-96.25069381276413,0
2024-01-02 08:05:00,5481,96.08716262115685,35.968853678610145,-95.78335096388071,0
2024-01-02 08:06:00,8898,47.18257108342246,30.19887017954432,-94.40975035220154,1
2024-01-02 08:07:00,7548,105.36035616635003,31.060384808488124,-90.5162667850219,0
2024-01-02 08:08:00,3293,58.250888629365754,38.339905257694426,-97.527202523892,0
2024-01-02 08:09:00,5837,353.3905415461835,38.29744437653342,-92.20779411074344,0
2024-01-02 08:10:00,8758,102.1175852971655,39.46015605268362,-93.23609711131608,0
2024-01-02 08:11:00,7793,133.70248577890553,35.63774422866813,-98.83949770252417,0
2024-01-02 08:12:00,8638,12.831108695285732,38.63816294468439,-91.89623248639548,0
2024-01-02 08:13:00,8993,16.92453852877453,38.24886925681877,-99.09388220370136,0
2024-01-02 08:14:00,7007,88.13224108563878,35.894208062071,-92.61073770354581,0
2024-01-02 08:15:00,6542,11.5973484697935,37.836375533670534,-92.84213254762246,0
2024-01-02 08:16:00,7356,29.239605913050394,31.257105445124715,-93.10598138362933,0
2024-01-02 08:17:00,9433,177.5784730821302,36.392027568801204,-97.2330765651045,0
2024-01-02 08:18:00,8380,28.621099778007586,39.53450956337194,-94.26633010509873,0
2024-01-02 08:19:00,3385,16.285372197678992,31.619574984394077,-92.3842220919995,0
2024-01-02 08:20:00,5268,106.43594100889192,37.44042681800001,-93.62408055071484,0
2024-01-02 08:21:00,1671,434.2117186068005,33.207857973433846,-91.956942794553,1
2024-01-02 08:22:00,1163,24.32135675432415,38.1710392371783,-93.1211763507406,0
2024-01-02 08:23:00,9656,185.68019239738095,36.97210933705668,-97.25550111907768,0
2024-01-02 08:24:00,5592,21.473616315090403,39.26174257606623,-98.46943455176861,0
2024-01-02 08:25:00,5795,48.79033397187612,37.11935419693895,-93.68021013651854,0
2024-01-02 08:26:00,5798,50.95113622977387,34.10310594962861,-92.40241619129279,0
2024-01-02 08:27:00,7036,24.978570066339145,30.10892534490326,-98.57677047634367,0
2024-01-02 08:28:00,3355,131.0259390411845,37.92916896770828,-98.25179542137579,0
2024-01-02 08:29:00,6887,11.708078685590769,34.08464966655406,-99.87930652741593,0
2024-01-02 08:30:00,8961,66.3568907642148,36.7063409483486,-94.68250818964154,0
2024-01-02 08:31:00,6827,159.83860353080297,31.050664812484186,-94.57708952252817,0
2024-01-02 08:32:00,9737,120.56191871874229,38.90968635897655,-94.99924208201332,0
2024-01-02 08:33:00,5719,89.22979966759601,34.356577974065054,-96.83989981188284,0
2024-01-02 08:34:00,1593,266.4800531137098,39.19691733808682,-95.72188765507882,0
2024-01-02 08:35:00,5839,43.83281040345365,37.07017433794491,-92.33763229564364,0
2024-01-02 08:36:00,8394,11.88496138060049,31.21462262098053,-98.18203118737898,0
2024-01-02 08:37:00,4493,62.50252060267601,35.79196613407699,-97.98452113345056,0
2024-01-02 08:38:00,7164,48.145982107983045,39.09934447941787,-93.3302173522341,0
2024-01-02 08:39:00,3672,6.580952087112808,37.99970559883431,-91.33099126414027,0
2024-01-02 08:40:00,5200,17.723629326876164,34.1798040757625,-96.59606531763697,0
2024-01-02 08:41:00,1016,15.601607653902335,39.55064397253907,-90.67255674853392,0
2024-01-02 08:42:00,4191,24.17857896624417,32.685761808015265,-99.42323926382348,0
2024-01-02 08:43:00,1392,38.429513145886546,33.75107703318316,-98.81480679678553,0
2024-01-02 08:44:00,9616,39.929924840649434,37.49714173286798,-95.40040380506855,0
2024-01-02 08:45:00,7272,25.05805346313553,32.32904557215516,-92.7651477237146,0
2024-01-02 08:46:00,1571,15.581143899474727,35.15374469959548,-96.2916303526439,0
2024-01-02 08:47:00,4631,79.63484184945337,37.28789190104155,-94.45252709832398,0
2024-01-02 08:48:00,7172,61.34856995220164,36.43967766142348,-99.71429314357398,0
2024-01-02 08:49:00,8177,63.2232111435435,31.553699141209684,-95.38165688328803,0
2024-01-02 08:50:00,9433,323.4392218048506,36.29660316127835,-97.57424465524858,0
2024-01-02 08:51:00,4897,64.25593246123347,35.72710528805107,-94.83631159464144,0
2024-01-02 08:52:00,9123,37.83907230836744,35.578448250391126,-94.74166794688563,0
2024-01-02 08:53:00,3279,49.116449918400775,38.260471865372466,-92.46841071922945,0
2024-01-02 08:54:00,9980,60.26908111157761,31.83896022525014,-94.60158372133098,0
2024-01-02 08:55:00,8451,101.06797883496236,37.515659870434476,-93.85730827222079,0
2024-01-02 08:56:00,9906,52.21028849941613,37.60926017735082,-94.70353418269957,0
2024-01-02 08:57:00,1775,7.8230859500620324,37.22645439580869,-90.09622565614171,0
2024-01-02 08:58:00,7869,35.277729650252084,35.0596831347876,-92.08380638076775,0
2024-01-02 08:59:00,3247,54.67973554124082,33.95538747737737,-92.44354971997727,0
2024-01-02 09:00:00,8088,201.18030900174412,33.946771600728795,-93.72740539006236,0
2024-01-02 09:01:00,1078,24.88099736421409,37.338087139422406,-94.71629300669163,0
2024-01-02 09:02:00,9080,10.641262569060768,34.978967025828716,-96.5524286039363,0
2024-01-02 09:03:00,8099,58.228632817092354,33.38433724230927,-92.16032073911789,0
2024-01-02 09:04:00,4926,129.83143062238045,36.254696844053214,-98.10390833612806,0
2024-01-02 09:05:00,8340,36.83973649217716,38.370112605030165,-99.63451100060581,0
2024-01-02 09:06:00,8083,591.7294303247202,30.61508741168282,-93.01827955471899,1
2024-01-02 09:07:00,7230,467.5461525974611,39.72136957771438,-98.55148303221266,0
2024-01-02 09:08:00,5940,50.78125474738547,30.96651939581904,-90.9617391723907,0
2024-01-02 09:09:00,4271,65.80614064394156,35.11738120702918,-92.29318613030486,0
2024-01-02 09:10:00,4456,214.59048141608957,35.60209544037796,-93.977556221727,0
2024-01-02 09:11:00,8788,49.907199597939524,31.38210705361348,-96.86075346325391,0
2024-01-02 09:12:00,9599,24.43243328753168,39.15593753017679,-93.6205764091016,0
2024-01-02 09:13:00,8650,132.81164297917877,34.71467077292494,-95.23143310114995,0
2024-01-02 09:14:00,3711,86.87000817998076,31.431205144603933,-97.08851532180336,0
2024-01-02 09:15:00,2668,24.353003476611864,37.11612402847771,-90.5492102290321,0
2024-01-02 09:16:00,1147,72.1800845253642,36.6340434524261,-98.38110584633507,1
2024-01-02 09:17:00,7420,46.522658868024735,39.62865569781447,-92.46616250579123,0
2024-01-02 09:18:00,1365,37.147791033573085,34.41516324687748,-91.99961432108165,0
2024-01-02 09:19:00,5531,24.882391177322827,32.67795973164759,-90.4820539182167,0
2024-01-02 09:20:00,6330,61.64567737760039,30.59994006295262,-94.50583570197841,0
2024-01-02 09:21:00,6510,41.852127548002684,37.33121525080269,-94.65124838985635,0
2024-01-02 09:22:00,9754,72.5812465703036,36.17277689230423,-90.79710790987662,0
2024-01-02 09:23:00,9964,123.94496321854818,39.726108349007596,-91.9890674065881,0
2024-01-02 09:24:00,7493,68.82495308904922,37.12164979803632,-92.36363520454596,0
2024-01-02 09:25:00,6439,70.01325626793383,39.33161479938216,-92.10862945788688,0
2024-01-02 09:26:00,7511,31.779547796824506,39.915787947795806,-95.06818908535713,0
2024-01-02 09:27:00,8504,176.68279647545722,34.28431144232686,-99.58581382168953,0
2024-01-02 09:28:00,2246,23.37040969068583,31.50295013369277,-98.01735116340521,0
2024-01-02 09:29:00,4839,10.891775881764667,31.958507769032636,-93.57007912335713,0
2024-01-02 09:30:00,9551,18.70922128935193,33.183752231123165,-96.03834081570729,0
2024-01-02 09:31:00,3376,153.5864977279808,35.08895767066273,-93.93229751602996,0
2024-01-02 09:32:00,4009,86.39223682393371,31.224199993963563,-94.4832209725874,0
2024-01-02 09:33:00,2827,202.7437006424935,33.01717871855236,-95.61339694443114,0
2024-01-02 09:34:00,7979,14.540654354388742,33.07793847382916,-97.65271978519054,0
2024-01-02 09:35:00,9569,555.6942429675988,30.040856549647128,-92.81040109221365,0
2024-01-02 09:36:00,5285,41.11264813865522,33.541687396663924,-90.90954870248603,0
2024-01-02 09:37:00,7910,9.390105528590908,31.161522000846713,-92.3003628104921,0
2024-01-02 09:38:00,9561,490.6755754656992,34.29711379662389,-98.79961763877851,0
2024-01-02 09:39:00,3196,14.730169513610994,31.96536737403749,-94.62050261500218,0
2024-01-02 09:40:00,4747,36.67532869946393,38.22114239693196,-91.64633817634419,0
2024-01-02 09:41:00,9843,44.44479065861829,30.805253527738234,-94.090182178963,0
2024-01-02 09:42:00,6978,85.12179749010203,38.656604314182005,-95.60430839086462,0
2024-01-02 09:43:00,6607,24.746808323347054,35.80526615524598,-97.15453650195079,0
2024-01-02 09:44:00,1769,154.36396588448332,34.58640663198358,-96.6960924941357,0
2024-01-02 09:45:00,1780,116.00533361752251,35.4974231689391,-97.5784316990199,0
2024-01-02 09:46:00,7303,55.649150902056235,33.761091291776694,-98.04273548695659,0
2024-01-02 09:47:00,4983,205.27066686838486,31.27611904991945,-94.1113485138117,0
2024-01-02 09:48:00,9714,51.01620254152129,37.6587981578378,-94.90615196386418,0
2024-01-02 09:49:00,1521,41.44445705117068,39.27911590096416,-92.65166915792118,0
2024-01-02 09:50:00,8569,402.6641205458081,39.500676231198646,-96.92070462641792,1
2024-01-02 09:51:00,6784,73.3862099251074,36.707115062227444,-95.39175919424203,0
2024-01-02 09:52:00,5583,20.375814162154324,34.103474265166675,-93.19629780949731,0
2024-01-02 09:53:00,6946,23.329781486874026,34.78359962276497,-90.36766214933823,0
2024-01-02 09:54:00,5941,55.64310332950653,36.56965696989316,-96.51129598359508,0
2024-01-02 09:55:00,7267,4.962956958729592,38.23072516508348,-97.01791130386624,0
2024-01-02 09:56:00,8128,28.991727619246078,33.745671375430405,-95.50711629075637,0
2024-01-02 09:57:00,3461,49.38298894413821,39.16781224781111,-92.76126036536446,0
2024-01-02 09:58:00,1685,46.19180861593313,33.242721549306125,-90.38449702032979,0
2024-01-02 09:59:00,3160,15.526632142674236,35.30859775327204,-94.63463676684044,0
2024-01-02 10:00:00,8031,34.865026075095614,39.61361800035614,-91.87559759603411,0
2024-01-02 10:01:00,6341,177.6479703067567,39.381989154256104,-95.35600194179007,0
2024-01-02 10:02:00,1038,144.48111837693872,36.95745089527749,-99.60142871309914,0
2024-01-02 10:03:00,5875,60.07635849773236,33.245601944750085,-91.05788690722301,0
2024-01-02 10:04:00,2256,50.96249773031565,32.19035033184004,-97.10121907301473,0
2024-01-02 10:05:00,8697,46.4498507228649,30.801433553335443,-98.61334358697307,0
2024-01-02 10:06:00,3196,69.15221314549451,37.08654404739385,-90.03838506171297,0
2024-01-02 10:07:00,8165,60.49549168606437,35.03450694002036,-96.52601003720943,0
2024-01-02 10:08:00,1301,75.50062775612139,35.72287693944257,-98.63461722662298,0
2024-01-02 10:09:00,8527,90.17878275369809,34.72392173925738,-96.88457821561754,0
2024-01-02 10:10:00,7381,16.262998729314752,34.82946433573443,-94.86162373217087,0
2024-01-02 10:11:00,1646,40.03408868809042,35.712736192049654,-99.12042913497014,0
2024-01-02 10:12:00,9789,66.54726252571868,39.142620061760375,-96.47379165636107,0
2024-01-02 10:13:00,9853,20.783614737800022,30.293662994680478,-93.31143577223939,0
2024-01-02 10:14:00,5330,27.83178312808344,38.016367795731625,-90.84067995096439,0
2024-01-02 10:15:00,8003,43.90829666787889,33.90516260558266,-96.02562315439857,0
2024-01-02 10:16:00,4537,46.116248122859304,37.449242672829996,-94.35435754255086,0
2024-01-02 10:17:00,5558,67.80275218972655,39.48526329244356,-93.63937800033057,0
2024-01-02 10:18:00,7579,23.382064100845216,33.06286993526335,-99.29246520662171,0
2024-01-02 10:19:00,9474,143.7420616566819,30.89554636743799,-96.57774957610016,0
2024-01-02 10:20:00,5082,45.73775517689503,32.32298436314926,-93.15745984837487,0
2024-01-02 10:21:00,5183,63.13010159051065,32.220928311125625,-92.64338913509759,0
2024-01-02 10:22:00,9652,37.71913624276864,37.41849417460254,-96.44047889826172,0
2024-01-02 10:23:00,4754,69.10663526039706,30.618581817251172,-99.93263749650197,0
2024-01-02 10:24:00,2724,290.3889291437242,30.509335798557338,-99.93134399752572,1
2024-01-02 10:25:00,2376,37.370482595173456,36.93608594483836,-94.6187998227328,0
2024-01-02 10:26:00,9706,31.67423725532699,35.56719684876024,-94.48514103467545,1
2024-01-02 10:27:00,9894,23.803781271755025,34.17767544843203,-94.4428056762227,0
2024-01-02 10:28:00,2653,51.43804893773511,35.75368406977045,-92.78246934169616,0
2024-01-02 10:29:00,3066,50.84573880798847,37.35247905968639,-90.78730604305863,0
2024-01-02 10:30:00,1022,57.480342201723964,31.034713727067793,-90.09829792265651,0
2024-01-02 10:31:00,3460,87.20449517308394,35.53286415980943,-92.98933245375122,0
2024-01-02 10:32:00,6926,76.87402991440143,38.24416832914305,-94.86001282376036,0
2024-01-02 10:33:00,7251,53.3822619982502,33.62429170578312,-98.59005201679685,0
2024-01-02 10:34:00,8295,385.21497999314516,37.63017987622639,-96.15824820600166,0
2024-01-02 10:35:00,4300,108.92725608761114,38.45420839146509,-94.27543334320119,0
2024-01-02 10:36:00,7279,18.370388675328194,38.20929191820134,-90.00191518826236,0
2024-01-02 10:37:00,9553,11.644081372682532,36.503564019858615,-98.7301837668187,0
2024-01-02 10:38:00,8353,27.230859604214906,37.17344518396459,-92.06923528846444,0
2024-01-02 10:39:00,4727,63.60285632131547,37.87675180714781,-90.01059801710919,0
2024-01-02 10:40:00,7272,25.04064598525242,37.33709309497632,-91.94708717028934,0
2024-01-02 10:41:00,6995,29.14760520424767,34.516801622865785,-92.32855840443699,0
2024-01-02 10:42:00,1514,56.0400738107629,31.591209428719555,-97.41318862935951,0
2024-01-02 10:43:00,1448,38.784758260476245,33.09730599885527,-99.96637492839108,0
2024-01-02 10:44:00,7019,7.044866936571081,32.07246562242058,-97.74012911900122,0
2024-01-02 10:45:00,6343,160.32075520451139,33.614441543250024,-92.10199884926105,0
2024-01-02 10:46:00,9033,127.09780280461362,34.893310801824285,-98.92718801434253,0
2024-01-02 10:47:00,3520,15.102784664513152,39.59046671734246,-97.03881625175703,0
2024-01-02 10:48:00,4081,57.794354601731904,39.594627949892626,-94.3749472902015,0
2024-01-02 10:49:00,2428,17.875811206163245,37.695885209168566,-94.20189699558978,0
2024-01-02 10:50:00,4967,29.701674364985397,39.8014028836334,-94.57011309554703,0
2024-01-02 10:51:00,7445,88.7792499408518,39.98015815824459,-90.19116504625458,0
2024-01-02 10:52:00,3159,122.73740044822408,38.85256747798643,-99.87714404349103,0
2024-01-02 10:53:00,6132,119.89818677952289,30.79503583206138,-95.12401489920725,0
2024-01-02 10:54:00,3547,69.74454460539788,34.26044103464262,-94.9557937967216,0
2024-01-02 10:55:00,3979,195.43067958759917,35.34119981025342,-97.0667786687905,0
2024-01-02 10:56:00,3649,29.649293600927063,31.240825856156473,-94.74928724341227,0
2024-01-02 10:57:00,9505,37.01676197131988,38.08630627243125,-93.26720159199425,0
2024-01-02 10:58:00,4083,4.077043595257896,31.48683414948781,-93.2724409234942,0
2024-01-02 10:59:00,2037,49.746667785144076,33.83328775392984,-99.12143024258309,0
2024-01-02 11:00:00,4489,97.48450711924501,30.689121799278812,-91.97540019335433,0
2024-01-02 11:01:00,8604,72.62139765961896,35.24593087958643,-90.69290169914285,0
2024-01-02 11:02:00,8544,29.25292728402317,35.97041446834684,-98.76388142037403,0
2024-01-02 11:03:00,3634,127.04299929935259,37.3517685016068,-95.8335971429468,0
2024-01-02 11:04:00,4983,50.712338688252096,33.39461488682953,-94.88249772212947,0
2024-01-02 11:05:00,2778,117.49863447281206,35.90531499603181,-98.65178310656087,0
2024-01-02 11:06:00,8902,88.77896001057053,37.34147339660472,-94.96615949780946,0
2024-01-02 11:07:00,6110,226.89990177892128,37.62035148910024,-97.93141163375618,0
2024-01-02 11:08:00,6189,76.65871998905999,33.01641846450037,-90.64639042571214,0
2024-01-02 11:09:00,8378,100.47838934005154,30.67703930178125,-95.5152965817409,0
2024-01-02 11:10:00,2124,50.56617686050972,30.376194775515543,-90.05098748653286,1
2024-01-02 11:11:00,1697,33.019881505598974,37.68060284692584,-99.53488851732534,0
2024-01-02 11:12:00,3179,89.18672517120092,33.85438917181246,-98.72419255637836,0
2024-01-02 11:13:00,6251,245.36102505088505,31.339426628033515,-95.56789199460118,1
2024-01-02 11:14:00,2929,29.49200920001948,31.84488935521272,-91.25640715068067,0
2024-01-02 11:15:00,2013,42.6004012060092,37.661504748031234,-94.44774209638824,0
2024-01-02 11:16:00,1226,56.0727769401165,35.98902000690765,-92.67656779350993,0
2024-01-02 11:17:00,8321,108.29904219197098,35.014031661635705,-95.76436842750452,1
2024-01-02 11:18:00,2828,77.12735239947854,36.23007585624533,-99.59487964152005,0
2024-01-02 11:19:00,8909,136.05553615095943,31.37499554157424,-93.52187441566201,0
2024-01-02 11:20:00,6588,393.03924842206544,33.190422429101574,-93.65998542868277,0
2024-01-02 11:21:00,3023,28.820838658132946,33.74063517385072,-99.28571967843749,0
2024-01-02 11:22:00,5966,100.45691992588591,33.14497769379789,-98.29118530761714,0
2024-01-02 11:23:00,6891,75.23674772756888,38.644163121349365,-95.2384420111218,0
2024-01-02 11:24:00,2080,55.64767052341756,35.81421144652617,-95.53362412256024,0
2024-01-02 11:25:00,6036,100.09154564633994,37.293214074838936,-92.47582499620741,0
2024-01-02 11:26:00,3563,41.81256864418702,32.36706089875697,-96.12586863078316,0
2024-01-02 11:27:00,4292,75.41798177398542,32.6407403729575,-93.36699761174336,0
2024-01-02 11:28:00,4586,14.80118981266012,32.25335983078146,-92.95576459952242,0
2024-01-02 11:29:00,5431,31.85469312078418,36.87979577645557,-93.54996140474137,0
2024-01-02 11:30:00,7841,155.63613488320775,33.49040995690518,-94.03874428095546,0
2024-01-02 11:31:00,7643,149.76733390806953,34.05084132404163,-91.94316519348149,0
2024-01-02 11:32:00,4959,70.76986657252571,37.09121607838861,-93.4289302651629,0
2024-01-02 11:33:00,1161,34.70730715467853,39.717987018832055,-91.65815653587676,0
2024-01-02 11:34:00,1593,124.61959156720151,31.61875313733318,-93.63314473216592,0
2024-01-02 11:35:00,4390,188.00853890324868,30.626762682348033,-98.41026983125711,0
2024-01-02 11:36:00,6997,36.148415996081916,31.94845931967461,-96.90554593609663,0
2024-01-02 11:37:00,7354,12.74297721704058,37.349606849632785,-96.6964466751563,0
2024-01-02 11:38:00,1663,85.552902342889,31.946272910490162,-99.06084529263099,0
2024-01-02 11:39:00,1541,136.1515055941916,35.843524026248865,-93.0769334250563,0
2024-01-02 11:40:00,6433,98.24688312603115,35.90316536498982,-94.0488885367262,1
2024-01-02 11:41:00,6093,261.1458849215062,32.94423100297081,-94.1024507821973,0
2024-01-02 11:42:00,1867,262.2506341872847,30.687262798766287,-95.21482698732505,0
2024-01-02 11:43:00,9623,40.229586332785615,33.992005174516045,-94.56875373166835,0
2024-01-02 11:44:00,6469,66.61930401194341,31.867854222565356,-99.91912708447353,0
2024-01-02 11:45:00,7256,33.23040127529047,31.84473210266524,-99.03751930556564,0
2024-01-02 11:46:00,2169,19.647228859189433,35.22588871028741,-93.16647029534695,0
2024-01-02 11:47:00,1830,20.833467232175373,36.731211380977534,-97.38533193599284,0
2024-01-02 11:48:00,2651,111.83464017155697,30.75415052266528,-98.92088462625382,0
2024-01-02 11:49:00,2136,73.91291092060513,35.78321398642501,-96.7134473981196,0
2024-01-02 11:50:00,3810,132.94836775784987,32.46201643448461,-97.45517450039978,1
2024-01-02 11:51:00,9667,686.5104244158106,36.732980610196826,-99.70627536375194,0
2024-01-02 11:52:00,2019,90.00521411303482,38.102158362023665,-95.89442196692838,0
2024-01-02 11:53:00,6237,24.83066598378492,38.070136356658836,-99.72970803831107,0
2024-01-02 11:54:00,2283,153.7190861339832,33.69861358240734,-99.99609144153017,0
2024-01-02 11:55:00,1659,24.373286272886265,35.67269673877544,-92.07526249346225,0
2024-01-02 11:56:00,3010,313.6685592954741,37.9369518383738,-96.85028370209082,0
2024-01-02 11:57:00,9590,7.603060330665453,30.60810261480477,-94.32413615113676,0
2024-01-02 11:58:00,2733,31.60928952381897,36.056243361723624,-97.02249230506042,0
2024-01-02 11:59:00,3125,101.71128628095066,38.36521983824446,-90.69976302829849,0
2024-01-02 12:00:00,3171,177.24287972909866,33.72356997901527,-92.70818768499515,0
2024-01-02 12:01:00,9266,27.74392434531378,34.554081139812865,-96.30829742436309,0
2024-01-02 12:02:00,4471,23.144149614243048,36.9872806855935,-97.89373082947039,0
2024-01-02 12:03:00,6624,63.33050924541952,30.67884711865699,-98.62193617399558,0
2024-01-02 12:04:00,9691,368.33536836170487,33.856359604206254,-92.37581316021708,0
2024-01-02 12:05:00,9329,11.723816448377157,32.95710770223849,-95.46963242636146,0
2024-01-02 12:06:00,3097,39.88019771491788,30.169942495871307,-97.68036621108187,0
2024-01-02 12:07:00,6068,70.82308591006722,31.959726612332602,-90.80373928777567,0
2024-01-02 12:08:00,7397,24.632104098416715,33.95883565588849,-96.09903603467976,0
2024-01-02 12:09:00,3757,24.547592451674653,31.97428708400571,-94.56507284811164,0
2024-01-02 12:10:00,4920,43.23318559392663,36.02398318194557,-91.42200815725921,0
2024-01-02 12:11:00,9186,73.1644630809896,34.48652607336309,-91.66624936562515,0
2024-01-02 12:12:00,2900,44.92248071409503,30.394812947733847,-93.62046368274575,0
2024-01-02 12:13:00,3610,236.40954291217017,32.75040264312517,-91.11376216928913,0
2024-01-02 12:14:00,7900,98.75122200133717,30.19476770379214,-90.47901838557193,0
2024-01-02 12:15:00,2449,80.09104284902699,33.58135179894476,-90.6488586538311,0
2024-01-02 12:16:00,9738,152.57459428497174,32.59110017745834,-96.50992664356605,0
2024-01-02 12:17:00,6017,81.5162911282098,36.881867821684615,-96.0282890379621,0
2024-01-02 12:18:00,8999,35.05132348557528,33.07406925596532,-97.59496135018684,0
2024-01-02 12:19:00,7052,41.96548719007471,33.75158664584364,-91.63170156405839,0
2024-01-02 12:20:00,3096,17.646964514168385,37.25333931863209,-98.78175394089503,0
2024-01-02 12:21:00,9895,405.4016023560626,34.809176759086526,-96.4491662983105,0
2024-01-02 12:22:00,7404,138.47973119203974,35.5645437859584,-99.9026680329208,0
2024-01-02 12:23:00,4331,4.222461478940263,38.413466637474485,-94.05353756376091,0
2024-01-02 12:24:00,8462,207.0848127212971,32.06888305457368,-93.41615693050785,1
2024-01-02 12:25:00,6105,12.604669739706942,39.8918552852759,-97.51012499134495,0
2024-01-02 12:26:00,3978,91.89705452488874,39.00105091840394,-92.63269347701015,1
2024-01-02 12:27:00,3839,6.025342031557417,32.86552828601061,-96.18463212079953,0
2024-01-02 12:28:00,4384,35.58309475723451,38.9293841762056,-96.8828892154868,0
2024-01-02 12:29:00,1685,208.7074493995148,37.53956158296813,-90.43834576722465,0
2024-01-02 12:30:00,8531,220.66239004479414,39.30756471962152,-94.11307535563891,1
2024-01-02 12:31:00,5283,74.20083420788232,36.91135188125746,-97.47680604135508,0
2024-01-02 12:32:00,8736,119.99676609827345,36.744773829841584,-90.16757848148306,0
2024-01-02 12:33:00,8710,13.282266161635265,30.034644090975313,-96.12450361663142,1
2024-01-02 12:34:00,2619,93.53477316565909,34.746115286750566,-93.52170215742856,0
2024-01-02 12:35:00,7868,127.86445317837206,32.00268606178423,-92.7614608532581,0
2024-01-02 12:36:00,2431,713.1885544522356,33.240814591690075,-95.7770417969687,1
2024-01-02 12:37:00,5713,29.27636983373617,39.788156339963415,-94.64083214815064,0
2024-01-02 12:38:00,5998,55.49554887180352,30.855019578261768,-97.60218071358376,0
2024-01-02 12:39:00,1162,59.03409224308331,37.22486470453792,-95.34178244233348,1
2024-01-02 12:40:00,2974,109.79156819991036,31.72944841870873,-96.89199911986604,0
2024-01-02 12:41:00,4291,131.6979032824153,30.074013394961483,-94.52542066971145,0
2024-01-02 12:42:00,9461,157.73479526843872,35.014187088479005,-93.30109660571969,0
2024-01-02 12:43:00,1631,146.6372953647214,31.612152987596932,-93.85994799139667,0
2024-01-02 12:44:00,1905,12.414705625579476,39.65466255981577,-92.23283239391115,0
2024-01-02 12:45:00,3014,4.002035552015986,32.03696737109296,-99.58469970818615,0
2024-01-02 12:46:00,8896,32.64277722142459,31.92035274034868,-99.21403238942338,1
2024-01-02 12:47:00,1204,52.698297809390326,30.32166924660838,-97.94685893705454,0
2024-01-02 12:48:00,1581,29.569169297185073,33.298196386789115,-90.14197466446896,0
2024-01-02 12:49:00,6675,34.47732484207596,30.24111674928999,-91.99731947255022,0
2024-01-02 12:50:00,6347,39.00736881513491,34.98886635243127,-90.75878982752128,0
2024-01-02 12:51:00,3643,97.26517382920544,35.05610642827409,-97.27909648461208,0
2024-01-02 12:52:00,9017,19.42008704253417,30.53243287063986,-94.2614350415893,0
2024-01-02 12:53:00,3297,50.510045133701055,32.40062276987416,-94.45115203743853,0
2024-01-02 12:54:00,1874,50.89814015940548,38.321064851443516,-94.30481048843725,0
2024-01-02 12:55:00,6560,95.07816459496355,34.625447729253665,-92.82433059130416,0
2024-01-02 12:56:00,1689,174.4965271478469,34.34610041585772,-96.06019968635657,0
2024-01-02 12:57:00,5000,294.1551643812701,36.98776947361798,-93.2278963980687,0
2024-01-02 12:58:00,1671,25.893946605127816,37.14881943489272,-92.11562955872306,0
2024-01-02 12:59:00,8927,7.3892437052755335,37.61962600795687,-97.10926764001726,0
2024-01-02 13:00:00,2171,42.86569138090434,38.30482325086194,-90.54256800945012,0
2024-01-02 13:01:00,6591,11.149371646009378,32.3225064640237,-94.81951985297421,0
2024-01-02 13:02:00,7342,840.9875947393573,30.66380607279351,-92.67237296225588,0
2024-01-02 13:03:00,2449,22.808185419452506,33.80264878613321,-92.71075099813926,0
2024-01-02 13:04:00,3539,95.95062782200017,38.55097910623152,-94.34756680912251,0
2024-01-02 13:05:00,4959,138.94332368041628,30.78028664285568,-96.77316305349615,0
2024-01-02 13:06:00,7285,76.75529146330027,35.7595379880295,-93.33060538040868,0
2024-01-02 13:07:00,6432,435.598240288626,37.010829491413936,-99.12715126674536,0
2024-01-02 13:08:00,5260,44.59041206900983,34.81407213282297,-90.18564612286404,0
2024-01-02 13:09:00,3361,23.69154521779824,32.55175443606608,-98.16002738713937,0
2024-01-02 13:10:00,7164,22.496851989605346,33.26309481823363,-97.24573813997384,0
2024-01-02 13:11:00,4670,115.58494273575401,30.71652097983586,-90.45560863440194,0
2024-01-02 13:12:00,2753,45.15954905497069,32.9258354733868,-98.1345862258398,0
2024-01-02 13:13:00,9100,22.49990328140206,30.443780075612743,-98.29907301651313,0
2024-01-02 13:14:00,2938,84.88566348590588,37.26324998133968,-91.9546402013784,0
2024-01-02 13:15:00,9562,110.96881602031726,38.979952785116865,-97.48711828519778,0
2024-01-02 13:16:00,6976,71.61504562266416,36.33513128453593,-99.05273411986373,0
2024-01-02 13:17:00,7588,134.23559023697894,36.567032229331865,-97.73356972188398,0
2024-01-02 13:18:00,9616,59.62641096133697,34.72142337140386,-91.11626414286802,0
2024-01-02 13:19:00,7304,30.155721193064604,31.56036449205108,-97.19680814545946,0
2024-01-02 13:20:00,8345,122.9035709039431,30.0772514125337,-93.04939483582969,0
2024-01-02 13:21:00,8875,22.41906575178167,33.43975997610571,-96.04860770520524,0
2024-01-02 13:22:00,7633,17.656688312194145,37.51488557370956,-97.37881232898249,0
2024-01-02 13:23:00,1597,173.46045514998508,39.60431579315582,-98.55952592847324,0
2024-01-02 13:24:00,4062,38.55755380193054,34.310849257418994,-90.27808271445497,0
2024-01-02 13:25:00,3336,288.7854166689303,33.65391012333533,-94.78884455732248,0
2024-01-02 13:26:00,1572,128.58559438201928,34.45958506331381,-98.85245006809836,0
2024-01-02 13:27:00,8521,35.736096560565784,34.27774895804193,-98.01186023919954,0
2024-01-02 13:28:00,7171,88.785329877007,36.25879832998645,-95.92702922282999,0
2024-01-02 13:29:00,8097,684.2889530841969,37.341473970980935,-94.55829473384973,0
2024-01-02 13:30:00,3090,116.07924945659471,37.849580232545804,-98.18203201760316,0
2024-01-02 13:31:00,7566,97.68020287570894,36.49604809434748,-97.22271642222597,0
2024-01-02 13:32:00,5624,30.12269656616231,34.37723958787358,-92.16293674883434,0
2024-01-02 13:33:00,2633,345.34872243658765,39.50103755551538,-95.82518400112916,1
2024-01-02 13:34:00,2517,203.96281820128456,37.11019696371266,-99.98597632172277,0
2024-01-02 13:35:00,4648,30.39985894010539,34.26658040846178,-99.46059711593543,0
2024-01-02 13:36:00,2537,357.9569956883817,34.46581777095504,-95.60671553726938,1
2024-01-02 13:37:00,4137,64.37666459927121,38.179808499290154,-99.39882262415162,0
2024-01-02 13:38:00,7985,23.561601346255955,34.405408877224374,-98.26095588188225,0
2024-01-02 13:39:00,1097,30.00851855477994,35.162736227790916,-92.72123557335922,0
2024-01-02 13:40:00,4750,131.32844079090333,32.91552291919624,-95.19616175278429,0
2024-01-02 13:41:00,9535,23.724300090760067,38.38914833885298,-95.1753806683741,0
2024-01-02 13:42:00,9174,18.11759578649347,35.2228548030332,-94.0178190816859,0
2024-01-02 13:43:00,9103,35.20279622226446,35.525359383894276,-92.11481331848968,0
2024-01-02 13:44:00,6413,40.87369800373191,38.80675402713399,-98.4141404891863,0
2024-01-02 13:45:00,5666,27.845864804499183,39.205172678472096,-98.26952406385095,0
2024-01-02 13:46:00,1610,34.67625317232734,38.241937966665205,-98.78596149774312,0
2024-01-02 13:47:00,2727,136.58282867326716,30.653704129773082,-90.63170722755156,0
2024-01-02 13:48:00,2854,70.56275364227105,34.43509101780114,-94.22709776363355,0
2024-01-02 13:49:00,6055,32.601530882353636,33.433309391524254,-99.07359577045867,0
2024-01-02 13:50:00,3324,35.59310423102381,32.135147813291184,-97.79354439098373,0
2024-01-02 13:51:00,6774,47.86305075385638,39.08953875845786,-92.74409950087154,0
2024-01-02 13:52:00,7519,50.68275892317359,38.90068958314504,-99.71008321182455,0
2024-01-02 13:53:00,2749,50.89749681106258,34.6529788328325,-92.74344442013026,0
2024-01-02 13:54:00,1781,131.66326797476708,31.345608506728635,-90.88535581807272,0
2024-01-02 13:55:00,8548,66.48912525518254,30.133656203317873,-99.43618234228613,0
2024-01-02 13:56:00,7823,68.47424413946555,34.384670805648184,-98.13579554241441,0
2024-01-02 13:57:00,3105,227.4170038757449,30.39955148573543,-99.9762139838643,1
2024-01-02 13:58:00,4867,356.61309689721554,36.0955594191976,-98.90969485409546,0
2024-01-02 13:59:00,8193,15.943141134067574,36.08408870880069,-93.83008479327758,0
2024-01-02 14:00:00,5976,11.258145235469959,38.98939447917448,-99.55182203660864,0
2024-01-02 14:01:00,3113,38.4975223769549,31.900491282893565,-95.74164924513674,0
2024-01-02 14:02:00,6879,119.47756018915545,33.71394242413544,-94.96598233449849,0
2024-01-02 14:03:00,4970,79.518237668591,38.59545388784279,-90.93370901727457,0
2024-01-02 14:04:00,8264,156.66342317946456,34.74296502490115,-95.2570964448618,0
2024-01-02 14:05:00,2577,36.87877396762635,30.597232889719443,-98.57454480855161,0
2024-01-02 14:06:00,3274,7.715977413592085,31.107839115955287,-97.10707785369004,0
2024-01-02 14:07:00,5869,13.918491346074658,38.13454571578451,-93.27804634341751,0
2024-01-02 14:08:00,7744,96.03705039812024,37.43697430028513,-98.87884189777236,0
2024-01-02 14:09:00,3426,157.86711037626822,38.75881517166792,-97.68257232331258,0
2024-01-02 14:10:00,6546,8.110853896329239,31.18861165909144,-90.04222878929073,0
2024-01-02 14:11:00,7852,223.7786812523378,37.60416743796527,-99.9446542908698,0
2024-01-02 14:12:00,3551,86.8890929555487,36.55104364958189,-98.47816686803428,0
2024-01-02 14:13:00,7411,50.88549445585196,32.32293241141043,-91.5631415873974,0
2024-01-02 14:14:00,1007,29.171051838676206,39.73904385555611,-98.98617976777025,0
2024-01-02 14:15:00,9087,268.0466618749743,35.70354819151231,-99.66358994415437,0
2024-01-02 14:16:00,3555,133.8883753055561,39.068779753971356,-98.78687696147247,0
2024-01-02 14:17:00,1475,89.19486332423507,38.590931342069865,-93.06402811302178,1
2024-01-02 14:18:00,6416,26.274463497135812,33.331254605226114,-90.06889468177216,1
2024-01-02 14:19:00,9676,274.2887070153323,35.359568619868135,-94.09364434205362,0
2024-01-02 14:20:00,8239,56.28067118288332,34.313682994046715,-98.75683730941013,0
2024-01-02 14:21:00,7710,73.62741605037519,37.09077570260076,-98.16221229038767,0
2024-01-02 14:22:00,6000,58.736385980373655,35.88042004543428,-94.62317991446383,0
2024-01-02 14:23:00,5654,25.392390318528808,37.848535330372414,-92.84341812814384,0
2024-01-02 14:24:00,9078,75.16765253224074,30.117522595979846,-93.37087817225911,0
2024-01-02 14:25:00,7063,109.61109065022087,36.877932614145585,-94.25273501675564,0
2024-01-02 14:26:00,3285,35.10672086811512,33.19065155219655,-90.1373022417373,0
2024-01-02 14:27:00,6223,68.99794080680579,32.24222139889418,-98.01966049813514,0
2024-01-02 14:28:00,7971,57.88738147952155,38.01241366358672,-98.27096008930528,0
2024-01-02 14:29:00,4525,136.3372137215178,30.892212111881854,-91.40938789581605,0
2024-01-02 14:30:00,3822,40.49014976012672,32.28460045099141,-97.09178270631477,0
2024-01-02 14:31:00,5943,68.48200182640946,32.03734341099778,-96.67473622836229,0
2024-01-02 14:32:00,7530,84.53531713674852,34.19825445059702,-94.51331860005668,1
2024-01-02 14:33:00,1258,39.584313031998775,33.22336784557261,-96.18725200713774,0
2024-01-02 14:34:00,1282,23.91833769521741,37.204683171096704,-97.1235956816013,0
2024-01-02 14:35:00,2898,28.145680042974494,36.99369880601476,-90.82824738752632,0
2024-01-02 14:36:00,5135,82.20285522272872,33.25470891106039,-98.7072578703133,0
2024-01-02 14:37:00,7629,43.1500633957375,34.36980776145795,-95.95710216595026,0
2024-01-02 14:38:00,4200,42.58110206765119,32.07908184179773,-99.9703294128951,0
2024-01-02 14:39:00,6110,99.89779037242349,36.708349004962706,-91.92546340034289,0
2024-01-02 14:40:00,8167,151.3343342031615,33.962227401325755,-98.31581153904051,0
2024-01-02 14:41:00,1612,179.7767625867877,31.328261044422153,-92.27010003184115,0
2024-01-02 14:42:00,1687,29.591845748179313,31.272654919115112,-98.51396885521856,0
2024-01-02 14:43:00,4690,137.3792870012883,33.223206784211754,-95.83261152482396,0
2024-01-02 14:44:00,9804,439.2123870874608,37.47325028636196,-92.71815061497084,0
2024-01-02 14:45:00,3307,61.934055599043596,30.255043361315003,-97.29191196825184,0
2024-01-02 14:46:00,8133,50.738744331084824,32.57774693182882,-96.86082874390608,0
2024-01-02 14:47:00,7509,41.19179486800696,31.624861588887573,-93.32677505223307,0
2024-01-02 14:48:00,6906,18.84490933205922,39.56477821305615,-98.12299016367737,0
2024-01-02 14:49:00,3591,126.75467132215472,37.052816039710265,-90.48215617364849,0
2024-01-02 14:50:00,8183,50.964981304683704,32.33232684118946,-98.11212315809267,0
2024-01-02 14:51:00,6248,47.006701562229544,32.07460585436195,-92.50004539609112,0
2024-01-02 14:52:00,9766,108.56438836110735,38.58030545387277,-91.97401130726338,0
2024-01-02 14:53:00,6108,119.04279506668802,31.90226696416413,-96.25629560392562,0
2024-01-02 14:54:00,4604,29.938842911529967,39.97059200197227,-98.43760859328951,0
2024-01-02 14:55:00,1669,30.662354826742956,32.823031200113995,-98.34096484119752,0
2024-01-02 14:56:00,5364,29.330981882904037,30.84332714869535,-90.14549635990976,1
2024-01-02 14:57:00,8329,451.92412594943625,36.90941894016858,-92.74590063457552,0
2024-01-02 14:58:00,2283,239.163157566808,36.09642792584174,-95.49952563308537,0
2024-01-02 14:59:00,1923,110.72397831546515,39.998221653614564,-97.42650210834783,0
2024-01-02 15:00:00,2125,37.509294734066266,38.02085744371975,-99.81089877255302,0
2024-01-02 15:01:00,2529,42.227470445385094,34.28836533133239,-93.29536143206398,0
2024-01-02 15:02:00,9438,78.52659231874394,36.76611448163084,-90.43083653319299,0
2024-01-02 15:03:00,4711,497.2685554701385,38.17849453603352,-98.93156792266427,0
2024-01-02 15:04:00,9004,72.88458474715235,35.137265254432954,-92.45508752816498,0
2024-01-02 15:05:00,7274,90.8151004656495,32.728714507352116,-98.46763112740075,0
2024-01-02 15:06:00,4864,4.2674605589503996,32.1010564228637,-92.07894817340389,0
2024-01-02 15:07:00,8833,70.63875469848772,32.952814366136145,-96.29427154901155,0
2024-01-02 15:08:00,7788,13.546639825900568,38.48068781669805,-92.87938422342121,0
2024-01-02 15:09:00,1226,33.548933775823265,33.804323724887354,-90.73717595660149,0
2024-01-02 15:10:00,1264,57.218994889053704,32.866641585663174,-93.79860805077872,0
2024-01-02 15:11:00,1645,40.36238516837453,38.05887227795081,-90.7930097571426,0
2024-01-02 15:12:00,8544,28.90573676215735,30.319203417745435,-97.64975624049123,0
2024-01-02 15:13:00,6569,29.164525590281283,35.93958270930342,-90.21866190567812,0
2024-01-02 15:14:00,3990,44.210032140840504,38.736318031862716,-91.27151928026042,0
2024-01-02 15:15:00,3504,42.321345542554084,34.100837490556074,-98.92426665859047,0
2024-01-02 15:16:00,1587,55.716290234366404,32.69318161359284,-95.86460255599484,0
2024-01-02 15:17:00,5079,51.703303768744625,34.917090694359565,-90.72970475953389,0
2024-01-02 15:18:00,4348,196.14927122515806,37.17477167692079,-99.21884635175027,1
2024-01-02 15:19:00,7299,7.031495090137173,35.16605563035199,-95.46237237536087,0
2024-01-02 15:20:00,4831,69.75389003451075,30.07638994625773,-92.7640623801886,0
2024-01-02 15:21:00,9381,58.61611215542346,30.783245561080157,-99.66552690067608,0
2024-01-02 15:22:00,2715,47.74191111485555,37.21328423089702,-92.47169096026363,0
2024-01-02 15:23:00,7450,26.955559749715636,33.99951334875499,-96.38797422217505,0
2024-01-02 15:24:00,6433,47.00676442647151,37.847758312702354,-97.50628183434527,0
2024-01-02 15:25:00,2098,10.659936287105129,36.49489914105909,-94.24027749029835,0
2024-01-02 15:26:00,8096,67.13583077899648,35.81515834321879,-94.55668783360946,0
2024-01-02 15:27:00,3326,80.48406128982039,39.013751683784115,-91.26060713800086,0
2024-01-02 15:28:00,7416,27.00255542736169,30.213220734807127,-93.23997064260466,0
2024-01-02 15:29:00,7980,380.19757131452263,31.55034361397802,-95.78135658080473,0
2024-01-02 15:30:00,7763,48.4027014985906,36.243759554919755,-93.49861588027909,0
2024-01-02 15:31:00,2674,57.058258413187495,30.658280465500955,-92.49851964829836,0
2024-01-02 15:32:00,8950,207.63498630019328,36.44970485060691,-90.62671419884897,0
2024-01-02 15:33:00,9915,465.0400216127937,39.84121077025268,-92.95738409705783,0
2024-01-02 15:34:00,7049,17.754883166727733,38.78808098994534,-94.56127644440066,0
2024-01-02 15:35:00,2089,30.656279563706853,35.909169240254286,-96.27019917060397,0
2024-01-02 15:36:00,5578,49.27036728218107,38.93976674305962,-91.08516367717357,1
2024-01-02 15:37:00,1155,25.974812288992243,31.16268151266265,-92.07480365357087,0
2024-01-02 15:38:00,2958,127.24476579595672,34.54694164925564,-99.22818732779263,0
2024-01-02 15:39:00,7344,23.266560637186053,34.286761158120754,-93.00458795097909,0
2024-01-02 15:40:00,6779,193.7566835822036,33.36447586992991,-94.61250420638103,0
2024-01-02 15:41:00,7144,101.86488204789647,30.002013981343104,-98.9635607334374,0
2024-01-02 15:42:00,6063,174.8700604103235,38.91029018611252,-94.35039115947019,0
2024-01-02 15:43:00,4830,23.37100302151429,37.77706610152795,-98.07494066853663,0
2024-01-02 15:44:00,9831,37.20732252880691,36.528575155997885,-92.91855115427427,0
2024-01-02 15:45:00,7659,134.0195316329555,31.28966843851634,-97.21538693782108,0
2024-01-02 15:46:00,1441,111.78676688078298,33.78205133691504,-98.49656066333372,0
2024-01-02 15:47:00,7040,40.982339870559336,39.24326997367831,-99.1802708104668,0
2024-01-02 15:48:00,6925,47.2507031659038,36.169296050695465,-95.09200537246231,0
2024-01-02 15:49:00,8358,35.362504086224085,36.03410536526025,-98.00365225905983,0
2024-01-02 15:50:00,5628,45.99607080337865,39.131265747570346,-91.448721633124,0
2024-01-02 15:51:00,7370,20.793895550284894,35.59833724899637,-99.96998895066702,0
2024-01-02 15:52:00,1948,17.580363109531312,35.976232485569795,-91.56361210395735,0
2024-01-02 15:53:00,9179,149.22131143618645,33.457156944762175,-94.78907594160992,0
2024-01-02 15:54:00,7115,44.4602517056952,33.714409292323715,-90.77854455641979,0
2024-01-02 15:55:00,1459,172.66058671233702,36.85606862414153,-97.95388742699882,0
2024-01-02 15:56:00,8568,99.08566725056855,33.20435216631312,-98.97726201235783,0
2024-01-02 15:57:00,5646,74.59030303290662,35.5910792058785,-93.75041790772255,0
2024-01-02 15:58:00,1392,26.83691216830404,32.791966911565794,-92.93272580259386,0
2024-01-02 15:59:00,2787,16.26832923441627,31.661252379544454,-96.2741494039632,0
2024-01-02 16:00:00,8374,34.57363098579335,34.544024589387014,-99.8631982640613,0
2024-01-02 16:01:00,2138,252.62783742408786,32.17446012414107,-95.93037541593704,0
2024-01-02 16:02:00,5741,132.81495755182533,38.98494305081541,-97.66213075688508,0
2024-01-02 16:03:00,8418,31.48735424962892,33.036129658270326,-96.52530358621418,0
2024-01-02 16:04:00,7362,34.9682242050949,35.974020955393215,-94.93245541403225,0
2024-01-02 16:05:00,3454,21.561525927826384,32.63441840545204,-92.97658170707365,1
2024-01-02 16:06:00,4674,11.62216891320087,32.58019262724766,-90.36774713671622,1
2024-01-02 16:07:00,2377,60.43691013837914,33.50636081478408,-98.56000155611936,0
2024-01-02 16:08:00,7701,306.4569870736585,39.158745673209495,-93.20100573475351,0
2024-01-02 16:09:00,3597,310.3288991671559,33.91497738285267,-97.6678854818642,0
2024-01-02 16:10:00,1141,100.27375139575614,38.21266469424144,-97.79295296243676,0
2024-01-02 16:11:00,3659,29.88412968002621,31.97298074538433,-93.66445920253429,0
2024-01-02 16:12:00,5596,12.8137625295555,30.48169543136431,-92.24000478636329,0
2024-01-02 16:13:00,6661,155.56477208700431,37.816779213014414,-90.2221295759067,0
2024-01-02 16:14:00,7142,85.38895855896445,35.41874897457102,-92.31169189752298,0
2024-01-02 16:15:00,6626,39.79621577299918,35.037258130269215,-98.42685031770024,0
2024-01-02 16:16:00,9787,33.67338954481201,32.722058492494135,-97.74597343673041,1
2024-01-02 16:17:00,9472,99.52775775050164,30.723170148593518,-92.38610305078589,0
2024-01-02 16:18:00,1423,23.888053541572567,34.82860036332846,-94.73012096197655,0
2024-01-02 16:19:00,7999,69.35457864779342,38.67226358799372,-97.04591986601062,0
2024-01-02 16:20:00,5249,16.121894471823417,31.200220137034858,-95.28216753673588,0
2024-01-02 16:21:00,2750,507.0002955035378,39.29170879347172,-90.85111978418776,1
2024-01-02 16:22:00,5757,27.466102675889672,32.747290802416146,-92.4440063232735,0
2024-01-02 16:23:00,2967,104.41767441415436,35.32186292828662,-95.49302256874472,0
2024-01-02 16:24:00,5088,16.47721230075305,30.665083954665818,-90.19446075354293,0
2024-01-02 16:25:00,5178,46.37436559308804,34.25046593802646,-92.05125373482115,0
2024-01-02 16:26:00,8789,132.24001365386692,31.258978864071636,-99.94129088948118,0
2024-01-02 16:27:00,3946,164.17868553156643,30.479737860772076,-98.87632746646389,0
2024-01-02 16:28:00,6394,117.13044907975633,39.6655769342765,-94.46031211192938,0
2024-01-02 16:29:00,8880,47.548758090365794,37.30094535464133,-96.50045826284426,0
2024-01-02 16:30:00,6075,28.051693483636704,37.19057721013661,-91.87441236163836,0
2024-01-02 16:31:00,8230,18.58440673411188,30.90549689483752,-91.04312992344389,0
2024-01-02 16:32:00,2531,245.6231836460951,39.29350524487742,-97.59349173324753,0
2024-01-02 16:33:00,3990,60.54405246498369,34.694685150098856,-92.36714181155263,0
2024-01-02 16:34:00,8155,72.83810416184423,38.52284068057431,-94.64602644563472,0
2024-01-02 16:35:00,5493,175.1022088083818,30.126011011137706,-96.080329594844,0
2024-01-02 16:36:00,1933,98.17300540771728,32.98206481337507,-92.13219948112237,0
2024-01-02 16:37:00,2460,48.06636916951079,39.960471221264655,-94.35076214962024,0
2024-01-02 16:38:00,3723,114.93921787054857,34.278380426953994,-93.64715950020796,0
2024-01-02 16:39:00,1285,29.296078031644143,38.88493538864355,-99.37745943934188,0
2024-01-02 16:40:00,1264,11.575126429160882,33.279983483710396,-94.14120321273906,0
2024-01-02 16:41:00,7816,224.04395090769623,35.25329132268206,-96.99288728350406,0
2024-01-02 16:42:00,2762,31.842329477005237,38.5421906592596,-95.06705774605119,0
2024-01-02 16:43:00,1040,40.274158592334096,36.05820560203935,-97.77988949291162,0
2024-01-02 16:44:00,6827,43.98798704224219,37.251923426447114,-93.85524346222223,0
2024-01-02 16:45:00,9259,29.898091241512216,32.28833204219564,-98.52531162455784,0
2024-01-02 16:46:00,1987,164.2408357862971,31.558904374551393,-98.7709608308349,0
2024-01-02 16:47:00,8804,79.39665139855003,32.30306443409656,-98.11588603298875,0
2024-01-02 16:48:00,8789,40.29442412514313,34.93048646287057,-91.82535457911841,0
2024-01-02 16:49:00,6717,15.246212613035238,38.00964764767818,-99.66466061010242,1
2024-01-02 16:50:00,4198,73.98022408253728,33.53993850476266,-92.70422768431335,0
2024-01-02 16:51:00,6374,4.708598580325565,35.64815781991971,-99.4349241314151,0
2024-01-02 16:52:00,5790,68.90619098101087,38.04812460978238,-94.08142761346933,0
2024-01-02 16:53:00,8183,209.17692916167468,32.38776466092642,-92.26441527971748,1
2024-01-02 16:54:00,3524,58.2391849753776,38.82975734919809,-97.68927070704665,0
2024-01-02 16:55:00,3479,182.42284266826886,39.530823122223836,-98.04053052427804,0
2024-01-02 16:56:00,6154,15.971764232040764,30.389701357993218,-97.10821872947668,0
2024-01-02 16:57:00,1778,419.281023377741,30.591111100847872,-93.00386724973919,1
2024-01-02 16:58:00,2492,163.5772635314864,30.909597187462168,-97.45173413394423,1
2024-01-02 16:59:00,1660,87.87943885827175,37.76768408509645,-94.98230004822045,0
2024-01-02 17:00:00,2348,30.01224740272845,31.893369451789777,-98.65533899808486,0
2024-01-02 17:01:00,8851,25.418516296817856,37.25695986465907,-95.38804396047733,0
2024-01-02 17:02:00,8156,50.86080418487523,34.41276069871886,-93.7527152568587,0
2024-01-02 17:03:00,3044,181.7765579619276,38.36255009371403,-99.28181073347976,0
2024-01-02 17:04:00,8368,14.650568924242505,38.08555412804262,-91.8457670695225,0
2024-01-02 17:05:00,4516,55.16951354935108,39.59662561382447,-90.62564081203186,0
2024-01-02 17:06:00,5577,113.7747107571344,32.51037850476411,-98.06452240925029,0
2024-01-02 17:07:00,1727,138.28943132378475,32.29239162772032,-92.40567254324156,0
2024-01-02 17:08:00,8468,113.43573907826725,30.315079752885993,-96.86533337621405,0
2024-01-02 17:09:00,1342,13.228934975008482,34.10416095426529,-93.2327537927009,0
2024-01-02 17:10:00,2447,169.3178782420626,34.59063168755417,-96.93322594737265,0
2024-01-02 17:11:00,7581,58.392861985934495,39.64513833429438,-91.37656867100279,0
2024-01-02 17:12:00,7317,18.43783574858623,38.30785294171973,-96.52891914637621,0
2024-01-02 17:13:00,1526,53.294428388529575,31.667917180499234,-91.51169301915925,0
2024-01-02 17:14:00,7748,7.700881914777085,37.984893626082005,-92.33857428064078,0
2024-01-02 17:15:00,1405,97.34856810807777,31.78299280835756,-98.03676087496062,0
2024-01-02 17:16:00,8986,48.05232558236977,30.77765069857777,-98.43046919042156,0
2024-01-02 17:17:00,4740,15.331113778301937,38.37082751456737,-92.20344115263903,0
2024-01-02 17:18:00,2846,40.85067698616568,39.75959581856928,-96.09696745898172,0
2024-01-02 17:19:00,2478,26.910990742656132,30.881185445278042,-90.50606830738467,0
2024-01-02 17:20:00,1771,28.686200291479437,38.13924876218482,-90.57051735304789,0
2024-01-02 17:21:00,6525,5.6914615833983975,38.592126486431674,-93.06519369388978,0
2024-01-02 17:22:00,9770,10.255730063448052,31.187555842664423,-94.99419660327548,0
2024-01-02 17:23:00,1193,43.39312457574627,32.83253471771946,-98.0503269216088,0
2024-01-02 17:24:00,3007,36.53422180348824,37.33660639013065,-91.17607263623128,0
2024-01-02 17:25:00,2185,144.60099081547312,38.07730279582528,-99.18002045659875,0
2024-01-02 17:26:00,3394,29.026726857333152,33.53974122049665,-96.29648723206705,0
2024-01-02 17:27:00,5005,32.23389956701307,31.599293996795208,-96.80780489544307,0
2024-01-02 17:28:00,8429,33.7763240169985,36.48344476009238,-90.41571170761691,0
2024-01-02 17:29:00,3261,44.834156652475556,37.019686032434784,-98.81884073507734,0
2024-01-02 17:30:00,4736,59.827418966859625,35.03607853895028,-91.0985000337386,0
2024-01-02 17:31:00,7716,36.367386188205415,31.449410676400156,-95.43565367933085,0
2024-01-02 17:32:00,5875,96.6621092449942,38.44486744322612,-99.52501091382099,0
2024-01-02 17:33:00,9921,544.6922594534631,36.452659590665164,-92.71133647522088,0
2024-01-02 17:34:00,5378,23.91620123334965,38.691642488308354,-98.99120737721096,0
2024-01-02 17:35:00,8815,80.78812687980692,39.32969074490083,-97.62995921710069,0
2024-01-02 17:36:00,4451,56.23426374388364,38.05697855438069,-92.00271165041387,0
2024-01-02 17:37:00,8616,155.5604702833568,39.58657414516335,-98.45267991024697,0
2024-01-02 17:38:00,3800,66.88668392854186,39.542577457458634,-96.74529956760158,0
2024-01-02 17:39:00,9333,26.40487915688953,36.19344555390336,-96.39001710161843,0
2024-01-02 17:40:00,6410,17.029484986080174,37.28174101895505,-94.11197431184576,0
2024-01-02 17:41:00,2455,100.5333591328545,36.994085353068684,-92.10066703220923,0
2024-01-02 17:42:00,7892,18.47092741156187,36.211361950221566,-97.69188739022641,0
2024-01-02 17:43:00,6808,178.34867564259386,30.193551758308523,-97.94217080617295,1
2024-01-02 17:44:00,7796,94.93502286308588,33.55906682085636,-97.78097406375966,0
2024-01-02 17:45:00,5796,59.54361981798334,31.000783137114805,-96.18388125781864,0
2024-01-02 17:46:00,6093,14.69849293705908,33.00259110132178,-94.64896837423112,0
2024-01-02 17:47:00,2325,107.26722415685585,30.685648069260974,-99.86555045538451,0
2024-01-02 17:48:00,5976,274.9986187189314,39.20031496651332,-92.19702414617497,0
2024-01-02 17:49:00,2159,35.69123683801567,34.513299156559526,-90.73283815368231,0
2024-01-02 17:50:00,5650,25.999899241128713,31.893644476753853,-91.56480442291782,0
2024-01-02 17:51:00,5987,49.79796937873105,35.84779231063952,-99.6281548826674,0
2024-01-02 17:52:00,5697,87.09001787324154,31.964509333726202,-94.75495310279422,0
2024-01-02 17:53:00,1340,32.097584786209325,38.04440321790426,-91.85972888697428,0
2024-01-02 17:54:00,4828,134.18214204719717,33.05919109740251,-96.55885531421404,0
2024-01-02 17:55:00,2968,368.9709719966379,33.14900632864931,-91.0296262208345,1
2024-01-02 17:56:00,1703,75.96296231347064,38.69950943916419,-91.13120321528869,0
2024-01-02 17:57:00,6482,39.449205078271234,35.592028846502345,-98.58295479216247,0
2024-01-02 17:58:00,7376,84.77526168702842,38.8730210575551,-95.06369229870296,0
2024-01-02 17:59:00,2800,177.20363703722285,34.128880298653584,-99.743325172587,0
2024-01-02 18:00:00,6463,64.04824506744646,33.439276965520776,-97.18140392221473,0
2024-01-02 18:01:00,5912,88.68537828185437,35.06202997266108,-91.88127161980259,0
2024-01-02 18:02:00,5648,110.47245222460221,30.614916712029096,-90.24859394320181,0
2024-01-02 18:03:00,1855,22.749749722915162,31.542007712093213,-90.86676743592301,0
2024-01-02 18:04:00,3866,86.4115494796722,32.19521635726317,-99.57419630198801,1
2024-01-02 18:05:00,1182,14.268455560650171,38.166772826864616,-90.732694748816,0
2024-01-02 18:06:00,4112,28.263433364656933,37.33798756910761,-91.77351823155459,0
2024-01-02 18:07:00,6670,171.68517149219113,31.933072787839436,-91.32297483249265,0
2024-01-02 18:08:00,5492,130.4558995687206,32.76747564373526,-90.85173224714313,1
2024-01-02 18:09:00,6823,41.67160617331989,39.44261863467128,-95.11820082452715,0
2024-01-02 18:10:00,2517,300.60389463696276,30.85802962226024,-97.88781706239564,1
2024-01-02 18:11:00,6002,14.72887598370456,35.474550981480604,-99.78975913127083,0
2024-01-02 18:12:00,2356,44.47433614847417,35.220069920144994,-99.7645172928635,0
2024-01-02 18:13:00,4629,71.88763603087216,37.25707817157689,-93.57488577175927,0
2024-01-02 18:14:00,4628,3.2928477710487765,32.61435376353503,-96.6271991069612,0
2024-01-02 18:15:00,9210,46.634351467657154,39.34772650797905,-95.04103347670315,0
2024-01-02 18:16:00,7132,17.734320382037186,34.10582881628695,-98.68664822923932,0
2024-01-02 18:17:00,7588,18.142603139765807,32.85719607234205,-90.24486633815235,0
2024-01-02 18:18:00,4311,41.58627211747732,33.368694168458646,-98.70057000410269,0
2024-01-02 18:19:00,7048,8.796391932160374,33.487223488002854,-95.55193656388491,0
2024-01-02 18:20:00,7246,24.33803167655673,31.9892841366528,-95.56646466894473,0
2024-01-02 18:21:00,1987,9.004438694123104,39.280539198077605,-99.91361443687394,0
2024-01-02 18:22:00,4321,61.7928119851006,31.74875184609334,-93.3220202607305,0
2024-01-02 18:23:00,5615,60.603171809793835,38.82832634339369,-94.61789427325805,0
2024-01-02 18:24:00,9365,38.53057294160502,34.04929219940428,-95.02503811269489,0
2024-01-02 18:25:00,4741,147.88651126892117,32.69276483510752,-91.81915161640359,0
2024-01-02 18:26:00,4052,40.60281563853761,31.985089528386613,-97.58862813251659,0
2024-01-02 18:27:00,7574,53.35242836133795,35.043423299082704,-91.38903190215248,0
2024-01-02 18:28:00,1726,22.0651457221073,36.692585429895665,-91.3522133698345,0
2024-01-02 18:29:00,4760,5.456052333476063,38.98221030460481,-91.73137684083399,0
2024-01-02 18:30:00,6806,47.212575507861544,36.524465837101346,-96.58602224960674,0
2024-01-02 18:31:00,2875,41.431925858502815,34.8366249027277,-98.37442560154348,0
2024-01-02 18:32:00,7993,301.84350310040685,30.33476064578226,-95.24822890620115,0
2024-01-02 18:33:00,5033,106.42558664484551,39.15426905675619,-97.40158941673633,0
2024-01-02 18:34:00,6443,36.12116134800362,39.02369242982439,-99.47818454740262,0
2024-01-02 18:35:00,1989,62.9073509884819,33.78716967320825,-97.20529987960569,0
2024-01-02 18:36:00,4744,135.2355352373456,30.290346626756126,-95.30871688322712,0
2024-01-02 18:37:00,9611,91.53807692631071,37.33369551507604,-98.87264456526034,0
2024-01-02 18:38:00,1593,289.7173621124689,37.91680876857132,-90.55666266122827,1
2024-01-02 18:39:00,2774,24.79404691931313,35.42465829555347,-93.43898818808808,0
2024-01-02 18:40:00,1935,144.75377664923568,34.02874985262821,-98.63659268816616,0
2024-01-02 18:41:00,4808,35.77064785046477,38.51132837802999,-91.87935799210351,0
2024-01-02 18:42:00,1331,66.26199431655063,31.925164166867567,-90.71911704185875,0
2024-01-02 18:43:00,8922,31.259489848261918,34.395581892158205,-97.37215928836441,0
2024-01-02 18:44:00,3702,47.37012837527147,30.244861107186907,-98.56747242555971,0
2024-01-02 18:45:00,6889,67.4618370043534,31.64010527977486,-96.77524496957439,1
2024-01-02 18:46:00,6054,98.81541000260702,39.40831234678011,-91.67751200371474,0
2024-01-02 18:47:00,4868,58.05304382899845,35.780832503647574,-98.24906107150403,0
2024-01-02 18:48:00,5200,4.544193760794953,38.055923295278184,-92.20653413187966,0
2024-01-02 18:49:00,1201,50.554463571681985,34.865004141027136,-92.83736738206788,0
2024-01-02 18:50:00,3497,237.55537693080174,38.3482709800854,-93.48633292443986,0
2024-01-02 18:51:00,2842,50.15550121120827,35.38950510841319,-95.66682500651376,0
2024-01-02 18:52:00,5658,244.32073263282805,30.045377134109856,-96.3322971709905,0
2024-01-02 18:53:00,8544,48.414688821796304,38.996990070308286,-99.14742024578011,0
2024-01-02 18:54:00,8718,11.33639763771482,31.485661198359125,-96.42644214738428,0
2024-01-02 18:55:00,1770,35.411801983251785,34.50554761307771,-93.98158193810833,0
2024-01-02 18:56:00,4155,31.235845031797272,34.76674328848725,-91.01790783853829,0
2024-01-02 18:57:00,2628,43.40032535187224,30.47236273689714,-91.66875461840168,0
2024-01-02 18:58:00,1386,16.687860811635122,30.53070385439245,-99.67784269759949,0
2024-01-02 18:59:00,7031,54.118632393745195,37.62551809444707,-98.61137104840503,0
2024-01-02 19:00:00,7439,39.32026989553728,33.00450790050695,-91.51512021895206,0
2024-01-02 19:01:00,7401,197.91979193362457,34.09628166239884,-90.60681634950777,0
2024-01-02 19:02:00,5008,16.277159672927667,35.6411251546524,-99.44191155426759,0
2024-01-02 19:03:00,3466,69.80242048723643,33.73386104547342,-92.98747935899694,0
2024-01-02 19:04:00,3282,82.35409009615736,37.75037426543194,-96.34266885535773,0
2024-01-02 19:05:00,2856,118.50804979264468,38.844646536191675,-96.35709752524832,0
2024-01-02 19:06:00,8980,37.95541278992552,30.597178841198584,-93.57330807474278,0
2024-01-02 19:07:00,2998,68.0880005731564,36.35403383904609,-91.8978391208329,0
2024-01-02 19:08:00,6476,77.73286379728286,33.17660007457148,-97.25162449119637,0
2024-01-02 19:09:00,5669,10.502740252101187,35.83275278416792,-92.94645655932788,0
2024-01-02 19:10:00,5318,39.34226587551125,34.83907318132299,-93.64123691225649,0
2024-01-02 19:11:00,8064,52.84351167702988,33.33678521012282,-94.82679338395762,0
2024-01-02 19:12:00,8446,59.41687162428663,30.948156463306425,-93.9757425118458,0
2024-01-02 19:13:00,2431,58.694087180403095,35.59439911502898,-99.81946617091974,0
2024-01-02 19:14:00,6624,84.56506958704153,31.127925664267803,-99.95934070052336,0
2024-01-02 19:15:00,8461,379.0260464995204,31.56120088176695,-94.49561433307647,0
2024-01-02 19:16:00,2819,30.10139229265518,39.8217525493091,-94.75891535233255,0
2024-01-02 19:17:00,2130,79.9316402535907,33.167051903470785,-99.28664794672645,0
2024-01-02 19:18:00,7563,200.5980562900084,35.84436189621471,-95.07973673376935,0
2024-01-02 19:19:00,3658,9.037308339737653,32.72231942019064,-92.42471224972897,0
2024-01-02 19:20:00,4500,71.38809221696069,38.655094386061464,-94.58797555984894,0
2024-01-02 19:21:00,9566,10.171815338663444,32.83340190873351,-94.82385709242058,0
2024-01-02 19:22:00,3120,485.6934873461973,33.668851516374886,-92.82091546074228,0
2024-01-02 19:23:00,5020,92.02412162858512,36.08387577810033,-98.28155793046889,0
2024-01-02 19:24:00,4259,80.40614935735633,38.69986707644587,-95.42519467851234,0
2024-01-02 19:25:00,2823,8.386522650095428,38.162141545310135,-98.51952123096544,0
2024-01-02 19:26:00,2474,32.967036903640135,32.63859885556963,-94.7615970308226,0
2024-01-02 19:27:00,3242,33.12220625987932,38.295549574955345,-94.08058567531353,0
2024-01-02 19:28:00,4243,319.4036150336955,37.01195315390963,-98.78326698382244,0
2024-01-02 19:29:00,7990,113.20510216199168,39.89828490411016,-99.24484801938442,0
2024-01-02 19:30:00,6160,10.454926498505118,39.354476679862515,-98.33266388884137,0
2024-01-02 19:31:00,4134,87.31325222965883,35.33136722045377,-94.13662376685379,0
2024-01-02 19:32:00,3070,12.147163872755268,37.499286191925414,-98.10380838802084,0
2024-01-02 19:33:00,1359,10.704527602135494,35.70179701987228,-97.24756690032304,0
2024-01-02 19:34:00,2141,85.92046851728263,35.94995442114973,-92.97454053813875,0
2024-01-02 19:35:00,2635,114.98125682925239,31.015008299777787,-97.51655172969865,0
2024-01-02 19:36:00,5000,86.37977735580947,30.02245708477655,-96.0247301054443,0
2024-01-02 19:37:00,4361,357.65991688748903,30.48186374474887,-90.71154640299763,0
2024-01-02 19:38:00,7583,78.94508911741826,39.666306678944245,-91.75003388638888,1
2024-01-02 19:39:00,8835,64.72154915793804,31.262682279229892,-97.44527749841839,0
2024-01-02 19:40:00,1006,16.183473410221954,30.44389704175186,-94.02424198598186,0
2024-01-02 19:41:00,4267,128.71667597360096,33.09644209707165,-93.34195577302333,0
2024-01-02 19:42:00,7564,10.470436867281748,35.88179939954528,-90.99758490268871,0
2024-01-02 19:43:00,5928,411.7305266455005,39.48460644302933,-94.52532683227464,0
2024-01-02 19:44:00,3606,130.42494696287014,36.99887578551487,-94.38713122417225,0
2024-01-02 19:45:00,6906,888.7334446764552,32.76352968900167,-91.1155278652255,0
2024-01-02 19:46:00,4273,80.58625557242613,39.39058018237148,-99.45618244818611,0
2024-01-02 19:47:00,8611,137.02536587895548,30.360410752652008,-93.71858677489998,0
2024-01-02 19:48:00,1913,41.38129180858669,39.79054007266792,-95.83350793522207,0
2024-01-02 19:49:00,3011,52.28556933767058,30.58640700826449,-90.90236615003914,0
2024-01-02 19:50:00,2442,19.07666940271476,37.53849973057166,-90.3945972841822,0
2024-01-02 19:51:00,6546,12.836483004466302,30.45297539173453,-98.29752735773984,0
2024-01-02 19:52:00,2829,65.98964309523733,39.31561442368507,-97.1853152938196,1
2024-01-02 19:53:00,9767,51.977841035411615,31.08665896731139,-97.26542097237275,0
2024-01-02 19:54:00,7468,18.616090434914312,30.504790130271353,-98.99372372738279,0
2024-01-02 19:55:00,1929,22.22612186360061,38.892651548249475,-95.17056094528701,0
2024-01-02 19:56:00,4699,56.40004693632303,30.95793883917625,-94.86918589270475,0
2024-01-02 19:57:00,2054,18.29958258855059,37.97931290780083,-94.27021740340446,0
2024-01-02 19:58:00,6744,77.99502787575403,37.470346404560075,-93.37041633553744,0
2024-01-02 19:59:00,2900,18.87636919958939,35.98878038488366,-99.37082547535258,0
2024-01-02 20:00:00,7980,70.51704685323544,33.77962720219307,-93.77516454207606,0
2024-01-02 20:01:00,8069,17.27547538493415,39.15580549632989,-90.86190711825947,1
2024-01-02 20:02:00,4415,17.348124857503368,38.71081255868124,-95.45009021017265,0
2024-01-02 20:03:00,1442,5.143680326920203,34.26247110956493,-98.93287556682196,0
2024-01-02 20:04:00,7218,46.51249610891088,32.31724956314648,-99.1405597327157,0
2024-01-02 20:05:00,5652,233.7061991520214,32.72571669418414,-97.18247737089095,0
2024-01-02 20:06:00,8939,220.81622928895746,32.203235773625536,-92.47475373702659,0
2024-01-02 20:07:00,8833,75.49508112428903,35.41251962760544,-97.3900034468241,0
2024-01-02 20:08:00,8597,7.381563832642073,38.68538828570298,-91.85669087698828,0
2024-01-02 20:09:00,5458,126.96039573693903,37.736119671981704,-91.80340853034036,0
2024-01-02 20:10:00,7591,68.42007484957021,37.95510459945439,-95.4288816196829,0
2024-01-02 20:11:00,3309,36.361002495357376,34.482884916996454,-96.99211157096026,0
2024-01-02 20:12:00,7268,182.61244639502667,33.2244483179838,-94.02332847290964,0
2024-01-02 20:13:00,1910,101.03274647411769,37.573557707050526,-91.8946985104319,0
2024-01-02 20:14:00,5340,388.2110141864366,37.932982758544874,-99.35429201999156,0
2024-01-02 20:15:00,5009,13.388031899664234,36.95353706480706,-90.46576456673398,0
2024-01-02 20:16:00,7628,14.477123193908449,30.321071225422685,-93.54099725058394,0
2024-01-02 20:17:00,3169,17.133241935374087,35.89684688068484,-96.01852243694356,0
2024-01-02 20:18:00,3172,41.057703895302076,33.470458292478845,-94.93980764463394,0
2024-01-02 20:19:00,6668,267.24671415238794,31.961927490265676,-96.14407503223143,0
2024-01-02 20:20:00,7313,29.265445179728598,36.94395263342299,-95.8738897087056,0
2024-01-02 20:21:00,9315,29.89812649614764,32.68526135686078,-94.0438338915788,0
2024-01-02 20:22:00,9036,82.87155951650364,39.12841158955855,-99.3975950314283,0
2024-01-02 20:23:00,7789,126.86904944810122,32.98079073763195,-98.24622875015038,0
2024-01-02 20:24:00,1785,5.831115999833472,35.551805996436435,-97.72960430196474,0
2024-01-02 20:25:00,7139,154.42597822472578,38.277621636516336,-95.92485725721657,0
2024-01-02 20:26:00,7344,28.35444176924079,34.02118338027383,-96.28942470422689,0
2024-01-02 20:27:00,3416,49.2828074045876,38.28657959241027,-92.77795440331536,0
2024-01-02 20:28:00,9988,225.4873664446367,37.236963974686624,-97.40820631292677,0
2024-01-02 20:29:00,5154,43.97214655843257,39.20865953083155,-99.42927866392947,0
2024-01-02 20:30:00,6619,11.80035339573296,33.258345625897654,-99.44557753847769,0
2024-01-02 20:31:00,2936,12.504576522087737,31.050280647801323,-99.88686914226687,0
2024-01-02 20:32:00,4807,53.03160830346449,34.303494979304276,-99.61973993460663,1
2024-01-02 20:33:00,8151,39.08095503544813,37.85813469189138,-91.41339325252245,0
2024-01-02 20:34:00,4236,57.94377675822011,34.50435113390055,-93.02757082220253,0
2024-01-02 20:35:00,3352,36.551492468381305,32.61987930193071,-90.04068834101957,0
2024-01-02 20:36:00,2932,188.93949854330276,30.276031775730146,-99.79687271878294,0
2024-01-02 20:37:00,9556,55.96728031093311,33.13023802955827,-91.5099844892468,0
2024-01-02 20:38:00,5916,9.36540276994554,37.13381111163138,-93.03943670733756,0
2024-01-02 20:39:00,6498,123.53604698037269,31.476137562267365,-93.59657568523507,0
2024-01-02 20:40:00,1946,367.3337899713512,33.40879380307238,-96.43467874380816,1
2024-01-02 20:41:00,2439,63.74756461481041,30.202314617051123,-96.23272585210022,0
2024-01-02 20:42:00,8730,68.89270976120062,37.21755003225991,-91.54438809489696,0
2024-01-02 20:43:00,5857,25.030998278721817,38.806830470511755,-92.8651612173871,0
2024-01-02 20:44:00,1340,42.84329944808187,35.68528317688034,-93.2968341964769,0
2024-01-02 20:45:00,1382,90.27585241034063,30.25872105892631,-99.69350671550222,0
2024-01-02 20:46:00,9491,169.3199407932429,32.17625312549533,-98.15680364361289,0
2024-01-02 20:47:00,1138,85.28514411791879,34.38469135294928,-90.3737553976299,1
2024-01-02 20:48:00,1358,336.31253070174637,35.87581220561486,-95.45628750209812,1
2024-01-02 20:49:00,5931,60.248056467587055,34.96276342470471,-92.18606769775762,1
2024-01-02 20:50:00,4456,17.78409460792295,39.158660464112714,-96.10674773777576,0
2024-01-02 20:51:00,2627,18.300796970712057,39.38636316401505,-92.35677122856828,0
2024-01-02 20:52:00,7626,187.61870377165002,31.071524625391657,-98.80787431894488,0
2024-01-02 20:53:00,6004,149.47093730290882,31.383908782073387,-99.57871980372703,0
2024-01-02 20:54:00,7652,10.542302066573864,33.58054912232398,-95.33823428479381,0
2024-01-02 20:55:00,7416,44.27817135008428,34.212348819005946,-94.08353803275504,0
2024-01-02 20:56:00,4170,45.91565798099012,35.86066692661126,-96.76298108693558,0
2024-01-02 20:57:00,4835,25.75083726436576,37.731597497876564,-92.83995372020222,0
2024-01-02 20:58:00,9017,13.324799800035493,31.357677055617426,-95.04180351112716,0
2024-01-02 20:59:00,3151,25.188708895385805,38.0263969607754,-90.71683152456558,0
2024-01-02 21:00:00,7905,21.04475664676053,36.10028313475314,-99.15009482519771,0
2024-01-02 21:01:00,3834,13.647161288307808,39.808844607950014,-99.3343163559892,0
2024-01-02 21:02:00,3567,125.0939831715805,36.511676780825326,-90.94878147753013,0
2024-01-02 21:03:00,2307,72.45361548834998,37.16091504740718,-93.30892867192591,0
2024-01-02 21:04:00,9848,34.32511625670685,31.952088664021694,-93.28881711868462,0
2024-01-02 21:05:00,3660,6.885594586657509,37.688619553590364,-99.72444777719234,0
2024-01-02 21:06:00,4730,40.484690514697654,30.792661776831736,-90.62324774511401,0
2024-01-02 21:07:00,7207,91.9325930789517,36.56530436188186,-92.28174944069534,0
2024-01-02 21:08:00,4162,26.15279377255828,30.555729088487013,-92.35685182193653,0
2024-01-02 21:09:00,2140,17.28837342798471,31.15225821309597,-90.88070358652956,0
2024-01-02 21:10:00,9458,48.278097152270526,31.078662743165907,-94.21846833909693,0
2024-01-02 21:11:00,2708,76.33021237142799,30.524840648225563,-96.05333609436194,0
2024-01-02 21:12:00,4630,7.389566953278145,33.21138916945896,-95.193208314145,0
2024-01-02 21:13:00,4211,211.45435041029745,39.943524579025365,-92.22759296682844,0
2024-01-02 21:14:00,7538,15.656292968293439,33.482253684615365,-92.31270017486148,0
2024-01-02 21:15:00,1475,35.773853569512774,37.6077591333855,-93.90413378572265,0
2024-01-02 21:16:00,8684,177.90879515410796,31.323170158571006,-97.81919640040249,0
2024-01-02 21:17:00,2207,61.89002722335116,34.54491080265455,-91.81115908652964,0
2024-01-02 21:18:00,2960,163.3820681173566,31.851158355648924,-93.52758431789803,0
2024-01-02 21:19:00,1557,258.18566565887005,31.92097170093204,-97.78737979105091,1
2024-01-02 21:20:00,1882,12.683779403898553,30.99690036574038,-95.19355550242663,0
2024-01-02 21:21:00,5761,134.5645359807826,34.32044153027932,-90.02793669252142,0
2024-01-02 21:22:00,6867,205.5083887322854,30.755349207486695,-96.71620160919603,0
2024-01-02 21:23:00,7963,37.49450737217399,39.09811356355661,-98.8343938522915,0
2024-01-02 21:24:00,8166,40.60072702429812,34.479003215719544,-99.78332582815833,0
2024-01-02 21:25:00,8929,8.060343589218814,38.385661414378816,-98.1536764283957,0
2024-01-02 21:26:00,6347,119.23298685999742,39.794644497055124,-98.13033693936288,0
2024-01-02 21:27:00,8269,4.3281131488347775,36.77779178820239,-91.41931555133684,0
2024-01-02 21:28:00,9125,143.8552828538701,39.01510757134173,-98.43845250802494,0
2024-01-02 21:29:00,3454,13.227931261071758,31.353675205030022,-91.37349058121569,0
2024-01-02 21:30:00,5494,219.35440327241477,38.29993645862436,-99.13283491556861,0
2024-01-02 21:31:00,2946,81.14790157445427,32.71217333209976,-90.93355700149367,0
2024-01-02 21:32:00,3808,149.75006897788077,34.72598038842161,-97.43646498078662,0
2024-01-02 21:33:00,7642,24.221072752855097,36.46582649094332,-93.88501938009797,0
2024-01-02 21:34:00,4825,14.390185400630134,39.03543592535214,-98.40272815221188,0
2024-01-02 21:35:00,4536,9.359368648926184,39.10993800929742,-96.09944368326393,0
2024-01-02 21:36:00,7068,162.58533659845648,30.92102377141845,-99.1423219531655,0
2024-01-02 21:37:00,4802,105.9471165410749,33.64555488821058,-94.20471795743157,0
2024-01-02 21:38:00,5699,109.77282972870144,37.931752066842165,-96.54122513471812,0
2024-01-02 21:39:00,2970,73.07178916100038,37.031568892322255,-91.4784991638784,0
2024-01-02 21:40:00,6806,94.05423486976999,30.26352445020828,-98.18183521700772,0
2024-01-02 21:41:00,7142,40.7858395548417,34.4988940505695,-97.20011935578688,0
2024-01-02 21:42:00,3819,79.0673984628076,38.292530951236174,-98.22745322622707,0
2024-01-02 21:43:00,1364,23.177061485412843,37.376844373337725,-94.3617721976397,0
2024-01-02 21:44:00,5258,38.75527599060089,34.118497923323226,-98.88252816237512,0
2024-01-02 21:45:00,4119,1145.194185004602,37.35161122346756,-98.10642994739145,0
2024-01-02 21:46:00,2863,56.765079943121805,35.51210709136606,-93.21510056557987,0
2024-01-02 21:47:00,1115,7.601754965465849,39.12628998068286,-99.2558547346406,0
2024-01-02 21:48:00,8084,36.28520180561017,35.87127174400544,-92.5683632790552,0
2024-01-02 21:49:00,9016,18.96277068084643,34.00734178794368,-98.95666510915586,0
2024-01-02 21:50:00,3384,64.02147120765437,38.62920624568234,-94.14511240416196,0
2024-01-02 21:51:00,4935,22.435418366135895,30.498688423066408,-90.02190544417051,0
2024-01-02 21:52:00,8742,44.17542431343289,39.00510643637477,-98.26107093210999,0
2024-01-02 21:53:00,6442,26.053704977980367,36.96346814497785,-97.38913681333686,0
2024-01-02 21:54:00,3490,66.49881435116112,39.40605860424078,-91.01573346010947,0
2024-01-02 21:55:00,7980,29.15426383221306,32.505048691269586,-93.73713465495729,1
2024-01-02 21:56:00,8661,78.013358316882,36.94921364639861,-95.0746870119569,0
2024-01-02 21:57:00,2724,383.2093551574053,38.09463266905995,-94.37294902729964,1
2024-01-02 21:58:00,9182,17.21167243226213,37.02102579785877,-97.04504655361677,0
2024-01-02 21:59:00,3767,112.60151987524773,32.10333702289265,-91.44678218048087,0
2024-01-02 22:00:00,2137,4.6981566862515916,32.755895680728436,-92.54730974966472,0
2024-01-02 22:01:00,5117,43.260006149818906,35.667423484526736,-93.57533567666084,0
2024-01-02 22:02:00,4420,68.64201260721784,34.46750602690769,-90.68257401772865,0
2024-01-02 22:03:00,6845,25.84164443879079,37.35117188416528,-94.21889139457325,0
2024-01-02 22:04:00,5778,9.139513687500274,33.786766914663204,-94.88122891454684,0
2024-01-02 22:05:00,4906,52.56025476176384,38.59480521859723,-90.24306597665992,0
2024-01-02 22:06:00,4637,252.67785992463098,34.3192040503675,-97.93985886733613,0
2024-01-02 22:07:00,3953,47.16021541074598,30.400412807147923,-98.58031826802295,0
2024-01-02 22:08:00,6929,95.44724857522553,30.17364075884946,-98.37717130466217,0
2024-01-02 22:09:00,1276,168.49071455262123,36.46742586084548,-90.10557991983804,0
2024-01-02 22:10:00,2999,646.436224171469,35.40553118281826,-93.47748945102306,1
2024-01-02 22:11:00,2227,19.062296210107526,35.427446433562885,-96.94077118118487,0
2024-01-02 22:12:00,7337,21.134131927895606,37.900090160284456,-97.51022195650644,0
2024-01-02 22:13:00,4735,40.762619078308504,33.75720234639719,-99.43361409909328,0
2024-01-02 22:14:00,1695,101.03193331995749,39.95446997594985,-98.68052671295992,0
2024-01-02 22:15:00,5152,5.361792905974947,39.45530100609852,-90.91827418663213,0
2024-01-02 22:16:00,8901,104.97885280336446,30.12961767157825,-92.5265893928041,0
2024-01-02 22:17:00,8470,63.323977826254286,38.95742768198756,-90.58440265496003,0
2024-01-02 22:18:00,8537,32.01023335428239,36.80549650370107,-95.76269063544791,0
2024-01-02 22:19:00,3841,83.55540542070078,35.02090336816035,-93.9876275393879,0
2024-01-02 22:20:00,5208,132.90694641867336,35.827474740940424,-95.1632874100101,0
2024-01-02 22:21:00,9733,152.63077596695558,38.418573632643216,-91.1861460351218,0
2024-01-02 22:22:00,2088,55.410182752117024,39.51037392073024,-90.08618112827187,0
2024-01-02 22:23:00,4363,75.64361207919475,35.603336247364425,-90.6722479234963,0
2024-01-02 22:24:00,1024,72.84412026181599,31.8129144718859,-94.0194415221738,0
2024-01-02 22:25:00,7144,187.01658086414352,36.39753983822265,-99.38198022811778,0
2024-01-02 22:26:00,6668,79.93519265900737,30.762189683885808,-93.82473386977853,0
2024-01-02 22:27:00,5236,104.08660391050638,36.351387368348675,-99.02952578468884,0
2024-01-02 22:28:00,9068,133.30777458650763,38.08611802526873,-98.61178526364301,0
2024-01-02 22:29:00,3235,387.05394146878666,33.53331436485887,-98.08655301810865,0
2024-01-02 22:30:00,8295,30.39217397784134,30.711844242551738,-96.36506578945243,0
2024-01-02 22:31:00,9392,277.468855331215,36.922261284129064,-94.08213516349504,0
2024-01-02 22:32:00,9448,646.1940072921407,33.39328750168579,-96.66446325826261,0
2024-01-02 22:33:00,4747,32.39348214700806,32.490966518805514,-95.47732892663967,0
2024-01-02 22:34:00,4175,43.956910887582175,36.89181758943242,-99.52710966915066,0
2024-01-02 22:35:00,5897,35.571652369826474,39.69586468908795,-93.80242199275578,0
2024-01-02 22:36:00,6037,105.30789653764303,37.453223774257374,-93.42968234494057,0
2024-01-02 22:37:00,8427,8.485199104794445,34.91350040559375,-99.00609851950053,0
2024-01-02 22:38:00,9605,33.132075997235326,36.005107224241485,-92.14882844006802,0
2024-01-02 22:39:00,3014,41.52758158186831,31.42278908685789,-93.52540442338015,0
2024-01-02 22:40:00,2381,38.05017347629797,38.13213285682808,-95.10270570718637,0
2024-01-02 22:41:00,2098,37.669002051122746,36.04295010611419,-94.47140125818454,0
2024-01-02 22:42:00,4426,33.473042779024844,39.658303979980175,-94.96954265447204,0
2024-01-02 22:43:00,4655,118.79337821997805,39.79483368289948,-99.46207056272266,0
2024-01-02 22:44:00,8938,93.52644391239163,33.54586692440403,-92.64850539069117,0
2024-01-02 22:45:00,1187,299.8855629497254,39.88545935512671,-94.88189363119463,1
2024-01-02 22:46:00,6409,119.09641302459245,39.5683352810259,-98.27176146503042,1
2024-01-02 22:47:00,3092,18.218014074725918,36.39831963805136,-93.19269146253201,0
2024-01-02 22:48:00,3130,46.06083074925571,33.33464428459156,-93.04934393937945,0
2024-01-02 22:49:00,6242,41.42017875508118,37.53340220747769,-97.86504530587143,0
2024-01-02 22:50:00,9549,70.47360470956282,32.71237231356136,-92.03504927275557,0
2024-01-02 22:51:00,6647,162.91842893696935,36.298438966745806,-95.43495274118985,0
2024-01-02 22:52:00,6185,65.74838173297661,30.24581613799564,-98.19390387492942,0
2024-01-02 22:53:00,6776,65.92329195330585,36.28582796544173,-93.42379996686961,0
2024-01-02 22:54:00,8913,55.14918034198281,39.51608284733562,-94.03273035465652,0
2024-01-02 22:55:00,8547,122.80331249684954,32.3514304270622,-98.29593674176544,0
2024-01-02 22:56:00,8823,30.910465968673925,37.78179486715778,-91.27651100222332,0
2024-01-02 22:57:00,8355,12.717642731840689,32.93423549915602,-91.45465667293628,0
2024-01-02 22:58:00,7465,104.01956185477577,37.07849748728641,-91.63755412143956,0
2024-01-02 22:59:00,2497,79.45311888627967,36.99972369873525,-96.00772141036899,0
2024-01-02 23:00:00,3555,205.08371777161508,31.847377416904784,-91.75377225243659,0
2024-01-02 23:01:00,6409,4.816693914130053,35.9712791042102,-91.5520469161863,0
2024-01-02 23:02:00,3951,49.38519091216723,38.591689531131536,-90.03459727887699,0
2024-01-02 23:03:00,2238,60.74674817650229,33.82533069439561,-90.42395381826351,0
2024-01-02 23:04:00,5727,12.050691468689704,37.10276951348912,-96.17152664962296,0
2024-01-02 23:05:00,4965,50.06907975879889,36.74430035234546,-98.01795750169475,0
2024-01-02 23:06:00,6686,178.91711756311622,32.57514001800604,-97.07537607143624,0
2024-01-02 23:07:00,4701,439.70968737719596,39.186435597857034,-95.05218773334107,0
2024-01-02 23:08:00,3780,145.82494556630266,35.63512084116273,-91.94542366142888,0
2024-01-02 23:09:00,8398,39.4695156731198,33.55292656805524,-92.77015944273904,0
2024-01-02 23:10:00,2588,192.77335655236632,31.643583757024366,-92.12287241188639,0
2024-01-02 23:11:00,3368,135.82979792110027,34.73458352419769,-96.20073627011398,0
2024-01-02 23:12:00,6789,33.636420785174586,37.301134379017,-97.53095355717048,0
2024-01-02 23:13:00,1436,30.51456103582553,36.23640269770988,-99.7587032628154,0
2024-01-02 23:14:00,3828,46.131589754919254,37.27052559552763,-93.73816377921172,0
2024-01-02 23:15:00,2556,19.089739189342563,37.91760752300384,-92.04962264166875,0
2024-01-02 23:16:00,8570,40.01314755348058,34.4100476648944,-91.10859505909917,0
2024-01-02 23:17:00,8480,88.83253087218193,35.20166184024292,-95.2376211664861,0
2024-01-02 23:18:00,1182,154.23960442257123,39.8642211158089,-90.72354221792746,0
2024-01-02 23:19:00,8190,37.38045219956971,39.68051395820866,-97.97587938367641,1
2024-01-02 23:20:00,7687,218.8575077656609,34.14817124758859,-94.8562187685547,0
2024-01-02 23:21:00,6565,104.59601640626794,36.85179524206495,-97.86232255130186,0
2024-01-02 23:22:00,8241,109.47027146512697,32.675901783278526,-98.11924487414034,0
2024-01-02 23:23:00,8651,21.779915678982615,31.526975456356485,-90.46611867997649,0
2024-01-02 23:24:00,6575,332.8727286816133,37.684012226237336,-91.82259311269902,0
2024-01-02 23:25:00,2589,94.95133071109966,34.36179969418024,-99.88200103558735,0
2024-01-02 23:26:00,9851,39.147346294149386,31.77052803650019,-97.31487004861543,0
2024-01-02 23:27:00,1159,32.814902681713924,37.58847923520547,-97.94864748946277,0
2024-01-02 23:28:00,7555,40.02674506469714,39.151703597940234,-98.52865819855407,0
2024-01-02 23:29:00,9244,19.7205739776432,39.33273500457737,-93.02587570635357,0
2024-01-02 23:30:00,7846,146.68692362754942,35.9633370846262,-94.33162168664533,0
2024-01-02 23:31:00,3307,21.847312357216964,34.79641128974873,-95.46065429249889,0
2024-01-02 23:32:00,2228,72.95368873020483,31.418665861618056,-98.10502941560186,0
2024-01-02 23:33:00,8226,34.81619854107394,37.92789804256103,-97.22381943718344,0
2024-01-02 23:34:00,6590,106.78275771947871,39.4532315210029,-96.43898950975407,0
2024-01-02 23:35:00,7919,122.32785988021452,38.89460413617397,-92.14517314167696,0
2024-01-02 23:36:00,6585,28.67698651697085,37.51783454437671,-90.1081056642643,0
2024-01-02 23:37:00,7046,52.779683488094854,30.04568862590776,-98.1602294532373,0
2024-01-02 23:38:00,5945,12.892020297856366,34.077508746073406,-96.58477331106697,1
2024-01-02 23:39:00,8927,299.02978245818576,34.10714171701808,-97.19798453455388,0
2024-01-02 23:40:00,8016,158.85679038127472,38.94368232959732,-99.55932605407725,0
2024-01-02 23:41:00,8758,13.523935293992723,30.656507169190483,-97.80781143065344,0
2024-01-02 23:42:00,6086,22.944902410637305,35.312225838819266,-90.98386056615193,0
2024-01-02 23:43:00,8161,47.711939941094556,31.36134403927117,-91.57141821127604,0
2024-01-02 23:44:00,2884,56.755962678198344,36.622939142659725,-98.32402684885244,0
2024-01-02 23:45:00,2809,27.493474881278356,37.92255488178181,-96.3383698738371,0
2024-01-02 23:46:00,4167,17.375688252043286,36.41959211971631,-96.89196944728039,0
2024-01-02 23:47:00,7352,81.0471683800412,37.94585141020626,-98.52259191945843,1
2024-01-02 23:48:00,7056,310.90408943573766,36.074962977318805,-93.77791790362173,0
2024-01-02 23:49:00,3437,57.66586583071589,31.898391104748764,-94.42702239634713,0
2024-01-02 23:50:00,7468,40.783916318867725,33.82663518502375,-95.73008667261628,0
2024-01-02 23:51:00,6951,36.71408933575897,39.56868816197255,-91.4450167189178,0
2024-01-02 23:52:00,6276,18.233787870405262,32.88174912778007,-93.80288659987093,0
2024-01-02 23:53:00,9859,27.88294602940182,30.628623842633502,-97.40726317432593,0
2024-01-02 23:54:00,8818,170.05315767254064,33.848299748955526,-96.26295262800132,0
2024-01-02 23:55:00,5728,6.883656591399897,33.663071188441144,-98.49843270216867,0
2024-01-02 23:56:00,3624,58.56301322342358,34.703088157324174,-94.08626726889837,0
2024-01-02 23:57:00,6738,56.14595654124105,35.60303422081213,-94.13370912029386,0
2024-01-02 23:58:00,5232,61.460785266364375,39.924232665070896,-91.29816314027599,0
2024-01-02 23:59:00,6793,113.00337758784036,37.56233942186017,-91.44183298957988,0
2024-01-03 00:00:00,5523,58.04167363962541,30.358907642577105,-91.63057966540052,0
2024-01-03 00:01:00,6571,34.67574903934292,37.12712328206513,-94.5104768029847,0
2024-01-03 00:02:00,3224,28.314590631639124,38.242317484117585,-93.47980189242557,0
2024-01-03 00:03:00,9389,200.00527938971769,38.95630738884387,-92.24458056031722,0
2024-01-03 00:04:00,7091,154.63259951736697,34.24006102902401,-99.08315169044315,0
2024-01-03 00:05:00,9662,970.3312612214878,33.13625568105849,-96.99402104822144,0
2024-01-03 00:06:00,7361,41.223627348740195,38.39324792723238,-98.30910057180328,0
2024-01-03 00:07:00,2948,28.840682947321554,37.77615409358539,-94.88532305653894,0
2024-01-03 00:08:00,8094,85.89854549426839,35.36042449965826,-91.62332043367392,0
2024-01-03 00:09:00,7318,83.84891025842462,31.17882784415152,-97.69288030350242,0
2024-01-03 00:10:00,4796,103.16762358591187,36.517613390681014,-92.69096464829272,0
2024-01-03 00:11:00,1234,127.37441226934739,30.65667566432874,-95.94176003613512,0
2024-01-03 00:12:00,4607,102.17362909176724,31.003668046901673,-90.96925099641287,0
2024-01-03 00:13:00,9043,159.97724813770134,33.311402389252315,-93.73210459153404,0
2024-01-03 00:14:00,1522,182.72920641793854,33.71175496868062,-90.23446994404337,0
2024-01-03 00:15:00,6904,186.01823685817791,34.6197403889028,-97.54330224272219,0
2024-01-03 00:16:00,5888,5.689725757960944,33.391429592187485,-90.76041621761205,0
2024-01-03 00:17:00,6832,68.88103613184983,30.33788155434519,-96.42944235351946,1
2024-01-03 00:18:00,8122,21.688665815751122,31.574156844257335,-93.78032537699622,0
2024-01-03 00:19:00,6842,156.87475775631955,31.151119658320344,-98.2549178655276,0
2024-01-03 00:20:00,2316,5.571689363993331,34.31183598565959,-92.40214879861176,0
2024-01-03 00:21:00,2124,237.27629830512876,32.12128927181664,-90.2174956596335,0
2024-01-03 00:22:00,6621,22.995540035648634,32.935452928949665,-92.12573883607881,0
2024-01-03 00:23:00,6423,18.286011342374692,34.71567463364726,-93.84203257506395,0
2024-01-03 00:24:00,3587,77.96416676604608,32.35561859810528,-95.5178602458693,0
2024-01-03 00:25:00,6672,37.589668649108575,32.459291043860595,-96.54763692193247,0
2024-01-03 00:26:00,2378,323.561533501529,38.331441773865684,-95.80987383481484,1
2024-01-03 00:27:00,4374,213.37115203271924,35.4808686806065,-96.71711687234998,0
2024-01-03 00:28:00,2519,32.758592612705854,38.56759451579997,-91.6729013299504,0
2024-01-03 00:29:00,6777,154.85434418978897,35.145259152192104,-91.06888876772501,0
2024-01-03 00:30:00,8935,31.649207212467797,39.09264232423322,-90.50342314290262,0
2024-01-03 00:31:00,7093,31.377321118371547,32.54742071493001,-95.8163767809215,0
2024-01-03 00:32:00,9418,111.51786006890727,36.16670033447201,-94.53780796564908,1
2024-01-03 00:33:00,6355,234.12170581533505,35.03231773853879,-94.2310457895751,0
2024-01-03 00:34:00,5968,35.12550420662349,39.18690926683193,-93.48911822621662,0
2024-01-03 00:35:00,6574,37.9045526095307,34.18479577857331,-99.97543659108128,0
2024-01-03 00:36:00,5072,73.78863475163239,38.548238132665674,-91.57310328566331,0
2024-01-03 00:37:00,3257,22.33175207334989,35.63904050605864,-97.31859345967536,0
2024-01-03 00:38:00,9588,261.232388829086,37.085429518604975,-95.27835931253718,0
2024-01-03 00:39:00,5424,22.119230564409754,38.868930931195564,-91.58431742954816,0
2024-01-03 00:40:00,4237,28.985805204985972,39.96906414704795,-90.0314385304931,0
2024-01-03 00:41:00,4893,319.653971300906,37.3113955864772,-92.0511649521448,0
2024-01-03 00:42:00,3005,67.66631064043976,33.14521952917783,-99.75166762714024,0
2024-01-03 00:43:00,3016,381.29884159561595,32.9901199329211,-96.31245829219094,0
2024-01-03 00:44:00,2772,43.84770935763997,33.091038248919645,-97.52789363866995,0
2024-01-03 00:45:00,9353,678.2519454498612,30.979083202994982,-90.35868267094561,0
2024-01-03 00:46:00,4976,101.05348998839652,30.535988919288695,-97.35771083522366,1
2024-01-03 00:47:00,2751,25.72759232741515,35.808428763236975,-90.56649809660557,0
2024-01-03 00:48:00,9967,25.334380374216348,38.10588527221692,-90.624824864981,0
2024-01-03 00:49:00,8430,12.71512321307718,30.361345398153603,-91.60589687074689,0
2024-01-03 00:50:00,8170,14.184999797576928,35.6663429642184,-99.0192823330176,0
2024-01-03 00:51:00,7469,28.232348079489725,33.71761121222829,-99.98004771993516,0
2024-01-03 00:52:00,4220,20.254997645604057,38.924852025576186,-92.06116915786286,0
2024-01-03 00:53:00,1539,4.145688206454186,31.45386928880886,-91.56700942408735,0
2024-01-03 00:54:00,2461,126.6618569496088,35.634320050095454,-90.37818306768386,0
2024-01-03 00:55:00,6184,118.55034479068584,39.70920706994792,-97.81617388547221,0
2024-01-03 00:56:00,9547,74.31976087356999,33.450329664650624,-92.66853532075751,0
2024-01-03 00:57:00,1234,17.549642565165634,37.417769112935055,-94.80935582568806,0
2024-01-03 00:58:00,2548,283.3809509169732,38.82451155040086,-96.71517794803925,0
2024-01-03 00:59:00,8480,45.687827680762446,31.862105624717287,-93.93708989940976,0
2024-01-03 01:00:00,5213,23.73064366285263,39.92527180262004,-94.51800606412034,0
2024-01-03 01:01:00,2673,68.8951740219252,38.093866650390304,-97.07705600721997,0
2024-01-03 01:02:00,7708,65.05539720058273,31.375642581125398,-97.31537537868198,1
2024-01-03 01:03:00,8982,4.4693796434217825,33.10884700514838,-95.13419775852729,0
2024-01-03 01:04:00,3100,52.934464266143806,36.24970038357344,-95.2596349151392,0
2024-01-03 01:05:00,4748,61.59243320848339,38.849177626043925,-96.97947296832004,0
2024-01-03 01:06:00,4173,37.38459891732747,31.948355225922775,-97.36268841959631,0
2024-01-03 01:07:00,2815,14.563889440808447,37.31205582545495,-90.4569259085903,0
2024-01-03 01:08:00,4841,14.999327873442748,32.70648013218021,-91.3762949525462,0
2024-01-03 01:09:00,9016,91.29220725839495,38.05416450627665,-91.83220894575466,0
2024-01-03 01:10:00,8011,116.93298383301719,36.834420272750336,-97.85716231322994,0
2024-01-03 01:11:00,5493,34.88268258659449,35.22909034668607,-98.10708965014199,0
2024-01-03 01:12:00,1674,80.02329117934597,36.49865962409,-91.90670981701902,0
2024-01-03 01:13:00,9088,34.538745260151565,38.76445245533817,-98.15325652307752,1
2024-01-03 01:14:00,9578,23.26060128264085,33.864258598464836,-94.96464064244964,0
2024-01-03 01:15:00,3158,67.66011656042451,37.69250180156028,-97.78578213229747,0
2024-01-03 01:16:00,3661,17.303434325838644,31.589054348754964,-96.21930216329848,0
2024-01-03 01:17:00,3064,362.7754652428718,37.011855654419016,-91.46545772590457,0
2024-01-03 01:18:00,4253,12.968019487485407,37.506573624717106,-91.08581656747373,0
2024-01-03 01:19:00,5979,72.5174602738792,34.429976967544555,-90.03320749118207,0
2024-01-03 01:20:00,8703,63.44918393668052,37.936221052995776,-90.56095719984918,0
2024-01-03 01:21:00,9931,58.05992580667618,35.571033658778774,-93.28749275614265,0
2024-01-03 01:22:00,2401,240.66198473443183,39.36274397669466,-95.68274005802358,0
2024-01-03 01:23:00,4259,3.7202420465830173,31.124664359613647,-99.42307624708059,0
2024-01-03 01:24:00,4923,82.41208637677907,31.308214262651816,-93.91833886496521,0
2024-01-03 01:25:00,5214,41.53857454505976,38.424274420445556,-97.89319337995954,0
2024-01-03 01:26:00,4227,97.90286322305695,38.42361274566352,-91.49863716170394,0
2024-01-03 01:27:00,3745,57.666837936263036,34.712247512082584,-94.5110112065028,0
2024-01-03 01:28:00,7091,50.65204577246885,39.639622098722306,-92.66498317103863,0
2024-01-03 01:29:00,4866,16.324798536308393,36.793893186267034,-93.26504965312974,0
2024-01-03 01:30:00,6818,27.85082251221542,39.82853246762062,-96.52668808168667,0
2024-01-03 01:31:00,3222,1250.7640479831168,35.323953952013184,-92.40913949787375,0
2024-01-03 01:32:00,3792,98.80044373045696,32.016133442480154,-91.56624756130981,0
2024-01-03 01:33:00,5063,156.42758298720142,34.44393127029131,-92.55869563631356,0
2024-01-03 01:34:00,2524,38.4017555646025,39.80486841947015,-92.23193219675703,0
2024-01-03 01:35:00,9224,23.20553044289925,33.70413953029407,-96.39984460333268,0
2024-01-03 01:36:00,7198,118.67964147127184,39.57016433134834,-90.56312067251763,0
2024-01-03 01:37:00,5025,8.135862275820031,37.97021347674317,-95.75427881643924,1
2024-01-03 01:38:00,3566,28.48169216321502,34.421063277929974,-91.02949781453536,0
2024-01-03 01:39:00,3803,38.29902907192159,35.41871031957584,-91.42190610191984,0
2024-01-03 01:40:00,4709,140.469320200709,36.07439077282295,-98.75669024621571,0
2024-01-03 01:41:00,7155,82.57547417545494,36.657660847303056,-90.33729440408382,0
2024-01-03 01:42:00,1719,34.0251606946655,30.766992166151198,-90.0365831461663,0
2024-01-03 01:43:00,7516,78.96249651597927,39.335880524162135,-93.93853483270999,0
2024-01-03 01:44:00,5579,40.320021662337524,35.96999713100666,-92.16889949140052,0
2024-01-03 01:45:00,1972,159.1803377097412,39.311492196038195,-90.66312962448184,0
2024-01-03 01:46:00,4718,69.14161012227827,36.31898471288365,-99.7997560953037,0
2024-01-03 01:47:00,8395,309.95985985798535,34.31015489009751,-90.70009975702018,0
2024-01-03 01:48:00,5402,41.35551030423338,35.66928011536332,-93.72633862240892,0
2024-01-03 01:49:00,5552,185.93464348639083,38.295032740402846,-91.71543599630716,0
2024-01-03 01:50:00,3207,59.7646287628018,33.26125831451674,-94.59277726980127,0
2024-01-03 01:51:00,5426,27.18747390704769,39.56460057075919,-94.69453960606484,0
2024-01-03 01:52:00,7919,736.2535196649545,34.659551978057365,-91.0248179425539,1
2024-01-03 01:53:00,9835,202.29131750869115,39.562370020973866,-94.92527993515225,0
2024-01-03 01:54:00,9386,69.01496003372684,38.80756614743263,-95.28210618879204,0
2024-01-03 01:55:00,9680,117.44807838167809,37.67661956415812,-93.91811191571608,0
2024-01-03 01:56:00,3204,18.50389594800522,34.67437799437206,-94.81430018837642,0
2024-01-03 01:57:00,6345,19.166970043163843,35.8694514431432,-95.53713043861548,0
2024-01-03 01:58:00,4276,166.34938190494333,38.38029412360326,-98.19476171772205,0
2024-01-03 01:59:00,2102,54.86070732774263,35.440558018647,-96.02599512866865,0
2024-01-03 02:00:00,6243,46.720472167732126,37.38189576538491,-97.17954299165656,0
2024-01-03 02:01:00,7614,40.93814647552545,37.90659051006763,-95.9953527348483,0
2024-01-03 02:02:00,9707,63.56528166139961,35.13095245668685,-94.06841704687015,0
2024-01-03 02:03:00,6223,42.34077579200309,35.36247518353669,-93.9114826290259,0
2024-01-03 02:04:00,9584,7.155342089587347,31.978347172218825,-97.61338521707292,0
2024-01-03 02:05:00,1630,224.94935024211338,32.44739177707084,-99.15521353384034,0
2024-01-03 02:06:00,7683,48.88348640712963,39.049431831942115,-92.55562310965837,0
2024-01-03 02:07:00,1277,340.87935929836135,38.40329612663318,-94.71429307253571,1
2024-01-03 02:08:00,1232,9.372723576135547,30.10122558540114,-95.57898650363003,0
2024-01-03 02:09:00,6690,9.336025976697465,38.69387585988062,-98.70404531195457,0
2024-01-03 02:10:00,8659,41.45408646268976,30.25234885586802,-95.85336249053118,0
2024-01-03 02:11:00,1025,145.11511420716494,34.582804029423286,-91.8182458337945,0
2024-01-03 02:12:00,8468,16.12438590381913,30.674327261109028,-94.18564370535445,0
2024-01-03 02:13:00,7410,15.510573376308143,39.688231384571694,-99.09024487264085,0
2024-01-03 02:14:00,9652,79.19810238202369,39.72319255804216,-96.6772486687264,0
2024-01-03 02:15:00,4764,39.929936603434975,36.10870941966617,-90.20197974086413,0
2024-01-03 02:16:00,7599,94.07383108923818,33.922049108235335,-94.55492528597927,0
2024-01-03 02:17:00,6102,40.6520878684612,35.119927501945796,-97.13603920404097,0
2024-01-03 02:18:00,8006,80.24923929739279,37.62299320481916,-90.86555253798079,0
2024-01-03 02:19:00,4483,214.03364856503546,32.23192959720184,-96.63999365996611,0
2024-01-03 02:20:00,2994,16.158612806783587,34.417224912169296,-92.70092665500852,0
2024-01-03 02:21:00,9682,178.5354201622503,37.372686902530845,-98.5277949428188,0
2024-01-03 02:22:00,2072,9.932900512498565,33.953924778371274,-98.4350688590106,0
2024-01-03 02:23:00,7707,100.41750793088491,30.319965220926964,-94.38685979671145,0
2024-01-03 02:24:00,1215,225.71410342690214,35.073944190551195,-97.60176681424966,0
2024-01-03 02:25:00,8605,32.32794337985603,37.374111625395464,-99.50667913471652,0
2024-01-03 02:26:00,3606,104.01707976757257,39.768164091845605,-90.73534560024333,0
2024-01-03 02:27:00,9350,33.54563810025342,30.370461531973508,-99.44010451385417,0
2024-01-03 02:28:00,5781,98.04054662031473,35.39920602150977,-92.82562113304334,0
2024-01-03 02:29:00,4313,5.705899523355168,34.499386621389576,-96.6701417730254,0
2024-01-03 02:30:00,8763,64.2098524636619,32.4244878929094,-90.66495034889691,0
2024-01-03 02:31:00,6939,81.07632247781626,36.377627200472375,-90.13947610826573,0
2024-01-03 02:32:00,3295,209.49124553635545,31.636224928557823,-96.64569348668934,0
2024-01-03 02:33:00,6685,137.7245314494715,32.83864767314853,-94.08893180396538,0
2024-01-03 02:34:00,2696,46.46800204232748,37.817573901751246,-92.27015245429048,1
2024-01-03 02:35:00,2946,71.38336064141612,34.60411740025555,-98.76590650016715,0
2024-01-03 02:36:00,3783,12.856937836447228,39.936706469198846,-92.90537696127085,0
2024-01-03 02:37:00,4644,282.61200165222107,33.86460744148794,-90.93802515584339,0
2024-01-03 02:38:00,6241,108.97945719018445,34.63261066100216,-98.21497452727975,0
2024-01-03 02:39:00,7420,8.491785044284969,33.00257762088534,-91.6128990867165,0
2024-01-03 02:40:00,8557,69.8246464278272,32.36293606191045,-98.84396527329064,0
2024-01-03 02:41:00,3645,75.36480919230057,39.22281411194817,-94.3169830345773,0
2024-01-03 02:42:00,7589,25.180152982081953,37.48826640128731,-96.60636330720202,0
2024-01-03 02:43:00,7353,60.1514492237684,33.334025322014135,-95.28284139427126,0
2024-01-03 02:44:00,2932,22.771728800677202,37.001559896457245,-96.99367815395533,0
2024-01-03 02:45:00,2757,13.401979598719677,39.6578375043656,-97.39460628386533,0
2024-01-03 02:46:00,6085,29.566826821707078,30.74047965613914,-92.56860810092263,0
2024-01-03 02:47:00,6637,64.81844832019831,32.645044043708594,-97.76886785238891,0
2024-01-03 02:48:00,2116,138.14885087401973,32.005785491950014,-95.91586955829715,0
2024-01-03 02:49:00,1492,58.54633259133015,38.6978316364441,-97.25442920683172,0
2024-01-03 02:50:00,9811,139.50373414109808,31.791903295515162,-97.61364915881828,0
2024-01-03 02:51:00,8888,104.44943489584793,33.08075995989664,-93.72903888979279,0
2024-01-03 02:52:00,7474,19.38698479681889,35.43860773326185,-99.54571383741977,0
2024-01-03 02:53:00,5958,103.6586238480344,36.2109435558695,-92.11101262996291,0
2024-01-03 02:54:00,3743,106.5637505335731,38.08183762532656,-94.53765936046612,0
2024-01-03 02:55:00,8866,311.62515755553284,34.073232465539036,-91.71562603892662,0
2024-01-03 02:56:00,8160,82.32331507749583,35.34244722653893,-97.86984016601872,0
2024-01-03 02:57:00,6451,15.884216642058227,39.65462075044205,-92.90593959159445,0
2024-01-03 02:58:00,6258,31.372107553105426,32.97361736643406,-95.79416158568179,0
2024-01-03 02:59:00,9548,8.562933801385382,32.48094211165325,-99.23196022834297,0
2024-01-03 03:00:00,8186,90.96524575656399,37.10599191341751,-92.47523607787669,0
2024-01-03 03:01:00,7102,285.42164433955304,37.711362712004714,-92.37812764600551,0
2024-01-03 03:02:00,1619,4.997073845154242,34.147789031803086,-97.29083134109516,0
2024-01-03 03:03:00,1882,297.7428940690953,32.12978918221891,-90.83953981041883,1
2024-01-03 03:04:00,9988,89.76880241072433,37.789226558113924,-92.36030203233275,0
2024-01-03 03:05:00,4642,18.604776444485477,36.70492895279038,-96.93242630876611,0
2024-01-03 03:06:00,2296,70.5763173195819,38.7622780128024,-97.60891057594591,0
2024-01-03 03:07:00,9436,19.21463681339394,38.44326464327121,-95.5991044428617,0
2024-01-03 03:08:00,3895,84.81053474647429,32.05195184504233,-97.07210185222088,0
2024-01-03 03:09:00,7593,58.16949346865801,38.3233918008868,-97.82976946085492,0
2024-01-03 03:10:00,1929,75.8944507728419,31.751737411189037,-96.00899242774761,0
2024-01-03 03:11:00,6366,21.78149340362167,38.637039037779054,-99.74295777173651,0
2024-01-03 03:12:00,9711,25.195852392835995,37.70320934032678,-95.98588929318618,0
2024-01-03 03:13:00,4212,90.18123906782758,35.69861074282399,-97.78337371782699,0
2024-01-03 03:14:00,3409,33.02529245943164,36.42221675810446,-97.35665813024016,0
2024-01-03 03:15:00,9199,63.371726528791285,31.04079270874758,-99.17446713767794,0
2024-01-03 03:16:00,4423,85.88279601460992,30.39885181486332,-94.11068316364378,0
2024-01-03 03:17:00,7976,43.71293886722283,33.306467417339086,-95.27990772427364,0
2024-01-03 03:18:00,8594,173.31334143349366,38.2140581141719,-92.49372622110221,1
2024-01-03 03:19:00,6158,45.35178412332755,34.65785573179973,-90.12901374820653,0
2024-01-03 03:20:00,4667,44.01033589023735,32.23394030053207,-98.80465991521211,0
2024-01-03 03:21:00,6973,29.028985319098123,38.34548899914816,-97.27574911046574,0
2024-01-03 03:22:00,7236,154.46723849531605,32.28627258648973,-93.17545871955096,0
2024-01-03 03:23:00,9277,26.917907191314438,38.15493723240942,-97.62687990898549,0
2024-01-03 03:24:00,3468,191.42387196535128,34.52979530918148,-99.69852484483597,0
2024-01-03 03:25:00,7217,64.27126947243428,34.634948872672815,-98.90193376052035,0
2024-01-03 03:26:00,4619,797.9890006033122,32.727196098582425,-95.66373072541519,0
2024-01-03 03:27:00,2636,28.20615245856493,39.001740208993525,-95.69215347877306,0
2024-01-03 03:28:00,9155,195.42836727759354,30.887852756941342,-90.2769530937311,0
2024-01-03 03:29:00,4583,90.94382239695582,31.444063013035244,-95.34049966102232,0
2024-01-03 03:30:00,5009,32.663093057417,36.35884768246208,-93.21932292531507,0
2024-01-03 03:31:00,4326,92.17414387430922,38.50115265756348,-95.07798998286655,0
2024-01-03 03:32:00,9148,87.79056330567653,30.954512501852275,-97.30081501087173,0
2024-01-03 03:33:00,3217,39.175884838963604,37.33752249416608,-98.945489348854,0
2024-01-03 03:34:00,5967,83.78725260297756,37.42511533139486,-91.40925983910103,0
2024-01-03 03:35:00,3369,174.76489137907595,35.81522730164928,-98.47337305564776,0
2024-01-03 03:36:00,4638,91.04502466793521,34.86728048169663,-99.03106384077134,0
2024-01-03 03:37:00,6722,35.902783606490914,33.210877593075345,-97.86171388970959,0
2024-01-03 03:38:00,5444,33.93672001085094,33.514617924326664,-99.9751136076506,0
2024-01-03 03:39:00,8618,50.02836435884325,36.74433472415471,-99.28034850175007,0
2024-01-03 03:40:00,4947,166.07874022231655,30.652872912139102,-93.64803231565895,0
2024-01-03 03:41:00,2676,25.692802887756432,35.84934987544626,-97.56452393142105,1
2024-01-03 03:42:00,2196,80.81246103077278,32.78732192452847,-96.61487904358079,0
2024-01-03 03:43:00,3787,11.444765207895415,34.666059119439424,-91.64700245150307,0
2024-01-03 03:44:00,8432,98.94968687134555,35.589796184501985,-92.27100417061119,0
2024-01-03 03:45:00,8927,115.7891538499074,38.85659343634331,-95.07751898962637,0
2024-01-03 03:46:00,4318,414.72742460171725,35.790748883323545,-93.87023341739572,0
2024-01-03 03:47:00,9858,137.72969792911002,32.27159571639019,-99.14188721559779,0
2024-01-03 03:48:00,7689,36.55430906747507,30.79459453172377,-92.38405298518641,0
2024-01-03 03:49:00,3176,11.768432120891912,36.269883995909716,-94.83808533304747,0
2024-01-03 03:50:00,4743,91.30417235807543,35.45048396351139,-94.29050898057372,0
2024-01-03 03:51:00,9792,39.36108731222284,36.71797896576062,-93.34473034563659,0
2024-01-03 03:52:00,5422,76.25648017089549,34.59396579137337,-94.99824700897287,0
2024-01-03 03:53:00,4824,26.570854505448295,38.25125847333028,-94.78307369809743,0
2024-01-03 03:54:00,3451,45.91554718551351,39.20179682238633,-95.00364413177122,0
2024-01-03 03:55:00,1628,9.974329056034424,30.40004422223627,-95.0318252185643,0
2024-01-03 03:56:00,8778,19.17857753867408,37.44086536163121,-92.49794699291677,0
2024-01-03 03:57:00,4696,16.655321489449506,30.351605447468422,-95.727914728192,0
2024-01-03 03:58:00,4674,130.6849989387511,34.450966868725445,-99.97106681503263,0
2024-01-03 03:59:00,4929,23.872705158343113,34.6160321677132,-93.87936823878118,0
2024-01-03 04:00:00,3765,216.57352040764638,36.962183975250305,-90.47337525073716,0
2024-01-03 04:01:00,5369,24.108298533144964,33.52403298200947,-97.43040169208435,0
2024-01-03 04:02:00,9307,444.05039913864266,38.20901338318219,-91.83806668827833,0
2024-01-03 04:03:00,5956,7.77696168824662,33.42864057945862,-95.44509791716919,0
2024-01-03 04:04:00,1692,83.45451892685898,33.42517888341487,-93.57017930091939,0
2024-01-03 04:05:00,4162,56.74672992062939,32.22760667658647,-91.09126268872615,0
2024-01-03 04:06:00,2105,16.257567390647512,36.83868997838085,-92.28986387201726,0
2024-01-03 04:07:00,4008,31.471061188138396,30.765872274170597,-91.15426611558192,0
2024-01-03 04:08:00,3161,42.04407539137234,33.63055085884768,-99.90480021123818,0
2024-01-03 04:09:00,9345,70.09183144192355,32.66890746149563,-98.1268501535665,1
2024-01-03 04:10:00,4699,21.404117308945263,32.293356351014154,-95.76505587434191,0
2024-01-03 04:11:00,4786,83.53956805641496,30.609833171739414,-91.52158202546897,0
2024-01-03 04:12:00,5200,61.542245026505306,31.90383115724807,-91.61608067826472,0
2024-01-03 04:13:00,2913,119.00729105940655,34.46244410198702,-98.14859668026052,0
2024-01-03 04:14:00,6520,23.049359365213796,35.03741455267357,-98.57757566904279,0
2024-01-03 04:15:00,2772,36.25825210600526,32.69504673789793,-91.65297564803467,0
2024-01-03 04:16:00,3780,230.93086418039866,36.50243508466567,-94.58565705969245,0
2024-01-03 04:17:00,8423,22.064313016316014,33.35793337656975,-93.73230244130424,0
2024-01-03 04:18:00,3871,13.565411487726577,33.6724583824962,-91.9079392533442,0
2024-01-03 04:19:00,1660,29.050765582823907,37.826243341211075,-97.88253536412839,0
2024-01-03 04:20:00,7242,9.244698954057741,35.51966721424902,-98.6351520009526,0
2024-01-03 04:21:00,2132,290.8749580779067,39.53174851194024,-91.40955737215845,1
2024-01-03 04:22:00,1699,41.150524160236394,33.593012012651386,-98.88225894083797,0
2024-01-03 04:23:00,8470,41.54987922400545,38.278404959944034,-99.11819149303923,0
2024-01-03 04:24:00,7297,114.72373767688006,37.38337535807765,-97.2292482438329,0
2024-01-03 04:25:00,8812,26.42850379708527,38.90188927441895,-96.83151139799257,0
2024-01-03 04:26:00,5557,43.994720173013356,39.56791372923081,-97.58864645948799,0
2024-01-03 04:27:00,3179,25.74026090626014,30.07676518076821,-92.58376727499784,0
2024-01-03 04:28:00,9275,9.440123752640162,30.882977478675162,-90.2664588720701,0
2024-01-03 04:29:00,2422,57.44097394628235,36.743388212275086,-98.00408657275366,0
2024-01-03 04:30:00,4180,152.2809894340079,33.90199859696606,-92.18147810467853,0
2024-01-03 04:31:00,5316,59.10378422075095,38.19125101742746,-99.55757789731884,0
2024-01-03 04:32:00,7696,136.97402701873716,30.11979829666071,-98.81097339581179,0
2024-01-03 04:33:00,1614,18.250785148397533,38.06977402996431,-94.84882583021037,0
2024-01-03 04:34:00,5570,25.686376473891322,31.352419983036523,-90.00391130507775,0
2024-01-03 04:35:00,1270,14.964832297244918,32.90249043962628,-90.50634350218635,0
2024-01-03 04:36:00,3468,78.77199539513401,39.69078200260755,-98.880570598274,0
2024-01-03 04:37:00,4607,39.741316723010144,30.51598113548168,-97.60313083954105,0
2024-01-03 04:38:00,4075,38.28053023081021,33.49040612452674,-90.54208150276038,0
2024-01-03 04:39:00,1289,106.58962599238835,30.845287756435063,-98.49276093964356,0
2024-01-03 04:40:00,9120,34.02232803917627,38.53604406013368,-92.57211024772334,0
2024-01-03 04:41:00,7614,160.7212846210793,37.03016122537423,-99.98891976592314,0
2024-01-03 04:42:00,4252,69.1071077989959,38.00337387815729,-93.68287897324828,0
2024-01-03 04:43:00,8415,37.858372562971,35.27279511761973,-95.05399578157277,0
2024-01-03 04:44:00,7771,11.569781562727323,33.57720019671471,-95.28974720283234,0
2024-01-03 04:45:00,1278,105.98253093567665,30.022736196051262,-91.70808249246605,0
2024-01-03 04:46:00,1580,72.4528228602117,32.77927312042914,-99.19265654752068,0
2024-01-03 04:47:00,5958,76.02547456485092,35.14553546766115,-96.22667856089902,0
2024-01-03 04:48:00,9445,78.48940129342891,36.643620364760835,-95.539614550267,0
2024-01-03 04:49:00,5276,32.16612664432659,32.28937421458757,-98.76073440342783,0
2024-01-03 04:50:00,8997,46.92853544202103,31.389008462881343,-99.14333453625665,0
2024-01-03 04:51:00,5776,34.51688862958528,32.016148620298715,-98.20385695442664,0
2024-01-03 04:52:00,1824,190.5785572813047,33.5407605169112,-97.58952275020195,0
2024-01-03 04:53:00,4832,41.46624433813128,31.483782912014764,-90.33939422542798,0
2024-01-03 04:54:00,9891,29.39309576086555,31.568173344211118,-95.24386288748317,0
2024-01-03 04:55:00,6445,204.13143555135792,30.437517000067555,-94.89710967327474,0
2024-01-03 04:56:00,2380,183.08879156942257,38.56725194354453,-92.93001795039264,0
2024-01-03 04:57:00,7534,69.1566549031649,32.19758624060742,-93.1573320219641,0
2024-01-03 04:58:00,4156,47.948699226364795,38.21902439061287,-94.97222597887034,1
2024-01-03 04:59:00,5307,37.35439088703548,34.38309386137239,-96.6016160581549,0
2024-01-03 05:00:00,6634,52.24927022679681,36.32437814713609,-96.68948306412561,0
2024-01-03 05:01:00,9575,22.766460376147744,30.757021361581952,-99.42289266110488,0
2024-01-03 05:02:00,6810,88.53225428589748,35.83580498780185,-91.00369860727574,0
2024-01-03 05:03:00,9533,285.00392841700074,32.89995403173302,-92.30605476273243,0
2024-01-03 05:04:00,6934,95.83422527418422,30.95209953151196,-93.76656758698506,0
2024-01-03 05:05:00,4109,18.115423845550886,39.08232496167835,-96.03918256785775,0
2024-01-03 05:06:00,5082,86.06482281339446,36.03628042349491,-94.17534269349123,0
2024-01-03 05:07:00,4240,66.32312061536665,32.41707627244019,-95.149101950314,0
2024-01-03 05:08:00,7028,85.31026637085607,34.19648010722407,-97.26065021521116,0
2024-01-03 05:09:00,2849,24.057126081471704,33.56900134079705,-97.01427253291966,0
2024-01-03 05:10:00,9497,54.78176277442618,37.00579665857821,-91.25520293543946,0
2024-01-03 05:11:00,3749,132.03920697150755,36.074331760274944,-93.65091927524097,0
2024-01-03 05:12:00,7680,18.72767000247592,30.19782176061887,-99.98577515257871,0
2024-01-03 05:13:00,1205,34.843854104646965,31.978269896046736,-96.73128234893692,0
2024-01-03 05:14:00,8352,40.941587486890576,34.78127972240861,-96.60054535274647,0
2024-01-03 05:15:00,5591,148.17101580519065,34.454857922537904,-92.93664440548385,1
2024-01-03 05:16:00,4450,172.00082040154763,35.166748819435306,-92.99546657518889,0
2024-01-03 05:17:00,8214,8.043527619880527,37.14810833306315,-95.35845146994791,0
2024-01-03 05:18:00,4811,148.0438903663873,36.82008998498227,-90.49020587188605,0
2024-01-03 05:19:00,6141,177.49724421886498,33.728134221419914,-91.27770830265854,0
2024-01-03 05:20:00,9501,166.44874559772327,38.77581627938595,-91.33789285270979,0
2024-01-03 05:21:00,3708,32.1487239911338,30.629325704485186,-96.51734489028372,0
2024-01-03 05:22:00,2991,43.38865719122192,35.845098951117265,-95.69000210847571,0
2024-01-03 05:23:00,9463,11.388211435564372,39.496854925695295,-95.81038075471677,0
2024-01-03 05:24:00,4273,6.719722675334144,35.49081437825321,-95.59733117536003,0
2024-01-03 05:25:00,5538,38.0341939083066,34.55106300812856,-91.10789204989133,0
2024-01-03 05:26:00,9712,58.9369787087591,31.339175886964245,-97.508793004302,0
2024-01-03 05:27:00,4722,65.15502771630541,38.10189095271611,-91.97804929040677,0
2024-01-03 05:28:00,4551,124.10644864396272,33.73794890040912,-94.85960024955227,0
2024-01-03 05:29:00,3832,1165.768476357049,37.01245909484688,-97.50915814266718,0
2024-01-03 05:30:00,6679,36.74526357731966,31.97546880407057,-94.72706221140446,0
2024-01-03 05:31:00,7579,18.99984577618195,30.41863202932149,-98.04558379325957,0
2024-01-03 05:32:00,1152,94.26732985696212,33.05467452528001,-98.91820702492966,0
2024-01-03 05:33:00,6754,68.18621286143936,32.81413861456891,-91.61822582167949,0
2024-01-03 05:34:00,3800,30.737351588591878,38.73475253527275,-93.00677976569341,0
2024-01-03 05:35:00,6310,135.75505207211455,38.64673778584754,-97.95021009786132,0
2024-01-03 05:36:00,3610,24.24147514788521,35.338942226013806,-90.5770526974135,0
2024-01-03 05:37:00,2104,48.011150236675064,30.189989455721935,-99.75601626658751,0
2024-01-03 05:38:00,8361,50.86027965140296,32.28324662920476,-96.66719812949819,0
2024-01-03 05:39:00,5199,21.163696778953895,36.39012594213433,-99.78346961508463,0
2024-01-03 05:40:00,4854,9.877851417538462,31.014084014303677,-98.57702406710666,0
2024-01-03 05:41:00,8263,67.9620874631374,37.00622264719447,-98.19920623836589,0
2024-01-03 05:42:00,2914,214.58705106023896,30.119622629587436,-91.89665132269432,0
2024-01-03 05:43:00,8365,142.72245292349808,36.8253677536927,-90.06960329466615,0
2024-01-03 05:44:00,4072,152.59686613996217,38.44539242859379,-91.32679725388945,0
2024-01-03 05:45:00,1406,24.55831035183871,34.69217719646116,-93.64867011217962,0
2024-01-03 05:46:00,1166,67.63121058130508,38.290809901100374,-92.77076569942578,0
2024-01-03 05:47:00,1508,13.142355850141152,37.8152773324387,-94.77179005979315,0
2024-01-03 05:48:00,2661,64.64527475167739,36.71419150167677,-95.77456393352008,0
2024-01-03 05:49:00,4664,218.93710733968794,34.451492813978334,-93.07831069157561,0
2024-01-03 05:50:00,4489,225.8423350731979,32.71904044401494,-90.26883313990618,0
2024-01-03 05:51:00,1680,415.90158911312653,38.60863962168869,-99.71105957643682,1
2024-01-03 05:52:00,3524,146.8156949576691,36.485903796629486,-96.85915049675974,0
2024-01-03 05:53:00,3120,87.86038810743761,37.980168352505764,-96.6994019699288,1
2024-01-03 05:54:00,6260,130.9379022780239,35.51966927728892,-95.857491441799,0
2024-01-03 05:55:00,5357,107.8319675658542,31.718664344939246,-93.73107853098551,0
2024-01-03 05:56:00,2363,24.355209096608718,39.794379395135365,-94.86246837520298,0
2024-01-03 05:57:00,3292,11.997160771687932,31.827387514576372,-99.81270950974209,0
2024-01-03 05:58:00,2538,131.99429730519446,39.11241501024904,-95.88390421614628,0
2024-01-03 05:59:00,4408,442.90188216484745,32.08138646044974,-93.80551295476697,0
2024-01-03 06:00:00,8742,137.5477910336554,33.73749441746436,-94.95175275069516,0
2024-01-03 06:01:00,9752,8.258775104387531,34.400834445374265,-91.27938135818685,0
2024-01-03 06:02:00,2903,32.48239193695157,39.213759895281456,-96.0140432933198,0
2024-01-03 06:03:00,1174,44.84926633279103,38.88198570913063,-99.87441320173089,0
2024-01-03 06:04:00,3230,8.533133743672966,38.23220977952436,-97.15101482445502,0
2024-01-03 06:05:00,5287,13.778411155974059,33.766751474957346,-98.64327373031011,0
2024-01-03 06:06:00,5160,52.61096225042476,30.0449324682892,-97.49769676547174,1
2024-01-03 06:07:00,8106,70.92580833738384,36.81583320107519,-96.37911981963126,0
2024-01-03 06:08:00,4171,20.368423974215688,34.10953834465204,-93.23344347678845,0
2024-01-03 06:09:00,2567,13.158400282877079,37.57058192837435,-96.7583000470182,0
2024-01-03 06:10:00,2151,180.06283606404577,37.9485204608355,-91.15890824936133,0
2024-01-03 06:11:00,8619,37.243265689441536,34.39723402917424,-97.00432090610367,0
2024-01-03 06:12:00,7033,42.97367952946281,37.48102565316948,-98.63066587858489,0
2024-01-03 06:13:00,9560,31.605455797505773,38.399372805196776,-98.31134582529077,0
2024-01-03 06:14:00,5946,25.249963433695562,39.284761316015,-90.65420136118038,0
2024-01-03 06:15:00,9234,200.89517946236586,35.82455332489394,-95.45185528701242,0
2024-01-03 06:16:00,2907,22.65099215289651,37.784787690598826,-95.968739319375,0
2024-01-03 06:17:00,4490,65.34516771000469,34.94564870209647,-99.31099118901474,0
2024-01-03 06:18:00,3535,55.075464667687804,30.41663000429962,-92.66678931218081,0
2024-01-03 06:19:00,5173,7.782099972730402,31.552214277991833,-93.053474742233,0
2024-01-03 06:20:00,2293,69.47360400913321,31.2822450923967,-96.24259450565242,0
2024-01-03 06:21:00,5769,11.658448397469677,31.71765590115479,-93.0823645031612,0
2024-01-03 06:22:00,5796,103.07533295721124,30.102127496128432,-96.32548239486619,0
2024-01-03 06:23:00,7871,16.66954614076171,38.587068232651525,-99.26841978605756,0
2024-01-03 06:24:00,3972,92.02116552090664,35.60149319949012,-92.61900622692224,0
2024-01-03 06:25:00,4922,35.53414820016863,33.83150003011268,-90.34798706622294,0
2024-01-03 06:26:00,5997,27.81777633340465,34.09778871576975,-93.51709471825917,0
2024-01-03 06:27:00,8032,67.39470522309145,34.633510937188696,-97.23538764785644,0
2024-01-03 06:28:00,1992,12.530189998521758,30.738835004195927,-97.30079714535097,0
2024-01-03 06:29:00,9112,50.94666702972019,32.7466541157992,-90.71022403513099,0
2024-01-03 06:30:00,6287,119.37264130931261,38.51626437092085,-96.96709692602212,0
2024-01-03 06:31:00,3240,154.8728459631686,37.43675236213984,-92.31807766617182,0
2024-01-03 06:32:00,2476,34.37635888055902,35.634055382539074,-93.57085017695987,0
2024-01-03 06:33:00,7426,39.77934069440014,34.80703984669963,-94.0739818874443,0
2024-01-03 06:34:00,1389,12.281542644026414,32.58973184990899,-98.18925118597915,0
2024-01-03 06:35:00,1999,25.771953786798516,34.71254969647106,-99.65588954095476,0
2024-01-03 06:36:00,2855,11.471772962570082,35.97855276066815,-95.11322868672111,0
2024-01-03 06:37:00,9125,84.781180935185,37.12637951431581,-90.11841392750215,0
2024-01-03 06:38:00,9850,126.74367245041122,31.66640187752324,-98.0424009576658,0
2024-01-03 06:39:00,3763,34.666570214097064,38.13110268470777,-94.63127945560876,0
2024-01-03 06:40:00,4663,18.949316292108072,33.458112770338225,-93.2902070535545,0
2024-01-03 06:41:00,5986,74.3060053065746,35.032580832903555,-95.16322283477612,0
2024-01-03 06:42:00,2481,22.920559293066713,36.07904316596333,-94.93066193402807,0
2024-01-03 06:43:00,8256,106.90481604066967,34.880951562210335,-93.38772495726406,0
2024-01-03 06:44:00,4731,378.20269524403676,35.71956904154119,-91.85094502995028,0
2024-01-03 06:45:00,8262,22.546209085273976,31.11523464682871,-96.6671238651757,0
2024-01-03 06:46:00,1451,26.005925011300636,34.32155455108635,-91.00724768382284,0
2024-01-03 06:47:00,4093,12.68511550259876,32.80467470936226,-95.15099127116973,0
2024-01-03 06:48:00,1882,63.18766406953838,30.860261538868702,-93.38122527825334,0
2024-01-03 06:49:00,5408,59.03462101062938,31.91649225631994,-98.93486365917562,0
2024-01-03 06:50:00,5068,41.65580372058543,36.02444566427458,-95.07520713622183,0
2024-01-03 06:51:00,4277,55.486905032484955,31.966864026514504,-99.8389355384266,0
2024-01-03 06:52:00,9566,19.22718221042481,31.810640101190934,-96.08975261159961,0
2024-01-03 06:53:00,8951,10.348073045466364,35.528304323866365,-99.45515799431054,1
2024-01-03 06:54:00,5690,25.557484876620258,39.04702506706985,-91.03019162344421,0
2024-01-03 06:55:00,5595,8.04038754325749,37.8869285063983,-93.27194879126964,0
2024-01-03 06:56:00,5559,22.544063459532644,39.0508911051985,-92.08123643770236,0
2024-01-03 06:57:00,8291,74.42020227924445,35.829802022965154,-95.32320515530583,0
2024-01-03 06:58:00,9160,57.95490369659494,34.099295604586075,-91.48102261554232,1
2024-01-03 06:59:00,1112,9.264753645525573,37.296413655419435,-91.26959410182309,1
2024-01-03 07:00:00,6131,155.92054422376336,32.613640281826505,-96.43181760157978,0
2024-01-03 07:01:00,4197,44.94453178777137,30.780539580054036,-96.23145091607067,0
2024-01-03 07:02:00,1139,14.889799753498558,33.44614792731136,-94.917592913126,0
2024-01-03 07:03:00,2424,37.92631089568667,32.99236697487017,-99.57756504957878,0
2024-01-03 07:04:00,3949,30.47748612462778,36.75538927817142,-90.04231703035533,0
2024-01-03 07:05:00,4168,22.925762927262994,35.513626788118145,-96.40818766006676,0
2024-01-03 07:06:00,9708,123.05023712010501,31.382629840557854,-95.29156686643275,0
2024-01-03 07:07:00,7043,18.05955703777099,39.0850417977047,-92.45242921865349,0
2024-01-03 07:08:00,7989,65.67025994209655,35.93338940504804,-97.02486499074628,1
2024-01-03 07:09:00,8236,14.277456287820467,34.57684225423777,-97.98368576445638,0
2024-01-03 07:10:00,7261,52.62040156028247,39.37194927118654,-98.72549879018253,0
2024-01-03 07:11:00,1887,71.19500640861959,30.973018487979008,-94.71982690918723,0
2024-01-03 07:12:00,4104,71.33151818936098,37.89592938139718,-99.94501712497245,0
2024-01-03 07:13:00,1049,59.19316852577746,33.64665505720009,-92.90479308996171,0
2024-01-03 07:14:00,4951,42.990740283593425,36.95389750923972,-95.38610499530897,0
2024-01-03 07:15:00,4560,18.83856029137341,39.30725427647678,-94.6817717435197,0
2024-01-03 07:16:00,1018,19.05726151160805,35.17713080485417,-97.36795351107652,0
2024-01-03 07:17:00,5821,73.61352713277054,30.226388234287473,-98.21746945011438,0
2024-01-03 07:18:00,7340,15.465181820899259,30.28848230172338,-93.0001032875259,0
2024-01-03 07:19:00,9058,12.2962282910651,33.30560819085377,-97.89726466373637,0
2024-01-03 07:20:00,3606,228.09673514211187,37.816582193950616,-92.19914041582524,0
2024-01-03 07:21:00,8846,42.10990991885652,32.88261343073583,-97.96327480488259,0
2024-01-03 07:22:00,9643,103.02943108169426,33.344686008862176,-93.87316896945251,0
2024-01-03 07:23:00,7432,130.77629776902148,37.844607131975685,-93.56127935935892,0
2024-01-03 07:24:00,4765,57.462180107100195,31.161891739192807,-94.943544089785,0
2024-01-03 07:25:00,3438,37.45811169365565,38.468129619628854,-90.03209234726037,0
2024-01-03 07:26:00,7358,38.10001907145402,32.657925155541065,-96.24156988747238,0
2024-01-03 07:27:00,9319,272.6068295351161,30.51223071028908,-91.16678854844506,0
2024-01-03 07:28:00,6941,31.22416046035246,31.173427064036893,-98.3077180766169,0
2024-01-03 07:29:00,8644,65.13303338371664,39.52554886738824,-96.62789127546193,0
2024-01-03 07:30:00,5855,107.48154373039986,34.51323955043868,-98.54632879102863,0
2024-01-03 07:31:00,7547,70.15518927924917,32.56438105998458,-93.96375478649384,1
2024-01-03 07:32:00,8196,161.48037710081948,35.21270950179195,-93.61742699857653,0
2024-01-03 07:33:00,6911,37.09135732729199,36.823466533938,-95.46496015486987,0
2024-01-03 07:34:00,7481,107.05579952376158,33.18798408044069,-92.79838950347992,0
2024-01-03 07:35:00,3761,9.073801072113488,37.252712031610244,-91.32347545492007,0
2024-01-03 07:36:00,5456,209.9596698351985,32.522520509072024,-92.23440689889054,0
2024-01-03 07:37:00,7361,167.86332396759326,31.123372320440406,-97.58337643075438,0
2024-01-03 07:38:00,6693,40.26868103138198,35.49708220369095,-96.79600744982521,1
2024-01-03 07:39:00,6788,84.67652738587982,31.511186758941303,-96.1972344595428,0
2024-01-03 07:40:00,1201,133.09524096965524,39.4048487869914,-97.96233740468,0
2024-01-03 07:41:00,7160,19.34138444612021,30.004490281318507,-96.38763763428581,0
2024-01-03 07:42:00,1517,47.251004096678486,37.55696099966546,-97.61954323139685,0
2024-01-03 07:43:00,8737,14.794419113932102,32.79473203956911,-90.04272144541332,0
2024-01-03 07:44:00,2988,170.44564127022983,38.46086861772367,-92.16749659611594,0
2024-01-03 07:45:00,4802,124.30778419717333,30.601508837403752,-91.39982929988894,0
2024-01-03 07:46:00,6808,41.22525623092895,39.53000598299572,-90.77853103149339,0
2024-01-03 07:47:00,8162,36.71137677331306,31.013948838330133,-93.34999008401675,0
2024-01-03 07:48:00,7241,47.04212322534916,37.87882755035445,-98.24023432411435,0
2024-01-03 07:49:00,9399,22.258916389023923,35.173422136356045,-92.41473930524458,0
2024-01-03 07:50:00,6633,45.87693217016445,34.30394791877585,-99.84388533372815,0
2024-01-03 07:51:00,6755,19.34181286165873,32.801557859102715,-98.86769560789341,0
2024-01-03 07:52:00,7309,134.0658525504313,38.41369535249065,-99.70415541686502,0
2024-01-03 07:53:00,5117,170.19344579488828,31.9975139753295,-98.64554883718871,0
2024-01-03 07:54:00,9345,140.49796265785074,37.21241274992859,-92.47995760358856,0
2024-01-03 07:55:00,2518,16.540305511811386,34.457916510280064,-91.14519431467856,0
2024-01-03 07:56:00,7163,44.325016390077124,39.984950071472696,-97.21159719538171,0
2024-01-03 07:57:00,3600,97.9766408066335,36.113990201697725,-98.80872803414907,0
2024-01-03 07:58:00,3195,117.77288155711715,31.041896038237685,-97.27040311343589,1
2024-01-03 07:59:00,4554,8.680986427636578,34.195211891519996,-93.52886247556995,0
2024-01-03 08:00:00,3849,114.4902424299479,30.662989803851957,-96.49796959720392,0
2024-01-03 08:01:00,2742,15.748290053732292,32.85655634389114,-90.3885397586711,0
2024-01-03 08:02:00,2306,46.80713363301729,33.43316794881105,-98.6902120356358,0
2024-01-03 08:03:00,4849,191.9985188335547,38.53176608339603,-90.09657476205587,0
2024-01-03 08:04:00,8519,167.68217042440583,38.37987476607536,-99.8754830855219,0
2024-01-03 08:05:00,5195,205.640642124344,30.115572199834013,-95.48307034271019,0
2024-01-03 08:06:00,6178,18.797608017190147,35.32278615005092,-97.48188226819391,0
2024-01-03 08:07:00,3555,24.063825937443163,32.23543755603282,-94.33714530874985,0
2024-01-03 08:08:00,3305,31.099724401629988,33.20093098045556,-99.03449168018928,0
2024-01-03 08:09:00,8619,47.16062938345677,30.216512855255353,-91.24177124870971,0
2024-01-03 08:10:00,3642,67.80942145506256,37.497458654453126,-98.63473599588703,0
2024-01-03 08:11:00,7409,195.83156959262004,39.50589775752401,-94.12610667560548,0
2024-01-03 08:12:00,5757,21.571820723533126,32.19267040313852,-99.66653136945457,0
2024-01-03 08:13:00,3994,29.11189383301946,33.417728670478326,-96.8900790285959,0
2024-01-03 08:14:00,9751,226.70306330971633,32.06433994729864,-98.50277097723256,0
2024-01-03 08:15:00,2271,17.132069621271757,39.300486636415286,-90.22153354254966,0
2024-01-03 08:16:00,2813,112.93952506862576,30.093559679074268,-99.87978632369591,0
2024-01-03 08:17:00,9801,49.96647183511412,35.83862281291035,-96.4760465948704,0
2024-01-03 08:18:00,3461,80.48523357812977,38.707639611221495,-96.9722392266375,0
2024-01-03 08:19:00,5120,24.255148326570538,31.86307174115347,-93.42626408418246,0
2024-01-03 08:20:00,7124,110.73902283665994,35.89995291362082,-99.43622033252954,0
2024-01-03 08:21:00,9475,28.3830328129489,30.506481048648848,-91.89382228322738,0
2024-01-03 08:22:00,5396,13.202431755728686,38.145851335678095,-95.33476203293185,0
2024-01-03 08:23:00,1816,88.23812723748131,32.744291227729384,-95.47227429238706,0
2024-01-03 08:24:00,8304,4.4678677281737516,39.88753417195261,-97.73210119617931,0
2024-01-03 08:25:00,8331,30.938401518049922,39.22009620489777,-95.09953232696843,0
2024-01-03 08:26:00,1082,73.0495587675396,37.32515969932714,-96.36106544664644,0
2024-01-03 08:27:00,2920,116.48705423372596,34.968426413714916,-97.5486356374773,0
2024-01-03 08:28:00,8817,186.14374470799754,37.66589111860902,-98.3133306157854,0
2024-01-03 08:29:00,3093,322.96529882653886,31.30609047542762,-92.71664432126488,0
2024-01-03 08:30:00,8071,237.87568843562863,33.101996396141715,-98.57957026656693,0
2024-01-03 08:31:00,8967,66.12507031210338,30.26896388576857,-98.32018003859113,0
2024-01-03 08:32:00,9367,168.2780679228774,36.4502464160974,-94.22928652736708,0
2024-01-03 08:33:00,6285,65.11227696000147,38.05537638081515,-97.73922492677762,0
2024-01-03 08:34:00,5937,108.40840538617068,39.46285553513168,-95.40623543156127,0
2024-01-03 08:35:00,1369,29.983690529382233,36.86507185050241,-94.47082647193554,0
2024-01-03 08:36:00,2818,86.66722771821198,37.32091240222729,-97.25570243018169,0
2024-01-03 08:37:00,3101,34.013373234979845,38.95455778234951,-96.56445749130499,0
2024-01-03 08:38:00,4490,45.899578199837904,39.36378028858126,-97.89793172947654,0
2024-01-03 08:39:00,2779,86.94092773289307,34.91297549869706,-95.39575510837707,0
2024-01-03 08:40:00,8674,442.03058538672343,31.097873897082742,-90.07600090662596,0
2024-01-03 08:41:00,2364,81.02602507584551,34.66417309872157,-96.37288099131716,0
2024-01-03 08:42:00,8294,53.96264600145601,35.560738628722895,-93.46669620756461,0
2024-01-03 08:43:00,4676,23.765234805019052,36.315447713955436,-93.64105548980669,0
2024-01-03 08:44:00,3426,133.7806588654969,39.892845573092735,-92.13518167150859,0
2024-01-03 08:45:00,9264,39.038174592615675,39.17563215290771,-92.88081562749568,0
2024-01-03 08:46:00,9089,79.37255542847316,33.96364202745728,-99.88220266027983,0
2024-01-03 08:47:00,3962,110.16092583039172,31.134536862707098,-96.90782907496327,0
2024-01-03 08:48:00,1859,193.27404587247904,32.147915982226706,-91.2976652212208,0
2024-01-03 08:49:00,5138,126.76975382164856,31.737996228334204,-94.60449781422875,0
2024-01-03 08:50:00,3424,16.063377114157447,33.56012727148997,-98.95775913811343,0
2024-01-03 08:51:00,5017,9.804108574425817,38.76489283945232,-97.23863112325871,0
2024-01-03 08:52:00,9560,110.10910266510271,34.379685061487194,-97.16613884707418,0
2024-01-03 08:53:00,9342,59.50167093866263,35.67277371397857,-91.26822645608911,0
2024-01-03 08:54:00,2134,80.75901468763345,31.79166874838715,-94.46598728929412,0
2024-01-03 08:55:00,6166,304.8310156907401,34.92848280984396,-93.916763791546,0
2024-01-03 08:56:00,6119,29.471152713299112,38.73627721400292,-96.32935309399959,0
2024-01-03 08:57:00,6694,198.62313656307154,37.734632635180766,-99.39689615975601,0
2024-01-03 08:58:00,7136,29.765105650007282,30.811907157990216,-99.24751717003221,0
2024-01-03 08:59:00,6485,261.1953886040189,38.62072268750115,-95.79617458372239,0
2024-01-03 09:00:00,5164,115.64422868628272,32.73828097419926,-98.22506121590405,0
2024-01-03 09:01:00,3346,12.095965618955095,36.657162493399674,-98.95737440465605,0
2024-01-03 09:02:00,6039,35.97129656622,31.463829051427314,-97.37756455168821,0
2024-01-03 09:03:00,5897,370.8019373511944,36.74644370085802,-92.57953639399324,0
2024-01-03 09:04:00,9252,327.0757571735167,30.357014288571634,-99.2698169560287,0
2024-01-03 09:05:00,6041,99.90516529655653,36.006447010702175,-95.51774090762154,0
2024-01-03 09:06:00,4901,77.8072593388853,36.459401707613445,-91.73912840435972,0
2024-01-03 09:07:00,2337,69.38943847965608,32.44496714059064,-97.32075184859471,1
2024-01-03 09:08:00,2184,84.52333557624833,39.3697608971048,-96.98125784769587,0
2024-01-03 09:09:00,5426,47.42737247302709,30.459723872004794,-91.15792721395997,0
2024-01-03 09:10:00,2551,183.28077366847697,38.91709326784939,-93.4999641973624,0
2024-01-03 09:11:00,2629,97.3049503097345,33.81897487642531,-92.02287904866186,0
2024-01-03 09:12:00,2526,20.793588925576522,37.13914741702506,-97.10795783456165,0
2024-01-03 09:13:00,2361,105.10835683103588,36.51548427347936,-90.0322047579064,0
2024-01-03 09:14:00,5370,64.39166383202483,31.682462160279954,-98.59103630090023,0
2024-01-03 09:15:00,6283,39.946383754367446,33.18999275589859,-90.38062912395715,0
2024-01-03 09:16:00,8610,364.50011004524754,35.29673480912534,-90.97900880848313,0
2024-01-03 09:17:00,2993,60.568231387146085,38.46510270384607,-94.48105350894791,0
2024-01-03 09:18:00,1869,7.714952034149909,39.548600759354684,-94.14703520042853,1
2024-01-03 09:19:00,2014,42.89100488149366,30.205866333372416,-92.2495212152272,0
2024-01-03 09:20:00,1602,147.4499017965102,33.525582554710084,-96.93217893807939,0
2024-01-03 09:21:00,1690,21.617974472875957,36.68143924582463,-94.72530217945484,0
2024-01-03 09:22:00,9685,142.52325375620055,35.27729433242667,-90.97624206270496,0
2024-01-03 09:23:00,1489,20.132016401970596,39.43022115856759,-99.31750962765139,0
2024-01-03 09:24:00,7864,207.82027916350546,30.169694345359478,-90.9447133064278,0
2024-01-03 09:25:00,8240,30.797489005039267,34.37739398617636,-92.71222060710753,0
2024-01-03 09:26:00,8786,38.40580852617614,36.688038478046224,-92.30155171060532,0
2024-01-03 09:27:00,9024,35.66162597560586,32.17583713867956,-99.35281896966234,0
2024-01-03 09:28:00,1294,99.23121937457191,37.25871386114949,-98.12243331095023,0
2024-01-03 09:29:00,6488,345.19847852463596,30.812286282213083,-90.74738200667592,0
2024-01-03 09:30:00,5027,55.414061983665604,34.510385294813155,-98.75948551526866,0
2024-01-03 09:31:00,3912,54.00603755294662,36.762349561907044,-93.68817144421664,0
2024-01-03 09:32:00,5744,30.775884544384585,32.667571282404815,-92.17307450307462,0
2024-01-03 09:33:00,2873,10.725815792784676,30.73846417675263,-97.6871797549542,0
2024-01-03 09:34:00,4258,34.0039586457628,39.57021609799443,-93.01209788715222,1
2024-01-03 09:35:00,3817,15.5024391655861,39.138230287952624,-99.34423486704759,0
2024-01-03 09:36:00,9636,8.270409595502482,39.26369911611733,-95.01231596957358,0
2024-01-03 09:37:00,4641,50.552059528901886,39.78502383297728,-96.65566882250309,0
2024-01-03 09:38:00,5458,31.734511883498815,31.846980544113716,-93.54257982641305,0
2024-01-03 09:39:00,6307,216.27969046239582,31.57775997792445,-91.10995153928904,0
2024-01-03 09:40:00,9933,23.205696288053264,30.34214586207677,-98.74509081876678,0
2024-01-03 09:41:00,3041,106.73695101200182,38.91822787617782,-95.49692347527773,0
2024-01-03 09:42:00,1679,104.67105806748523,37.52762841135952,-95.76806193496486,0
2024-01-03 09:43:00,6738,207.9157802786308,36.33262411118494,-96.76204761606078,0
2024-01-03 09:44:00,6668,45.411900986989096,39.27676159186137,-95.198332344993,0
2024-01-03 09:45:00,8697,204.18826447942507,35.750766144924974,-91.19271522151034,0
2024-01-03 09:46:00,9033,95.67401137508,31.29730752725548,-90.2633806623415,0
2024-01-03 09:47:00,1062,170.59368709200155,31.76864474935008,-99.97157112616149,1
2024-01-03 09:48:00,8829,598.3385569537483,31.321839303380965,-92.60968456886874,0
2024-01-03 09:49:00,8352,48.26837513359207,33.07658012723032,-93.84918799686979,0
2024-01-03 09:50:00,7915,64.76786201794997,33.79496833113614,-90.05487852813656,0
2024-01-03 09:51:00,9326,38.02272133839693,37.96839064684687,-99.1006860411133,0
2024-01-03 09:52:00,4644,255.2668931625505,31.912539114453434,-91.88653698422297,0
2024-01-03 09:53:00,5970,738.5233893524838,37.25365152843702,-90.66071820544701,0
2024-01-03 09:54:00,9003,113.76843402385626,34.912285021145074,-90.87884368077182,0
2024-01-03 09:55:00,4278,10.91260731465733,39.99659921128273,-94.39427295782184,0
2024-01-03 09:56:00,8296,22.576060038757454,37.76582461044869,-96.72443854983283,0
2024-01-03 09:57:00,4074,174.0930450823214,39.689529886532924,-93.60096162969116,0
2024-01-03 09:58:00,9312,17.385623577636135,33.423515016353285,-96.93928004776767,0
2024-01-03 09:59:00,8552,29.948144471855098,31.23050193166258,-95.87730740699601,0
2024-01-03 10:00:00,2637,28.915921223263695,35.05895805145206,-95.54275015208141,0
2024-01-03 10:01:00,6103,50.544268670446854,31.24239473863474,-96.98049823585403,0
2024-01-03 10:02:00,1644,70.57741336844673,34.92451704862065,-96.58172635255976,0
2024-01-03 10:03:00,3032,8.25293220669362,32.699410261753805,-99.92686881032816,0
2024-01-03 10:04:00,3761,11.85276594102063,34.910472124280865,-97.02921136238352,0
2024-01-03 10:05:00,3068,12.139041764326393,39.49636203621966,-95.27694625839992,0
2024-01-03 10:06:00,1241,13.680512351472215,32.890340642234975,-98.26992629782639,0
2024-01-03 10:07:00,3668,55.47912775147942,39.934340493695615,-91.94415423146998,0
2024-01-03 10:08:00,1802,66.32574010776726,32.29329469404085,-94.62362977871425,0
2024-01-03 10:09:00,6059,150.38282831008843,32.081083789970336,-92.06119331820517,0
2024-01-03 10:10:00,1195,95.10004373312148,35.44788522999189,-98.71896567628609,0
2024-01-03 10:11:00,3187,30.50048607144167,38.42044938316086,-91.79488742241378,0
2024-01-03 10:12:00,3330,68.71230384217166,37.49503519181743,-90.41737072813864,0
2024-01-03 10:13:00,5841,156.68355146907965,37.23536935295965,-96.47546013963405,0
2024-01-03 10:14:00,4606,43.493752865102984,32.82632941152131,-97.16047595532429,0
2024-01-03 10:15:00,9468,40.028086485023316,30.225167760703236,-93.53168457162856,1
2024-01-03 10:16:00,1060,21.222092009606477,31.617482901442525,-93.64085889457596,0
2024-01-03 10:17:00,4927,24.414425946652496,33.49473301139172,-98.87531961095786,0
2024-01-03 10:18:00,7296,108.37248959157952,39.716837505702,-90.73241215299214,0
2024-01-03 10:19:00,3591,54.38973870089999,39.19777457973879,-95.2094384462884,0
2024-01-03 10:20:00,9758,386.98696785629573,32.00644587266099,-92.35583585309405,0
2024-01-03 10:21:00,7121,27.75158033909968,37.25622477984696,-96.4068232381643,0
2024-01-03 10:22:00,2200,116.90634751267596,35.79016856903382,-97.38463358044224,0
2024-01-03 10:23:00,3854,80.35137067732408,30.49842650087726,-98.88728103914198,0
2024-01-03 10:24:00,8024,49.93017745719879,33.717056112985894,-97.25481285237039,0
2024-01-03 10:25:00,7972,35.321716643624775,34.86073740365902,-90.06568854473704,0
2024-01-03 10:26:00,1136,99.49445079234128,36.675741233501014,-93.42039816116686,0
2024-01-03 10:27:00,2029,93.9416444114247,32.949051160144435,-91.9721766995743,0
2024-01-03 10:28:00,3594,66.81906600314808,39.338186290544826,-90.41490871446516,0
2024-01-03 10:29:00,8206,83.5658048717708,34.518790567036696,-99.21008648204082,0
2024-01-03 10:30:00,1661,56.62704887328082,32.48529624116965,-98.35305574265007,0
2024-01-03 10:31:00,3472,10.578453684163007,33.164280872472474,-90.72034308005715,0
2024-01-03 10:32:00,1086,59.40470920467121,37.518854286189644,-94.35446318340053,0
2024-01-03 10:33:00,7219,41.73956962217326,36.40285367574563,-93.65150794594156,0
2024-01-03 10:34:00,9143,382.31448053555334,37.4217802144578,-95.72365717613604,0
2024-01-03 10:35:00,7968,102.8617273853591,32.923418253209,-91.8557126521047,0
2024-01-03 10:36:00,3773,66.78704523979738,33.26848618503544,-94.82755784829916,0
2024-01-03 10:37:00,2700,86.73262176005899,33.96719116550785,-91.7387054168067,0
2024-01-03 10:38:00,3700,19.626523090977006,31.88592998495004,-90.07813396420958,0
2024-01-03 10:39:00,7815,29.67281690879337,36.910445449362484,-93.53273215730238,0
2024-01-03 10:40:00,2647,39.06438083519404,33.29349514077849,-94.71186416165303,0
2024-01-03 10:41:00,7038,80.51330929701801,33.26236224141941,-96.34842145734774,0
2024-01-03 10:42:00,6164,35.348208521505036,32.6936496988714,-98.05303557521353,1
2024-01-03 10:43:00,6520,33.06784842788374,34.528278047014254,-93.43342212444429,0
2024-01-03 10:44:00,4687,18.767681685934225,37.71976079234211,-99.37362808302456,0
2024-01-03 10:45:00,1596,55.98708776655449,38.35608705458273,-90.4371241466576,0
2024-01-03 10:46:00,5545,64.42915144727193,38.04507877683227,-93.52444794495771,0
2024-01-03 10:47:00,9676,83.80756649768666,36.21193577611887,-90.40637226732053,0
2024-01-03 10:48:00,9837,27.220865125904425,32.804275350582785,-97.27725489704058,0
2024-01-03 10:49:00,5757,79.10497371487044,37.348552058083776,-90.53484186049111,0
2024-01-03 10:50:00,5384,19.292677567836453,30.393619417421288,-93.87874857812903,0
2024-01-03 10:51:00,9912,43.85708176302505,37.98152407310448,-91.89736033847377,0
2024-01-03 10:52:00,5733,73.81575093115279,37.80227564066575,-98.2107669728563,0
2024-01-03 10:53:00,8081,42.15223772582394,36.70001113176478,-94.99889628542178,0
2024-01-03 10:54:00,9690,11.451898796247821,30.979254499855777,-94.31039633913863,0
2024-01-03 10:55:00,8117,12.901807344367747,39.97341335528297,-96.07145575179761,0
2024-01-03 10:56:00,5729,68.09439252629417,37.56409192400995,-97.4676726478192,0
2024-01-03 10:57:00,2673,97.48040239743608,37.34806831007893,-90.95225258500217,0
2024-01-03 10:58:00,9306,76.6551497862882,30.640078525293116,-99.14941118394914,0
2024-01-03 10:59:00,8178,99.85730423234122,33.98705126572899,-98.46012908898244,0
2024-01-03 11:00:00,3294,41.24201482865216,30.861729996469816,-96.79489466868199,0
2024-01-03 11:01:00,4630,114.2560418298713,33.610370068090404,-90.8022999850294,0
2024-01-03 11:02:00,1146,76.405912314132,35.70485554357183,-94.35789629699062,0
2024-01-03 11:03:00,4453,28.80483442100879,38.788721883566154,-96.26826308169044,0
2024-01-03 11:04:00,5507,91.32766113166895,32.82937732994497,-95.97321784782567,0
2024-01-03 11:05:00,6783,73.40926869408932,36.23414652482275,-91.62222407534436,0
2024-01-03 11:06:00,8751,290.7588087561483,31.646519223448056,-99.73220425410895,0
2024-01-03 11:07:00,6628,216.87474035444893,33.53963856942224,-99.8866094176561,0
2024-01-03 11:08:00,9328,49.78413962375347,39.47237475236333,-99.53915303865061,0
2024-01-03 11:09:00,4360,35.956842422941385,37.47640915582731,-95.30794999380362,0
2024-01-03 11:10:00,4005,259.59202216241187,35.45805764187172,-94.18750605391826,0
2024-01-03 11:11:00,4552,94.77820893232094,32.516967991561614,-93.75531189492037,0
2024-01-03 11:12:00,1018,45.87187725083162,33.797052226438886,-92.6886287559938,0
2024-01-03 11:13:00,3242,7.470323039862383,31.566933338525146,-98.10276213396871,0
2024-01-03 11:14:00,7318,25.64889656114849,33.53467193097061,-97.37715323846885,0
2024-01-03 11:15:00,6097,23.92614808999696,31.506328262871925,-97.564929840487,0
2024-01-03 11:16:00,9640,47.16345684356433,37.953070330111146,-98.5082790188934,0
2024-01-03 11:17:00,2948,101.34376350375757,30.80759089942288,-97.55604423596323,0
2024-01-03 11:18:00,6618,118.0671138617334,31.89405479807105,-93.8634735528316,0
2024-01-03 11:19:00,5236,244.7006643224172,36.91166729780754,-96.33588406283758,0
2024-01-03 11:20:00,7901,138.57280254556298,39.02516712420579,-92.32087563069409,0
2024-01-03 11:21:00,2920,14.87277090652853,39.64591609767602,-94.63581200656932,0
2024-01-03 11:22:00,5188,152.93417186195984,38.360229167407766,-97.87960832883213,0
2024-01-03 11:23:00,1238,308.99487941049307,32.11471776366225,-95.32617999416661,1
2024-01-03 11:24:00,1204,294.06713070948854,32.8571128583205,-94.06631197411325,1
2024-01-03 11:25:00,6552,16.23446661006061,38.70752352998553,-91.33805028571183,0
2024-01-03 11:26:00,5927,45.100953943321386,38.89332964744111,-91.66282399934003,0
2024-01-03 11:27:00,5390,142.73271416925172,36.406531658201125,-95.73520164483685,0
2024-01-03 11:28:00,3687,17.14414929517255,33.1364109918687,-93.52324180902451,1
2024-01-03 11:29:00,5951,9.728746077265562,32.24056663045977,-97.02195220334292,0
2024-01-03 11:30:00,7160,74.73553536854477,38.522826992627465,-93.66996690550236,0
2024-01-03 11:31:00,6388,27.782562422225443,32.05254998449756,-90.87207554970725,0
2024-01-03 11:32:00,6126,10.681880907770166,36.61804350682417,-93.75457230336386,0
2024-01-03 11:33:00,1816,186.7032471528865,39.67953342734132,-96.96228162583145,0
2024-01-03 11:34:00,1192,64.34843786324201,37.052913924997945,-93.56016576629511,0
2024-01-03 11:35:00,2776,32.43725686664955,32.57670313164598,-90.97245329167082,0
2024-01-03 11:36:00,4645,20.82836825285387,32.82505901274445,-98.62953069227837,1
2024-01-03 11:37:00,7314,65.01162813908273,30.928947754209055,-95.17553082104585,0
2024-01-03 11:38:00,9442,91.41569659821471,36.86237489960812,-96.78949050064224,0
2024-01-03 11:39:00,2788,75.63602363507944,35.184356814637994,-97.58532546106608,0
2024-01-03 11:40:00,8374,11.954247789013651,32.06471699536167,-96.03791023700857,0
2024-01-03 11:41:00,4700,87.95735231634953,32.2766830054943,-96.06031954018857,0
2024-01-03 11:42:00,4893,109.33860219326992,30.09024554767183,-97.89567003106774,0
2024-01-03 11:43:00,7811,38.729281014084734,39.78419399106646,-95.9637487148888,0
2024-01-03 11:44:00,3679,154.40984244260943,38.28018185540931,-93.6626817971758,0
2024-01-03 11:45:00,4904,23.29136304431264,33.94169950528223,-99.7426803479625,0
2024-01-03 11:46:00,8260,198.45944779473058,39.46089850794092,-90.10774787352015,0
2024-01-03 11:47:00,1504,62.322074222861026,36.771199391544016,-97.04055675086092,0
2024-01-03 11:48:00,7773,33.242544885207984,37.51462535627814,-93.76354635494873,0
2024-01-03 11:49:00,4816,39.707953579062085,36.799554998737406,-97.16451054833576,0
2024-01-03 11:50:00,1717,148.30706433287634,37.56848831954291,-96.06464122380483,0
2024-01-03 11:51:00,5434,69.21671293848915,31.709389281355765,-94.50762524197799,1
2024-01-03 11:52:00,1658,104.07037224425574,35.62397997534798,-93.88147497363552,0
2024-01-03 11:53:00,6057,159.91929835785905,38.493762753884575,-92.29542050479913,0
2024-01-03 11:54:00,5008,32.26628684029517,30.195425839700583,-92.0831618511075,0
2024-01-03 11:55:00,5994,62.01016579744857,31.23442953388541,-94.8129682087738,0
2024-01-03 11:56:00,5234,43.62123354347523,32.45639809661089,-99.24274245736244,0
2024-01-03 11:57:00,4764,150.96650302829076,32.94726696727677,-94.42216441115463,0
2024-01-03 11:58:00,5637,37.24600092445043,31.82703866590735,-95.22419715930661,0
2024-01-03 11:59:00,3104,57.27314065585893,36.24330389931066,-97.84613392734722,0
2024-01-03 12:00:00,7801,542.2486180453985,32.94019071193743,-99.89837128010211,0
2024-01-03 12:01:00,9575,197.3771319886184,31.580998437135914,-96.84034025819281,0
2024-01-03 12:02:00,3607,19.39027961648099,39.058261821868,-97.40511677931974,0
2024-01-03 12:03:00,9385,134.5554130802895,36.95034531547329,-95.17089781649703,0
2024-01-03 12:04:00,4719,108.71929533509879,32.460587465751246,-92.38398430748998,0
2024-01-03 12:05:00,3581,18.16258415193784,33.60953633311172,-95.60959988916137,0
2024-01-03 12:06:00,3565,48.90816051282004,37.407855628886985,-90.48431579964753,0
2024-01-03 12:07:00,3763,21.16390082024482,37.90910073570479,-97.78686681889305,0
2024-01-03 12:08:00,7328,4.989811958972414,31.76436165420229,-97.79047958431848,0
2024-01-03 12:09:00,6991,47.18275546217967,39.365760840737316,-93.95550437161236,0
2024-01-03 12:10:00,4406,32.91438744349414,37.85271938990012,-91.03737406214226,0
2024-01-03 12:11:00,9923,18.157752684836556,38.56814437133853,-93.28142432724249,0
2024-01-03 12:12:00,5780,54.07725829964427,31.438588069632992,-93.26321770444603,0
2024-01-03 12:13:00,5177,6.549492359918851,31.43367152213383,-91.9371402555819,0
2024-01-03 12:14:00,7476,56.89883915003366,33.05368844225367,-93.31320457265423,0
2024-01-03 12:15:00,3604,55.44536497933313,30.64646419624973,-92.40652297776866,0
2024-01-03 12:16:00,9181,107.63431970311746,30.91067326855771,-91.33872538390317,0
2024-01-03 12:17:00,3382,10.988186752489666,31.43207155519937,-99.92089292445033,0
2024-01-03 12:18:00,1531,463.78647163221723,37.12429732684947,-91.1437708960584,1
2024-01-03 12:19:00,7079,316.0189643073058,30.302302916411993,-97.8473562226162,0
2024-01-03 12:20:00,1634,25.198519223891424,30.832447813686006,-90.87894523216778,0
2024-01-03 12:21:00,1002,235.03603802088585,39.44183536185682,-97.33816704719005,0
2024-01-03 12:22:00,9397,128.64698628230022,30.83656681672344,-95.44761060662664,0
2024-01-03 12:23:00,6951,35.18341737190274,35.374623702690016,-90.66116630194739,0
2024-01-03 12:24:00,6626,29.759457902843792,36.42573192262743,-98.90253187290064,0
2024-01-03 12:25:00,8739,32.09741235591425,39.58593513715295,-92.54716871604565,0
2024-01-03 12:26:00,7003,921.8374227819718,38.99802717911644,-96.07551361298921,0
2024-01-03 12:27:00,3890,212.7503534754659,34.40682767186602,-99.75899252920104,0
2024-01-03 12:28:00,7239,44.57740454591806,39.42164061316505,-90.60866932985262,0
2024-01-03 12:29:00,9026,48.59776780776303,34.32265874797918,-98.82171137664949,0
2024-01-03 12:30:00,4306,127.41483882911407,36.69918715470632,-92.25858229136124,0
2024-01-03 12:31:00,1897,121.95403951683731,32.59608070718193,-96.15729853189733,0
2024-01-03 12:32:00,1670,20.970649612511682,36.36644525889543,-91.89417071689127,0
2024-01-03 12:33:00,8291,73.51861468839653,35.38188944608665,-92.49712735215135,0
2024-01-03 12:34:00,2505,31.420371978214483,36.06831042754245,-93.66781457884933,0
2024-01-03 12:35:00,7460,63.57369481914974,36.82651201333662,-90.60777482951825,0
2024-01-03 12:36:00,6167,52.03865807300256,31.734553001021375,-99.01076519253661,0
2024-01-03 12:37:00,6255,151.0550699893796,33.01262800975662,-92.0142087148734,0
2024-01-03 12:38:00,1249,41.75098645471392,37.36241386925528,-93.29214718401916,0
2024-01-03 12:39:00,7457,61.45575497279396,31.638239862706826,-96.85279257461598,0
2024-01-03 12:40:00,2892,8.347049858853305,33.442401387189506,-94.54027808614974,0
2024-01-03 12:41:00,4439,75.4637892901458,36.66478691093093,-93.55372320056215,0
2024-01-03 12:42:00,3854,25.065145933457284,39.37650985191674,-92.63728565019679,0
2024-01-03 12:43:00,4792,11.975524838154206,30.75300206799564,-98.12940279437196,0
2024-01-03 12:44:00,6330,168.86747362941645,35.1656079909067,-98.97886479009753,0
2024-01-03 12:45:00,8871,52.36459172786302,30.81905339237754,-98.97944108766808,1
2024-01-03 12:46:00,9235,6.840363546287094,33.791319509515404,-97.06131338076298,0
2024-01-03 12:47:00,4612,24.93759334852452,31.753865040873453,-98.45826845947589,0
2024-01-03 12:48:00,3618,54.8719205035992,36.49438422578513,-94.64358427024771,0
2024-01-03 12:49:00,5678,56.52873765061321,37.57832551954694,-95.62960007994745,0
2024-01-03 12:50:00,4163,33.135138685142074,32.47343206558884,-91.06933436416385,0
2024-01-03 12:51:00,3942,1.8864638167962007,37.12887149052746,-92.82597515713422,0
2024-01-03 12:52:00,9411,31.44021618046985,34.4681893785668,-97.94187792223836,0
2024-01-03 12:53:00,2925,159.3388895268331,32.8358003038907,-99.5427298963041,0
2024-01-03 12:54:00,3972,221.9372012299649,35.23401668686735,-92.90844136197734,0
2024-01-03 12:55:00,1990,29.74047868534256,33.79650143820966,-91.54172446609708,0
2024-01-03 12:56:00,2812,359.0042079285416,32.29996254555247,-92.99006379344972,1
2024-01-03 12:57:00,9995,10.8372461144349,37.56844796129984,-93.56205633671172,0
2024-01-03 12:58:00,1489,24.287661917211647,37.97524148935303,-97.50684931526514,0
2024-01-03 12:59:00,6876,133.15263792151381,38.00312240755004,-95.05396498774627,0
2024-01-03 13:00:00,4645,113.75593189550325,33.82142796035694,-92.75038302737369,0
2024-01-03 13:01:00,8081,54.07548395532887,31.69528451409373,-98.06625227256134,0
2024-01-03 13:02:00,3891,17.829853010881802,38.40411281507478,-95.23456456222706,0
2024-01-03 13:03:00,4516,17.78227147459167,33.29263876486213,-98.82971729176779,0
2024-01-03 13:04:00,4340,26.425152393030626,37.48066802252019,-94.69281014900362,0
2024-01-03 13:05:00,7410,18.572066265427832,38.174505610441145,-94.26462700837395,0
2024-01-03 13:06:00,1053,62.22165875264459,37.681524976027575,-94.64614369529377,0
2024-01-03 13:07:00,3575,49.78594166193497,33.89806030690808,-95.30535381176846,0
2024-01-03 13:08:00,1615,17.092472622815468,39.3801672658927,-94.12546042493732,0
2024-01-03 13:09:00,6944,38.28725727744022,36.60162416803049,-90.03200478880822,0
2024-01-03 13:10:00,8404,3.859599874670284,35.75746284321323,-93.77463568866774,0
2024-01-03 13:11:00,1954,76.6477675251678,36.97909102075014,-92.47432277693412,0
2024-01-03 13:12:00,2629,111.80157014806584,30.4472712326539,-98.07879098785341,0
2024-01-03 13:13:00,7859,21.93733294584786,33.90514972778638,-94.69976594800724,1
2024-01-03 13:14:00,9841,24.86904912167014,38.81217153846211,-99.92494612225595,0
2024-01-03 13:15:00,4278,70.6606427284209,31.610797014957143,-99.6854224819228,0
2024-01-03 13:16:00,6455,60.71957533079601,34.1440064773633,-96.77519593939954,0
2024-01-03 13:17:00,4801,118.28753007428494,34.05247991171971,-95.33399522287992,0
2024-01-03 13:18:00,3561,25.111359913240406,33.56041710703025,-94.24363162375853,0
2024-01-03 13:19:00,7539,28.20340351627238,35.6235132885898,-91.11995632802693,0
2024-01-03 13:20:00,1370,43.78544764127837,39.96198049585695,-92.28243635773,0
2024-01-03 13:21:00,1857,18.80039490977989,32.5584884878663,-97.00023040600553,0
2024-01-03 13:22:00,5886,42.842086370222354,37.049571225749915,-92.56515823936681,0
2024-01-03 13:23:00,8485,19.110288247613866,37.579949977756705,-94.506089170267,0
2024-01-03 13:24:00,1383,82.89462455911108,35.84498479679662,-92.2081871306803,0
2024-01-03 13:25:00,5334,21.427905005619937,30.97475687901181,-95.88950405182138,0
2024-01-03 13:26:00,5290,70.30850311244508,35.72373497345297,-99.08106683001981,0
2024-01-03 13:27:00,3725,234.3032549965333,39.53464475672487,-93.8151223072743,0
2024-01-03 13:28:00,7204,83.78250180768025,33.42060144388674,-94.42962439355861,1
2024-01-03 13:29:00,7111,65.09749412439719,36.396881263794285,-90.46396468452143,0
2024-01-03 13:30:00,5251,13.962288153789894,39.593977324252485,-98.37869860853255,0
2024-01-03 13:31:00,1922,218.99185400885563,37.97990281234747,-93.43867055755592,0
2024-01-03 13:32:00,3915,166.62207467722956,36.88307729697043,-95.25926539285624,0
2024-01-03 13:33:00,8957,46.69582372651556,39.71148878768314,-96.21077543967706,0
2024-01-03 13:34:00,4046,37.184164832516814,31.705829552988003,-92.05432436044684,0
2024-01-03 13:35:00,2230,24.191947873983096,37.72748788499839,-91.89349729736509,0
2024-01-03 13:36:00,8647,326.80934031603107,34.06835767322774,-92.85399411651566,0
2024-01-03 13:37:00,5933,119.57748531446477,33.60431687680504,-99.1639849926403,0
2024-01-03 13:38:00,4940,25.574409142542727,35.2067251440196,-96.5488928601126,0
2024-01-03 13:39:00,7483,163.90215771218587,30.33751058777458,-99.53249814678811,0
2024-01-03 13:40:00,1203,208.33527377763033,33.125296209283626,-96.5631881139942,0
2024-01-03 13:41:00,1160,53.45215876146719,31.662154945234118,-93.52082221411848,0
2024-01-03 13:42:00,9960,38.69276556784282,31.386908994173048,-94.81293228119267,0
2024-01-03 13:43:00,4748,20.224941028400902,33.37340510020098,-92.97063175949148,0
2024-01-03 13:44:00,7718,110.76695992518306,38.02264358010709,-94.48538209488285,0
2024-01-03 13:45:00,3581,35.62060495961253,32.011110678550686,-94.44186223551611,0
2024-01-03 13:46:00,2093,34.17779121708326,35.3141578443241,-94.89034781102022,0
2024-01-03 13:47:00,5500,53.97230207076969,37.48656194035155,-96.35674647253303,0
2024-01-03 13:48:00,9799,24.094717227204445,32.40971534905118,-95.53435120281179,0
2024-01-03 13:49:00,6710,251.74666929513504,39.24203295755772,-98.87562255386027,0
2024-01-03 13:50:00,3875,143.72644280340413,38.66497903331604,-91.65491549619797,0
2024-01-03 13:51:00,4191,58.942202430548605,32.51178211733843,-91.10788361534392,1
2024-01-03 13:52:00,2837,23.306991696345865,39.89638067365794,-92.33729186539112,0
2024-01-03 13:53:00,1689,24.59988314294162,36.69171094115016,-94.16413987832351,0
2024-01-03 13:54:00,4759,23.538592385294383,32.861000374204,-94.30820751952056,0
2024-01-03 13:55:00,3103,15.947511115540186,36.81037455305568,-95.2967637099628,0
2024-01-03 13:56:00,1365,75.39085293079494,36.66248270403291,-97.68653268412295,0
2024-01-03 13:57:00,9092,28.71909520611217,36.06193624734329,-96.16196175054941,1
2024-01-03 13:58:00,5172,27.124810802516425,37.11696111078475,-90.10094186375991,0
2024-01-03 13:59:00,7033,24.19299424641957,32.6831569037524,-98.54196987516718,0
2024-01-03 14:00:00,3378,148.94522051969713,39.78985485589534,-94.57316740115279,0
2024-01-03 14:01:00,2205,25.57014601672945,38.57895757275158,-91.3347420101849,0
2024-01-03 14:02:00,5988,194.23028380084284,37.45741352629321,-95.46998318979391,0
2024-01-03 14:03:00,6669,40.94813276213312,30.26304993603249,-93.94389734426981,0
2024-01-03 14:04:00,3735,15.719770884091735,35.90385373250624,-91.72206847588946,0
2024-01-03 14:05:00,9490,87.29278405039068,37.06483988142381,-94.52438641895645,0
2024-01-03 14:06:00,1956,132.5919265242825,38.540998271078834,-92.6853083848567,0
2024-01-03 14:07:00,7623,23.149349868542384,39.46157121788943,-96.52727618134527,0
2024-01-03 14:08:00,2474,58.162482393806584,39.15853099941752,-92.66976784214495,0
2024-01-03 14:09:00,5460,75.0731399858802,34.060449324826884,-99.5897868335864,0
2024-01-03 14:10:00,8002,60.07740728955982,38.96501187973953,-98.47100705283259,0
2024-01-03 14:11:00,7396,34.530939741001,30.007488092148712,-93.62703823700491,0
2024-01-03 14:12:00,3828,131.84412642663298,33.51475211507787,-95.51045448661338,0
2024-01-03 14:13:00,3850,42.473618439840116,31.138810692303938,-91.71651053039857,0
2024-01-03 14:14:00,3964,29.79439016785903,38.83067700050202,-96.58025523868031,0
2024-01-03 14:15:00,5594,9.345707001872935,39.27981905433585,-92.3279168657453,0
2024-01-03 14:16:00,7644,9.433263422284186,32.56008418150223,-98.60887132746097,0
2024-01-03 14:17:00,3850,67.7553802930485,33.67310448125463,-90.6985342110743,0
2024-01-03 14:18:00,1165,50.54935005287833,39.838776194170926,-95.81560661936571,0
2024-01-03 14:19:00,1919,132.6143137978907,35.66063463729397,-97.69098136026628,0
2024-01-03 14:20:00,9305,169.0651834639789,34.97055843421639,-92.10847946326358,0
2024-01-03 14:21:00,4504,42.729793263284115,35.004354250165775,-90.52113836942014,0
2024-01-03 14:22:00,1991,140.98449170342798,36.96188179272782,-90.8191827148803,0
2024-01-03 14:23:00,7047,31.129436633929682,39.54543034772014,-97.6206106999939,0
2024-01-03 14:24:00,4839,46.99823980012985,33.666224297523726,-93.27992300597207,0
2024-01-03 14:25:00,2258,45.67335439295729,31.72657946149043,-94.53142007395715,0
2024-01-03 14:26:00,8609,264.8232298496966,31.850128921529905,-92.74895830785731,0
2024-01-03 14:27:00,9706,15.203321033815314,30.203590380849068,-95.13067151431368,0
2024-01-03 14:28:00,5804,57.92433883775764,35.55410496119294,-95.30236843330913,0
2024-01-03 14:29:00,1067,27.220351832935435,39.29117218870451,-91.17293154165058,0
2024-01-03 14:30:00,6660,40.48716569632656,37.13076895378948,-91.28743586719828,0
2024-01-03 14:31:00,5478,38.79213146142684,39.92964526572471,-92.12403674816754,0
2024-01-03 14:32:00,9210,58.677945078204836,39.095274074254554,-92.95105118379865,0
2024-01-03 14:33:00,4521,209.96009793068924,34.918576733904246,-93.21633421072217,0
2024-01-03 14:34:00,1572,365.7684076026353,34.86549380591198,-99.43818094107772,1
2024-01-03 14:35:00,8082,105.27452875911614,36.283572298285684,-92.50463814647945,0
2024-01-03 14:36:00,8832,20.509066021194105,31.10935597402311,-93.61895520197976,0
2024-01-03 14:37:00,6395,45.84990810440899,36.076842404512696,-96.9758860374895,0
2024-01-03 14:38:00,3258,70.85263315097382,34.64074019811818,-91.79898513821328,0
2024-01-03 14:39:00,7039,36.345730350235655,36.427404266726114,-91.67552927724675,0
2024-01-03 14:40:00,1650,41.3852701404915,35.652099682851926,-90.67809332746387,0
2024-01-03 14:41:00,6741,50.847931645269995,33.10395860284518,-95.81641966533311,0
2024-01-03 14:42:00,7838,118.18038824404893,36.07761983018407,-94.48750030926948,0
2024-01-03 14:43:00,3587,92.77541641750678,33.6601435286968,-90.94045749988278,1
2024-01-03 14:44:00,8876,29.661037904680384,31.946211406478177,-96.8319859971811,0
2024-01-03 14:45:00,4262,98.7739761368074,36.75070847758032,-92.0335736266099,0
2024-01-03 14:46:00,2338,306.23762697675767,33.0634709301858,-90.08033392886695,1
2024-01-03 14:47:00,5996,12.02576661422402,38.89024779866036,-93.48064338681442,0
2024-01-03 14:48:00,6780,35.257222625933295,31.993324597142138,-90.1629602216655,0
2024-01-03 14:49:00,3827,32.676128394842316,36.001440384325136,-94.84187568294736,0
2024-01-03 14:50:00,6232,59.1405401941704,35.715487748492535,-98.46946611148807,0
2024-01-03 14:51:00,3217,8.812091651784252,31.977418008011515,-98.24404119375458,0
2024-01-03 14:52:00,4539,212.95636288260437,34.3988683886454,-92.68625518140439,0
2024-01-03 14:53:00,8845,57.21360743608675,36.75538771542794,-99.9909123335782,0
2024-01-03 14:54:00,5383,73.56235377177866,33.18527204489974,-93.38112080448676,0
2024-01-03 14:55:00,3961,65.51744088391455,31.13830657407465,-98.48728222589966,1
2024-01-03 14:56:00,4226,32.5724714647163,36.152407149578806,-90.15631415913685,0
2024-01-03 14:57:00,7837,109.79933862071958,32.24121902260516,-98.36872472545652,0
2024-01-03 14:58:00,8031,54.88444743181436,36.81474979669588,-94.47536005023127,0
2024-01-03 14:59:00,4716,6.789213241124355,38.39467096584168,-93.30554224770778,0
2024-01-03 15:00:00,4414,49.0007872746249,31.233553714497955,-91.80503814408594,0
2024-01-03 15:01:00,2448,41.36469302313013,34.37609102221301,-95.40736281215315,0
2024-01-03 15:02:00,1570,109.5895131379858,34.449222693488025,-90.66201242030151,0
2024-01-03 15:03:00,3904,813.5546383907521,36.32535918654294,-95.19753626934535,0
2024-01-03 15:04:00,3505,79.65344430326859,33.34407928797568,-97.47940059872666,0
2024-01-03 15:05:00,1917,454.77307023056255,34.1856915558878,-94.0696478248403,1
2024-01-03 15:06:00,7982,27.488660390273832,30.11991244028255,-93.41994420199546,0
2024-01-03 15:07:00,8427,29.308458640757433,31.224259111832595,-94.92608856997605,1
2024-01-03 15:08:00,7336,42.672986609533616,35.698620995550044,-92.66817871877822,0
2024-01-03 15:09:00,2678,83.52885494538661,32.15895800295028,-95.79319222923489,0
2024-01-03 15:10:00,1615,28.771846356146536,31.445768897963752,-99.95663176185097,0
2024-01-03 15:11:00,8086,10.893361495262306,33.24412767964163,-97.35461062111727,0
2024-01-03 15:12:00,5749,55.87154343055863,31.635356949331236,-90.54094671625396,0
2024-01-03 15:13:00,4505,17.409325818521726,30.59622436478103,-92.36776746832437,0
2024-01-03 15:14:00,5529,166.63886733113372,32.838582491441755,-98.10466175752657,0
2024-01-03 15:15:00,2135,103.94587285808562,31.64358441365551,-99.33347008071443,0
2024-01-03 15:16:00,9566,25.545859449350903,37.99395742334836,-96.4920310154937,0
2024-01-03 15:17:00,8226,86.1243397441253,30.626569669306633,-91.63698071079834,0
2024-01-03 15:18:00,6162,31.55845176468737,37.47443236766692,-98.94020586728472,0
2024-01-03 15:19:00,1206,51.821642268565014,33.82796347483202,-94.56646128703704,0
2024-01-03 15:20:00,5875,52.36971912139269,36.753213093493954,-97.2499975494911,0
2024-01-03 15:21:00,2319,39.03151807493561,30.52689436333389,-92.7374497766078,0
2024-01-03 15:22:00,2141,125.29611771895107,39.20703994789571,-99.99589684162613,0
2024-01-03 15:23:00,5627,17.829177430775022,37.673756972516095,-97.22825872985176,0
2024-01-03 15:24:00,8389,93.40791836407556,31.40143071874226,-93.20749635526488,0
2024-01-03 15:25:00,3690,74.03434586136676,32.187843710273604,-94.5324948798368,0
2024-01-03 15:26:00,8323,13.402289202008772,36.439962326394856,-92.21134373415204,0
2024-01-03 15:27:00,4255,24.669776801813555,39.215626042943505,-98.42324066559462,0
2024-01-03 15:28:00,9281,18.285726290163183,34.45832391006233,-94.69024465093412,0
2024-01-03 15:29:00,6213,37.847817612368104,34.85632795021806,-98.0423020954692,0
2024-01-03 15:30:00,5108,57.30721071289367,32.378002613890295,-93.6077986068533,0
2024-01-03 15:31:00,4020,21.57668958117864,33.830108756211324,-98.68657474164961,0
2024-01-03 15:32:00,2857,143.9014378460011,32.860177028303056,-98.51306189334214,0
2024-01-03 15:33:00,9996,157.24145737330522,33.50571149637813,-96.71794758372069,0
2024-01-03 15:34:00,3789,187.62018503720154,30.205976247553473,-95.98093575927169,0
2024-01-03 15:35:00,4875,3.6036773496700953,30.410607446722377,-95.01440349482613,0
2024-01-03 15:36:00,8605,383.0510361757362,36.80686533908903,-94.19293129992958,0
2024-01-03 15:37:00,9135,64.46061199570985,36.817951889226286,-95.31186180186118,0
2024-01-03 15:38:00,7055,57.24266507737209,33.30230600335835,-99.54361277882057,0
2024-01-03 15:39:00,4882,49.30996431092154,38.85462396753837,-96.56539623081204,0
2024-01-03 15:40:00,8175,14.566892247087972,32.66112116199923,-99.38618054533136,0
2024-01-03 15:41:00,8129,78.2382058189859,33.95784781973894,-98.81916225631339,0
2024-01-03 15:42:00,6021,273.6758416738908,37.31375624283156,-99.07176432238609,0
2024-01-03 15:43:00,5735,63.68976134358163,37.435681177907,-98.41904462881445,0
2024-01-03 15:44:00,3387,17.901836884161263,38.61165762705184,-91.8707946664344,0
2024-01-03 15:45:00,7582,11.878063533352076,30.290590419059626,-93.7242760336273,0
2024-01-03 15:46:00,6866,40.68975178139264,31.837586811411583,-94.93219089913481,0
2024-01-03 15:47:00,3566,25.94485119730179,36.40571770670061,-92.67742487254932,0
2024-01-03 15:48:00,1975,110.23062853117563,33.38199769236404,-90.38776223962525,0
2024-01-03 15:49:00,8212,214.9528583576877,30.435616709308682,-95.82324854721399,0
2024-01-03 15:50:00,2262,87.3262832982467,35.864666739066884,-96.32588057414685,0
2024-01-03 15:51:00,6047,50.1444499678427,33.93073198464812,-90.2222643599536,0
2024-01-03 15:52:00,8382,47.8211674223452,33.64094858544017,-92.28669634639863,0
2024-01-03 15:53:00,7231,58.62044832828235,32.643642846858256,-92.22888773651984,0
2024-01-03 15:54:00,4327,17.11678168881304,30.059978931169628,-94.00057704978012,0
2024-01-03 15:55:00,6630,99.70992913285939,31.823600169706268,-94.9299157103871,0
2024-01-03 15:56:00,3259,18.5261418837924,34.74235297818605,-94.49408289751565,0
2024-01-03 15:57:00,2257,166.69550406729903,32.75736453087807,-93.47914949308289,0
2024-01-03 15:58:00,1464,37.96834838968889,38.743886792634555,-96.23160649488108,0
2024-01-03 15:59:00,4294,125.31230993885521,31.429996621563664,-92.17705235424205,0
2024-01-03 16:00:00,7774,12.512531776480209,38.75340287036202,-90.90779056407041,0
2024-01-03 16:01:00,8431,124.43202897066665,34.04825808495707,-94.28716313834293,0
2024-01-03 16:02:00,2230,213.26326099784302,32.75840313068714,-96.18524377075707,0
2024-01-03 16:03:00,4805,15.156394785494951,33.04291858514839,-93.044102151239,0
2024-01-03 16:04:00,7419,48.73982172633077,33.300707928289924,-98.17835445819443,0
2024-01-03 16:05:00,6750,76.31626895760999,35.06563984682378,-90.31427351771853,0
2024-01-03 16:06:00,4856,80.14743372281127,33.53882311263804,-93.42012645352004,0
2024-01-03 16:07:00,4135,38.87871450034955,36.472063470381876,-99.32431276913539,0
2024-01-03 16:08:00,7953,32.59518836833135,34.25179007082931,-94.70249928481553,0
2024-01-03 16:09:00,7034,70.33453612166919,36.71643709682707,-92.49659250741149,0
2024-01-03 16:10:00,5589,77.6765902025272,36.04426418351602,-97.22154074921761,0
2024-01-03 16:11:00,2546,29.15408635910586,32.44453972429261,-99.4901045970271,0
2024-01-03 16:12:00,7065,23.92581594663248,38.12773287850088,-95.1083756210006,0
2024-01-03 16:13:00,2094,183.34611802268827,37.989814677729235,-91.66375556534688,0
2024-01-03 16:14:00,3411,60.80480136693056,39.889804670163755,-97.48465627608621,0
2024-01-03 16:15:00,3617,5.631047501785379,31.750501344334563,-92.82986886228892,0
2024-01-03 16:16:00,9954,184.47446602089087,38.47838219273685,-95.92209317251766,0
2024-01-03 16:17:00,5145,30.049828285099373,38.719809225426154,-99.4036794186179,0
2024-01-03 16:18:00,3775,58.36639656422873,36.4216416660237,-96.9603695019007,0
2024-01-03 16:19:00,7628,79.42905864008524,35.06384777782691,-96.86097594731753,0
2024-01-03 16:20:00,4155,12.382900855980596,39.572595561690335,-90.95335707886187,0
2024-01-03 16:21:00,4970,40.90275795673187,39.72691927876329,-90.18251837895565,0
2024-01-03 16:22:00,8972,203.88866648324102,36.41697456342201,-97.90232203692214,0
2024-01-03 16:23:00,9775,162.2858677717115,33.595598579241624,-95.69487153996211,1
2024-01-03 16:24:00,6415,40.83913256026929,38.17165183465944,-90.23296545999165,0
2024-01-03 16:25:00,5331,111.70190848779747,30.89255467214923,-95.9273183994279,0
2024-01-03 16:26:00,2942,127.42461730935436,32.905956440297864,-96.50828901968642,0
2024-01-03 16:27:00,7026,121.08604914718161,39.8555429477285,-98.9011848751731,0
2024-01-03 16:28:00,9301,17.356630113747435,38.1433338720697,-92.467154987547,1
2024-01-03 16:29:00,1191,281.78666293998504,39.395824715691234,-95.52994441323632,0
2024-01-03 16:30:00,1861,34.33472869522672,35.94794571385757,-93.61337047932598,0
2024-01-03 16:31:00,7711,60.90631371089711,34.07672458148116,-94.90143227354982,0
2024-01-03 16:32:00,1649,38.42541914964614,39.79690103391038,-98.25462861404978,1
2024-01-03 16:33:00,5134,68.70081954512207,33.09425585857155,-98.23630204350209,0
2024-01-03 16:34:00,8587,23.00555264267639,37.57414278908924,-90.6024367467487,0
2024-01-03 16:35:00,9828,43.59214935486404,35.58206957900208,-91.10480853830754,0
2024-01-03 16:36:00,2036,65.54632723650575,32.28507145514465,-93.8936599501081,0
2024-01-03 16:37:00,5131,185.79594066224266,30.174832874085425,-99.98755747296515,0
2024-01-03 16:38:00,3148,164.66753124916386,33.837640905040836,-95.66704359207768,0
2024-01-03 16:39:00,6457,173.2183640966395,35.47685392877309,-94.69571994774857,0
2024-01-03 16:40:00,7079,130.14539404979047,31.831904009534668,-95.5056219259497,0
2024-01-03 16:41:00,3430,346.0818689547987,34.145548858612266,-90.74550553405959,0
2024-01-03 16:42:00,2879,40.84805051608472,36.1518993065896,-99.59134158541451,0
2024-01-03 16:43:00,8542,46.62942686906995,37.149231264211245,-93.45071493397184,0
2024-01-03 16:44:00,3011,44.748461138862204,30.527425299065374,-96.8616360134742,0
2024-01-03 16:45:00,4373,51.36049211438258,36.641808218023606,-94.40522944201341,0
2024-01-03 16:46:00,8357,12.984797998731246,30.5666730887772,-93.44082656508978,0
2024-01-03 16:47:00,2289,71.14789852552872,30.281854953593438,-95.59178684938398,0
2024-01-03 16:48:00,2447,89.66271545917766,31.524120259105057,-98.51625616061764,0
2024-01-03 16:49:00,4199,42.2073011741229,36.53644057211565,-94.80961870311597,0
2024-01-03 16:50:00,7381,9.41834480970595,30.528214428844567,-90.6704383403441,0
2024-01-03 16:51:00,8522,55.78084725869549,30.20896212205574,-94.64119821108689,0
2024-01-03 16:52:00,7059,14.958702632897438,31.17959511347554,-98.77060162367603,0
2024-01-03 16:53:00,4183,83.70603576254732,39.49720990710571,-91.75836975333118,0
2024-01-03 16:54:00,6462,61.51688154862756,39.07277749927216,-97.78255112837057,0
2024-01-03 16:55:00,4216,67.85493561655852,30.86465975099654,-96.29783024105788,0
2024-01-03 16:56:00,4136,18.896246921556124,33.04013183516563,-95.71242874075189,0
2024-01-03 16:57:00,4318,192.78657837616169,39.47292439047267,-96.60300752726246,0
2024-01-03 16:58:00,3782,64.72899172915281,30.97687673456501,-95.95548262705739,0
2024-01-03 16:59:00,8657,21.884151050920416,30.94595981981034,-92.04519372419337,0
2024-01-03 17:00:00,5920,97.47945607305675,30.86003897734729,-97.7664099009549,0
2024-01-03 17:01:00,7324,60.20379475308969,39.76476239098676,-95.29581440357218,0
2024-01-03 17:02:00,7327,342.7211032242281,37.43108513282432,-99.79991434829368,0
2024-01-03 17:03:00,9417,31.40997576074794,32.14484367359299,-94.92334080695149,0
2024-01-03 17:04:00,1776,15.681263026817733,30.45947261296503,-98.88311355554112,0
2024-01-03 17:05:00,6208,72.91881587147061,39.65241508911534,-97.1776405776519,0
2024-01-03 17:06:00,1687,150.23877610137103,34.25489041759691,-96.75126605684875,0
2024-01-03 17:07:00,1529,557.22496340706,35.98375388294975,-99.1764737435809,1
2024-01-03 17:08:00,6067,1666.71879518357,32.79196233498126,-96.39433836586865,0
2024-01-03 17:09:00,9080,11.564632798885167,37.583603222909325,-95.01942598034462,0
2024-01-03 17:10:00,6518,47.69193778179151,31.968023458940166,-95.68904578672559,0
2024-01-03 17:11:00,3153,15.733422269700494,37.869119333755144,-97.19574685390461,0
2024-01-03 17:12:00,7094,42.6324718376015,32.306030433350344,-97.05145039290161,0
2024-01-03 17:13:00,7974,650.1764205459588,30.979122256841436,-93.66416964616198,0
2024-01-03 17:14:00,5774,24.05369618064326,34.78822554530804,-92.81604118623086,0
2024-01-03 17:15:00,8692,53.41270591594775,38.13216806895651,-94.23469348111216,0
2024-01-03 17:16:00,4103,30.543096001273447,33.84864696462169,-90.23811959308077,0
2024-01-03 17:17:00,3440,20.019448881369954,30.2887365066928,-90.5512593673898,0
2024-01-03 17:18:00,5135,327.92666541792113,35.53309712298264,-99.0153104517773,0
2024-01-03 17:19:00,8124,11.713507091342846,36.80471388923527,-97.38625595049972,0
2024-01-03 17:20:00,6201,50.2739103524939,37.40694945336007,-91.31605887129226,0
2024-01-03 17:21:00,1844,59.61833777424264,34.01924954309284,-99.7033648582095,0
2024-01-03 17:22:00,1446,52.82318009215642,30.970196314924006,-94.07802833374711,0
2024-01-03 17:23:00,4915,39.81688857215206,35.843264344633866,-90.45500460269267,0
2024-01-03 17:24:00,4109,274.3330603467672,33.29547885238182,-93.2128232520984,1
2024-01-03 17:25:00,2234,6.606928151502823,39.46887482274853,-99.08066688066242,0
2024-01-03 17:26:00,7587,84.47467149588942,35.02712108061328,-92.52182269039751,0
2024-01-03 17:27:00,1226,88.32289252390598,34.72266046798978,-96.23515336556243,0
2024-01-03 17:28:00,5143,72.74715235518914,33.09209532318357,-90.78466385561813,0
2024-01-03 17:29:00,8185,23.787402725664453,33.387865053835476,-97.1368371444363,0
2024-01-03 17:30:00,6558,182.18653424595192,35.127547840799124,-95.26767965473428,0
2024-01-03 17:31:00,1186,173.2923805956525,33.066647953149946,-92.53392817787227,0
2024-01-03 17:32:00,3535,22.96362041944066,38.92304884368412,-97.42460028967892,0
2024-01-03 17:33:00,2932,16.47949874547512,34.39017932429109,-98.18217652562862,0
2024-01-03 17:34:00,3032,13.584064357846875,32.92022084013024,-99.97291858296775,0
2024-01-03 17:35:00,2252,68.40221191075644,31.553948335411494,-95.12038173781717,0
2024-01-03 17:36:00,6509,57.21305115403456,36.72350726300358,-90.71382528010558,0
2024-01-03 17:37:00,6074,38.04965746062038,30.25786943285584,-97.18512822819044,0
2024-01-03 17:38:00,2881,437.6052726412499,34.4999578716994,-99.5662147092494,1
2024-01-03 17:39:00,1269,34.429564714321145,35.50121820367224,-93.79568717885236,0
2024-01-03 17:40:00,2630,65.85793286482901,33.397846108803314,-99.43830085580608,0
2024-01-03 17:41:00,5405,44.95645877510774,37.49817747275006,-94.9308776552663,0
2024-01-03 17:42:00,7139,388.8205923943741,36.75660496837939,-96.18470292289253,0
2024-01-03 17:43:00,2574,7.465800726760979,39.71398987569962,-95.24576146256312,0
2024-01-03 17:44:00,2695,40.0484525452044,35.08766799289682,-98.37359713627906,0
2024-01-03 17:45:00,4258,100.91266987351386,35.37812364629383,-99.09798119415144,0
2024-01-03 17:46:00,4262,43.71152390127082,32.45839319193822,-92.51009122251496,1
2024-01-03 17:47:00,2445,14.81540298524432,33.854838907307204,-97.54333239940418,0
2024-01-03 17:48:00,7263,65.14379347696848,30.26860591158304,-91.9957590456775,0
2024-01-03 17:49:00,9411,10.790611608177903,36.892747885976895,-92.41552717959803,0
2024-01-03 17:50:00,1052,106.72280233584917,33.1162279968354,-98.01621129285708,0
2024-01-03 17:51:00,6570,36.11603975030521,35.40367009666698,-90.91709495584868,0
2024-01-03 17:52:00,8579,30.52445121749211,32.54992396410949,-98.38720408576903,0
2024-01-03 17:53:00,2666,155.42389105714628,36.21036200339659,-92.02854251465303,1
2024-01-03 17:54:00,7901,20.020881400125045,34.475824929540444,-95.79466279271715,0
2024-01-03 17:55:00,3785,11.675976540503703,34.81860652386294,-98.16983684310838,0
2024-01-03 17:56:00,1719,21.96647462891297,39.42607139815326,-90.61888683351836,0
2024-01-03 17:57:00,9597,422.8428752680828,37.0616032312386,-90.36742513599502,0
2024-01-03 17:58:00,7855,20.011606245832805,32.61899735600074,-94.8862708819581,0
2024-01-03 17:59:00,3294,78.69057340268567,35.039218177414256,-95.308254823732,0
2024-01-03 18:00:00,9263,126.89415121155346,34.666728190519784,-90.99158267215162,1
2024-01-03 18:01:00,5482,21.332891112353895,37.95052606878364,-94.03863322391315,0
2024-01-03 18:02:00,1698,21.360544417392877,38.33355114096203,-97.3396137671533,0
2024-01-03 18:03:00,8243,65.3762233456122,32.834428227417256,-95.74802743145386,0
2024-01-03 18:04:00,6918,68.39653855322018,38.211514539062364,-91.64010921524586,0
2024-01-03 18:05:00,1348,210.10703383531785,31.795014052910016,-91.40436692645238,0
2024-01-03 18:06:00,6374,25.299093766465063,37.627705545376955,-90.60747196518487,0
2024-01-03 18:07:00,8869,37.44025595150433,32.48784543801361,-97.11739112822437,0
2024-01-03 18:08:00,1307,932.9917474805562,32.97931157413296,-93.20047243032289,1
2024-01-03 18:09:00,4416,9.091816903278314,38.52467840188994,-99.31611187665452,0
2024-01-03 18:10:00,5820,7.406158297705949,34.20074865056297,-92.74097344473249,0
2024-01-03 18:11:00,4558,13.694017031081867,39.90565824856296,-94.36800309954253,0
2024-01-03 18:12:00,5478,164.28545723498897,31.51943029907441,-97.50233906910417,1
2024-01-03 18:13:00,7531,35.22355615235046,34.633490380396836,-93.45368084746167,0
2024-01-03 18:14:00,5620,35.21081474201184,37.324503309089366,-98.64817897913274,0
2024-01-03 18:15:00,3985,20.796346662569107,30.053670579785074,-96.66193703265233,0
2024-01-03 18:16:00,9112,136.78608806311658,31.518552781930175,-95.99086401206048,0
2024-01-03 18:17:00,9467,13.907750069969284,30.2035674941098,-92.22862836226264,0
2024-01-03 18:18:00,3547,30.52353565956477,39.928778653827536,-96.91215693472228,0
2024-01-03 18:19:00,1336,21.63597782949752,37.606246624214705,-99.50965347907763,1
2024-01-03 18:20:00,3979,3.7724595972651853,33.735590977466,-98.1925930562312,0
2024-01-03 18:21:00,4968,33.843976983127206,31.562849346967756,-93.91906869161699,0
2024-01-03 18:22:00,1910,51.46082760366326,30.903832428034505,-99.84749619494374,0
2024-01-03 18:23:00,2996,25.140451203177967,35.31907200550912,-92.07767727729609,0
2024-01-03 18:24:00,4129,41.75106561958438,39.758913181991986,-90.98879921641459,0
2024-01-03 18:25:00,6447,42.835786846334976,36.74610944657764,-95.04602391853139,0
2024-01-03 18:26:00,7129,47.79754718386813,33.651383682587294,-92.92369581632651,1
2024-01-03 18:27:00,6850,19.02875972924731,35.00850973237488,-95.37323209487181,0
2024-01-03 18:28:00,5204,17.96652728002425,39.98903367939452,-96.91236705485154,0
2024-01-03 18:29:00,8446,57.22246128124884,35.18766228884451,-98.3513362132347,0
2024-01-03 18:30:00,9519,12.477317079133025,39.642014857763556,-94.81837712365272,0
2024-01-03 18:31:00,1314,44.07421726235719,30.16361718817826,-90.70110431767439,0
2024-01-03 18:32:00,2134,280.1963545416487,37.209631282341725,-91.1002783311516,0
2024-01-03 18:33:00,5876,52.51907901041994,36.271614492131164,-90.80374199604486,0
2024-01-03 18:34:00,9102,8.788405204755483,36.85329858457322,-90.33586939901994,0
2024-01-03 18:35:00,9347,65.35397174937694,35.70567089257453,-98.34642022590714,0
2024-01-03 18:36:00,6592,123.778090079381,30.441767762416557,-98.53474658710597,0
2024-01-03 18:37:00,2724,24.647683871493744,31.49563935491826,-95.72238592150474,0
2024-01-03 18:38:00,4343,40.48966361046729,39.222512703352145,-93.10688463868493,0
2024-01-03 18:39:00,1886,22.698780961622052,32.32925008367117,-95.60306080034577,0
2024-01-03 18:40:00,1721,34.39180617495257,39.929372693269414,-91.07645629059866,0
2024-01-03 18:41:00,8678,28.06304772367799,36.79588484394617,-92.82603516210374,0
2024-01-03 18:42:00,4357,84.40853470963563,34.443544901261845,-93.66029194553798,0
2024-01-03 18:43:00,1870,286.650115019596,39.2004885643604,-99.28962172520727,0
2024-01-03 18:44:00,7751,57.813103267185895,37.94986189617455,-98.24664572515725,0
2024-01-03 18:45:00,1497,11.684432750379306,34.28965079584902,-95.71846245754612,0
2024-01-03 18:46:00,2756,685.0099078718824,30.68592972267356,-90.23625230642013,1
2024-01-03 18:47:00,2117,97.79746062698341,38.68304574534501,-96.65591301416285,0
2024-01-03 18:48:00,3828,119.87750611619897,37.650399313583414,-93.70024537484225,0
2024-01-03 18:49:00,2647,51.22736437119316,37.907348372907144,-90.11093966800406,0
2024-01-03 18:50:00,7992,68.90502965320043,37.44858732725555,-97.35974941100403,0
2024-01-03 18:51:00,7771,38.79045189316673,32.75754489378083,-98.3333297675842,0
2024-01-03 18:52:00,1142,134.78702079010628,38.588457196693376,-94.53666717866,0
2024-01-03 18:53:00,3761,33.87226952935691,30.022325531441087,-94.4810960948858,0
2024-01-03 18:54:00,4435,89.06571076937544,32.37276278383753,-90.78113367491906,0
2024-01-03 18:55:00,7622,143.9410321078236,30.465595988241958,-99.73569904808393,0
2024-01-03 18:56:00,8069,189.79316724728025,31.1059645666896,-95.92622266946753,0
2024-01-03 18:57:00,5512,153.2304039728909,35.323791375175055,-96.87651841542028,0
2024-01-03 18:58:00,2848,19.617091897875834,30.372561899410343,-94.28947185115622,0
2024-01-03 18:59:00,3696,263.15578186455303,31.813810477003795,-99.90669645139332,0
2024-01-03 19:00:00,2717,106.08694119030129,32.327401473908274,-92.88936191598873,0
2024-01-03 19:01:00,4072,74.11317254270276,36.55338805137222,-95.15010257506975,0
2024-01-03 19:02:00,3786,83.16917263324295,34.68820524448232,-92.99310794113778,0
2024-01-03 19:03:00,4791,46.60044570123033,34.584125230554584,-95.52193786353668,0
2024-01-03 19:04:00,4871,34.2394379632883,37.68432554257625,-95.25807166807414,0
2024-01-03 19:05:00,2806,37.769231430604556,34.56721412074335,-91.04450271927595,0
2024-01-03 19:06:00,2504,197.9723329865145,33.48488742918046,-97.89101851375513,0
2024-01-03 19:07:00,4308,59.20771460360607,39.624510456043325,-97.82511265484237,0
2024-01-03 19:08:00,8117,72.36464744140879,30.08293309437857,-94.40523404889696,0
2024-01-03 19:09:00,6048,57.982542619854755,33.05393000075384,-93.39775725445581,0
2024-01-03 19:10:00,9263,27.996375898686633,36.09392716379723,-96.45311766517852,0
2024-01-03 19:11:00,2690,6.380069992023871,37.82809236052805,-94.80488832685093,0
2024-01-03 19:12:00,4303,117.76841533866549,38.164129547585645,-97.72143597882467,0
2024-01-03 19:13:00,4113,105.9299101225466,30.460731318551726,-98.64089377690172,0
2024-01-03 19:14:00,8850,53.9762488178748,37.09132055557588,-97.61737349933748,0
2024-01-03 19:15:00,7416,18.352435506983877,37.20253643471817,-90.83626940804842,0
2024-01-03 19:16:00,2504,337.24810643163164,32.14079421456268,-91.98182002673926,1
2024-01-03 19:17:00,9924,38.816604087883526,31.12775028470092,-98.5975432183779,0
2024-01-03 19:18:00,4924,69.98294024788696,37.49686157695302,-99.53439693884798,0
2024-01-03 19:19:00,9615,27.02741361719869,32.49500006237278,-99.06815028154205,0
2024-01-03 19:20:00,5485,14.158021637987222,30.01673804083677,-97.06567195825401,0
2024-01-03 19:21:00,9100,98.45828544620902,32.23572603576861,-91.8864098424726,0
2024-01-03 19:22:00,9684,12.172647618022884,30.310680088163124,-96.78625513392885,0
2024-01-03 19:23:00,1191,68.65118736823639,32.49186686694129,-98.14344736731569,1
2024-01-03 19:24:00,9690,68.85089446518055,33.35019582331821,-96.04158894542041,0
2024-01-03 19:25:00,5917,17.818492016093813,32.714001595379514,-98.7594637765868,0
2024-01-03 19:26:00,6831,14.93314114516147,39.199370671792444,-95.29783155259936,0
2024-01-03 19:27:00,5322,25.268644921030067,32.32532947385285,-93.24445845353694,0
2024-01-03 19:28:00,7999,29.149550156756085,34.675348227781015,-96.31151380277252,0
2024-01-03 19:29:00,8282,11.825586386251187,39.57427593844047,-98.2638850405929,0
2024-01-03 19:30:00,2874,17.72292135357228,38.791994913702226,-95.46802517895523,0
2024-01-03 19:31:00,5763,58.903770603299556,33.09258474532761,-92.37510767523185,0
2024-01-03 19:32:00,9464,399.26418667885304,33.26490294957469,-99.23405748358851,0
2024-01-03 19:33:00,2051,149.55257863955015,35.9332940250945,-99.29062877976556,0
2024-01-03 19:34:00,8538,64.10483330149485,39.1786285075423,-96.8188926056716,0
2024-01-03 19:35:00,8411,168.73709745914803,30.099997954558035,-95.84947212596124,0
2024-01-03 19:36:00,7320,173.376138279558,33.93119792185181,-97.83528164271607,0
2024-01-03 19:37:00,3105,40.24637981219288,38.49775486362224,-99.73089368797946,0
2024-01-03 19:38:00,1307,70.66114448905682,34.10469978386776,-97.80440358086206,0
2024-01-03 19:39:00,8737,145.16890052188083,37.200548752199396,-95.64630128126237,0
2024-01-03 19:40:00,4359,166.41298006579225,36.919249024122024,-99.20572655563778,0
2024-01-03 19:41:00,4176,168.01825103446083,32.05458709630367,-92.8410817135603,0
2024-01-03 19:42:00,2251,19.550273241790713,34.495945043669835,-94.4789915558977,0
2024-01-03 19:43:00,6366,176.80573248941482,35.66186712812672,-95.65559780197549,0
2024-01-03 19:44:00,2517,350.05031788466357,37.1546293524409,-94.81288156787119,1
2024-01-03 19:45:00,7226,243.08902878888819,38.22389631575085,-93.44194017982969,0
2024-01-03 19:46:00,6305,18.43918371743105,37.599332111694935,-90.05201494256787,0
2024-01-03 19:47:00,6869,14.339582116476123,30.283114673852303,-92.24879937458549,0
2024-01-03 19:48:00,9039,86.94064832555561,36.706378416016655,-94.59636888946149,0
2024-01-03 19:49:00,5891,238.61084713440542,34.973154638556736,-92.2946620165866,0
2024-01-03 19:50:00,5992,68.45441056604741,35.73861735853587,-95.24775772340402,0
2024-01-03 19:51:00,2961,43.1646627167922,33.72966212745877,-96.89091297271949,0
2024-01-03 19:52:00,3863,49.88952196641483,37.14026214586905,-97.38038722184724,0
2024-01-03 19:53:00,7603,151.485846772455,36.73888512119133,-96.00520722899674,0
2024-01-03 19:54:00,5567,39.5827105356802,35.79486481456365,-99.97716724597531,0
2024-01-03 19:55:00,7513,88.31894672002268,38.61605532589314,-98.23044089287157,0
2024-01-03 19:56:00,5005,47.9249812974488,31.019000248916395,-98.7346665509411,0
2024-01-03 19:57:00,1183,22.45833948171826,33.010232759202836,-90.39657973653095,0
2024-01-03 19:58:00,8755,20.765830766886054,34.95130415202828,-99.3515217606797,0
2024-01-03 19:59:00,4358,92.3244786838665,39.58604811299536,-94.9902722585969,0
2024-01-03 20:00:00,7615,3.649522610895299,30.719633862818192,-90.80282068763242,0
2024-01-03 20:01:00,7797,88.16964421088443,33.37077489984837,-93.92479781143128,0
2024-01-03 20:02:00,9728,46.03399025894453,39.258905537259494,-95.04730921993378,0
2024-01-03 20:03:00,8678,140.6230814602394,38.97947567449163,-92.5700661304778,0
2024-01-03 20:04:00,6698,99.63008707300945,38.65245570707602,-96.46624708382868,0
2024-01-03 20:05:00,2273,57.08954075986672,33.08390456001384,-98.06285559674531,0
2024-01-03 20:06:00,7653,18.777050230984113,38.46835779751005,-91.52717540810363,0
2024-01-03 20:07:00,2096,19.821442463171937,35.05339411895919,-99.43417841024748,0
2024-01-03 20:08:00,9002,28.646605290297348,36.19778844042362,-91.9220601091305,0
2024-01-03 20:09:00,5247,130.13784643782685,32.38824905460869,-98.9663391004565,0
2024-01-03 20:10:00,6314,320.1229443672424,37.066738889191015,-93.74432122093025,0
2024-01-03 20:11:00,4354,75.9360215378311,33.27697104255639,-95.22952671345269,0
2024-01-03 20:12:00,1270,30.28889250435974,33.43880426120651,-90.0145883007792,0
2024-01-03 20:13:00,2186,33.615116433482356,36.36817176093575,-96.12079224608387,0
2024-01-03 20:14:00,7305,35.19807053503761,32.39831922174071,-90.42713302086113,0
2024-01-03 20:15:00,3398,154.4877050862179,32.244387232458166,-95.96219496048185,0
2024-01-03 20:16:00,7995,34.515690999174076,33.69162942596078,-93.18299509083866,0
2024-01-03 20:17:00,8299,52.264280964255505,37.78063625059234,-93.56338731154771,0
2024-01-03 20:18:00,5182,209.51567314252065,32.24682049063149,-99.13548048096841,0
2024-01-03 20:19:00,3230,30.954621471484554,37.87318390553653,-92.5663418160221,0
2024-01-03 20:20:00,7511,95.30293160363951,36.9560527716475,-97.91332389326259,0
2024-01-03 20:21:00,1128,134.35088909346106,36.790798804701495,-96.11559054147125,0
2024-01-03 20:22:00,4672,58.1742010403895,34.747556737134104,-92.1779925289391,0
2024-01-03 20:23:00,5765,385.33681684986743,37.45887833359351,-90.55686313319393,0
2024-01-03 20:24:00,4970,288.71880455665735,30.13519520103879,-94.4019634379301,1
2024-01-03 20:25:00,8545,71.0296278030996,33.05607258165422,-94.80615498981462,0
2024-01-03 20:26:00,6552,24.439071474593323,36.791374638238146,-94.95076583186349,0
2024-01-03 20:27:00,1627,25.621744563437822,39.872954242652824,-91.83435303968675,0
2024-01-03 20:28:00,7589,67.53467642944129,30.02514341084276,-90.06883920088569,0
2024-01-03 20:29:00,3044,18.356237792885196,35.09972265033708,-93.66408956221944,0
2024-01-03 20:30:00,3341,71.44600308257708,39.23836429037024,-96.2137757351661,0
2024-01-03 20:31:00,6884,295.3306404007645,38.635393848166736,-97.81335685616914,0
2024-01-03 20:32:00,9185,58.118659191682745,30.231361947544215,-98.01178796083796,1
2024-01-03 20:33:00,1249,53.57337598314217,35.295581273506855,-91.4384899839566,0
2024-01-03 20:34:00,3925,128.14892525746092,30.042871014169336,-90.07647942247482,0
2024-01-03 20:35:00,6043,92.28074988611645,37.89574948232375,-93.02009559579118,0
2024-01-03 20:36:00,1974,17.31700925619081,33.08874842089346,-90.44171050712048,0
2024-01-03 20:37:00,8192,34.631574552396636,37.65590661915289,-96.50004466835682,0
2024-01-03 20:38:00,3672,362.83722710451,39.44793341703572,-93.72404766562396,0
2024-01-03 20:39:00,8279,75.59916122953109,39.760850541551484,-94.88315446426708,0
2024-01-03 20:40:00,8531,19.956735249048517,38.94111180878139,-95.17981842137814,0
2024-01-03 20:41:00,9662,45.06717778177174,32.04143453174966,-93.6762636383958,1
2024-01-03 20:42:00,2987,9.183539836828833,31.946001699279968,-96.89661185513788,0
2024-01-03 20:43:00,1090,8.520525058362503,36.25780432886228,-93.59377661275532,0
2024-01-03 20:44:00,9721,145.80516371464913,35.44053682247976,-93.27138468317608,0
2024-01-03 20:45:00,5059,54.35455020959574,30.09534607801349,-91.6388666682947,0
2024-01-03 20:46:00,3773,91.73251383476331,33.917273511513294,-92.69518581547686,0
2024-01-03 20:47:00,9383,173.79647167906566,39.06691005517175,-96.80225536874906,0
2024-01-03 20:48:00,8409,76.66719087655339,38.98359018919862,-95.49199967778239,0
2024-01-03 20:49:00,5440,113.64755785581399,32.03906884096035,-98.79622088790532,0
2024-01-03 20:50:00,8347,70.61969729765781,33.819630691572605,-97.42705862377895,0
2024-01-03 20:51:00,2008,197.63029450412142,35.60366010996083,-94.79054940058356,0
2024-01-03 20:52:00,4783,321.64464185253325,38.527842650922246,-98.99239219135475,0
2024-01-03 20:53:00,7646,66.65770804452491,35.31994439241348,-94.29393704200264,0
2024-01-03 20:54:00,5298,63.92023419148169,39.68199812463035,-96.09720848303736,0
2024-01-03 20:55:00,5668,75.20066031711782,37.99052137987888,-99.65233724554761,0
2024-01-03 20:56:00,5287,49.130237089871684,39.53091872978622,-95.65552118389245,0
2024-01-03 20:57:00,3052,36.587970846553915,37.31492218376343,-97.18859823550852,0
2024-01-03 20:58:00,7009,155.76307367617457,38.7762413936253,-99.33022625808904,0
2024-01-03 20:59:00,2716,36.637426687091725,38.310037923778495,-97.06630138605135,0
2024-01-03 21:00:00,1310,34.58414093264294,32.53838481741128,-97.05904876273947,0
2024-01-03 21:01:00,5538,134.07109972402887,32.29536423454269,-96.44926329395582,0
2024-01-03 21:02:00,2260,144.7646891160726,38.64383425456732,-96.33525030824671,0
2024-01-03 21:03:00,4932,563.1080544352328,30.846777375203228,-95.70228495211755,0
2024-01-03 21:04:00,1584,184.87202906625197,34.08563604699732,-99.08041872275444,0
2024-01-03 21:05:00,8616,124.83933628094422,38.20657770285559,-99.94722217725133,0
2024-01-03 21:06:00,9551,144.22062263481826,38.13239331841174,-92.63992712800331,0
2024-01-03 21:07:00,3866,47.09262438568399,31.387828106802694,-96.62653550572863,0
2024-01-03 21:08:00,6898,95.7954354228347,34.87709800857209,-93.86388224542546,0
2024-01-03 21:09:00,3011,100.44817596906823,34.79832402725131,-96.92965180066814,0
2024-01-03 21:10:00,7251,31.75111914758765,33.237214524392186,-90.15812659554035,0
2024-01-03 21:11:00,5939,51.99021860079135,39.17181145064337,-96.84575295683295,0
2024-01-03 21:12:00,5006,141.51311614128173,36.53117612005732,-93.94955597479156,0
2024-01-03 21:13:00,2625,53.59687266036011,39.80187489844371,-97.80028751384586,0
2024-01-03 21:14:00,1890,100.64218968328595,30.66766210826759,-94.82197621623045,0
2024-01-03 21:15:00,7078,133.8604022409096,33.943501729109315,-94.20669193329685,0
2024-01-03 21:16:00,8036,127.75870902384776,38.35137562098811,-98.17175960359303,1
2024-01-03 21:17:00,9923,308.16960644366594,34.22685669212159,-98.76344593302001,0
2024-01-03 21:18:00,4961,30.530265341254506,32.61878027043324,-90.26398709853572,0
2024-01-03 21:19:00,3504,282.17250576595444,39.97807544317107,-91.06732384697784,0
2024-01-03 21:20:00,9806,87.73108522352206,38.731248897023136,-93.3993286792814,0
2024-01-03 21:21:00,4806,125.71884797580768,35.464736612994486,-91.38945728744746,0
2024-01-03 21:22:00,7100,109.61253296229143,35.617092362466074,-99.04439627004567,0
2024-01-03 21:23:00,2719,104.2043302085972,30.06862960587653,-92.70623751680456,0
2024-01-03 21:24:00,7686,28.864976720846943,39.80994580883112,-97.14395654640327,0
2024-01-03 21:25:00,2587,121.18104404818612,38.062951619074916,-94.60506808638127,0
2024-01-03 21:26:00,8000,12.950942709963247,30.367293595446288,-92.35186081614755,0
2024-01-03 21:27:00,1896,443.75209257372137,31.763301921591566,-99.66520669855892,1
2024-01-03 21:28:00,6558,79.98343493690149,38.210312302974245,-93.05161818900977,0
2024-01-03 21:29:00,9469,174.15934685162208,30.868655482719607,-95.65133209526846,0
2024-01-03 21:30:00,5647,107.96610748585911,39.41785727509567,-95.60327128121884,0
2024-01-03 21:31:00,3432,56.6326123364964,39.998910621506255,-90.92721899933903,0
2024-01-03 21:32:00,4904,31.793136560545744,38.86432809580292,-91.4026361407033,0
2024-01-03 21:33:00,7837,26.302467760724777,37.389039893575166,-99.42466255243872,0
2024-01-03 21:34:00,2449,119.02892304500257,34.872823511687734,-93.81684569098786,0
2024-01-03 21:35:00,5500,112.95529433170121,30.824295763473735,-95.64153835349775,0
2024-01-03 21:36:00,6454,95.4352955045427,37.30446231842202,-98.82185535686585,0
2024-01-03 21:37:00,5117,48.53250599552742,33.96865154027886,-91.48948613711586,0
2024-01-03 21:38:00,9869,82.5361116966631,35.70228631146674,-99.28488926952298,0
2024-01-03 21:39:00,3028,35.77132524540041,32.93390476141628,-99.67902604733091,0
2024-01-03 21:40:00,7845,27.637604371681327,32.42156009514741,-98.02484460046699,0
2024-01-03 21:41:00,4758,41.374933827395296,33.24296958646405,-96.96620743399907,0
2024-01-03 21:42:00,6904,43.235835322618755,38.13828023413713,-99.39119222572556,0
2024-01-03 21:43:00,5624,236.08753120144732,34.2649154015956,-93.58688540896718,0
2024-01-03 21:44:00,9848,13.942893502145624,33.11707911962548,-95.62849975818449,1
2024-01-03 21:45:00,1165,52.8241826720991,34.32970397274921,-95.87811138390772,0
2024-01-03 21:46:00,5591,102.75488375839178,30.322873659464683,-98.54659266038576,0
2024-01-03 21:47:00,1589,397.6350034821689,38.90604282815383,-95.62210916362733,1
2024-01-03 21:48:00,5524,29.74216612901389,35.517615591668786,-96.09834055524593,0
2024-01-03 21:49:00,3821,17.887144898570696,31.048262271206653,-96.1635728007877,0
2024-01-03 21:50:00,7509,112.50511171044727,32.88406931949135,-97.81432988128259,0
2024-01-03 21:51:00,8693,64.38354000599675,39.83552748877774,-99.05562665207694,0
2024-01-03 21:52:00,1071,43.7810868420086,35.93057426403923,-97.39292068643772,0
2024-01-03 21:53:00,4580,84.57408482998612,32.91404886899846,-93.32729835109475,0
2024-01-03 21:54:00,8962,129.26236899884418,34.26345661365994,-99.27076563232528,0
2024-01-03 21:55:00,1268,114.09597379817825,32.58474779435335,-96.17675558755249,0
2024-01-03 21:56:00,3462,73.82715842285624,30.318042571195395,-94.85623769367648,0
2024-01-03 21:57:00,2015,203.732013777179,38.42030032152054,-90.36848187394367,0
2024-01-03 21:58:00,8984,66.51285486786747,32.92478641707996,-91.56174997899652,0
2024-01-03 21:59:00,1406,57.00396831488738,38.38410738855012,-90.83386667270058,0
2024-01-03 22:00:00,8384,111.48518388248442,34.78557066713923,-91.79998458505173,0
2024-01-03 22:01:00,7049,15.478785005370417,31.82894636947627,-94.10885421544172,0
2024-01-03 22:02:00,7169,101.06413240578968,38.018686932046585,-91.39213195467988,0
2024-01-03 22:03:00,8982,40.31731657002063,33.77111481055795,-94.34752549036502,0
2024-01-03 22:04:00,1985,14.44018014874881,37.077291878066205,-96.42252006958144,1
2024-01-03 22:05:00,5485,83.52821508268904,38.37229669028733,-96.27657999380837,0
2024-01-03 22:06:00,9901,34.52651200061731,39.62985656343854,-94.34538286683302,0
2024-01-03 22:07:00,3618,10.86466425128165,30.85814532586242,-91.90560377273786,0
2024-01-03 22:08:00,7289,22.847919226981066,30.083864818404372,-98.663473117886,1
2024-01-03 22:09:00,7928,295.79046561067264,35.48424981522447,-99.6073478036857,0
2024-01-03 22:10:00,6368,31.29018690965024,32.64240961875,-92.10431373844622,0
2024-01-03 22:11:00,5621,75.4121486769805,34.69101789743576,-93.52407930776133,0
2024-01-03 22:12:00,8566,18.46489630180538,30.726586871561075,-91.78689694146237,0
2024-01-03 22:13:00,5670,446.2719846719958,35.015890466733595,-90.23323473007049,0
2024-01-03 22:14:00,8658,58.51814098492788,31.248556531781404,-97.486059885799,0
2024-01-03 22:15:00,2003,27.548448518599685,38.38587758199051,-98.05708024652519,0
2024-01-03 22:16:00,8504,132.3029435433557,37.594868026364566,-96.590214526007,0
2024-01-03 22:17:00,3466,424.1976032425943,30.740735782172422,-91.22037701126459,0
2024-01-03 22:18:00,2939,36.29720166811638,38.36350354727934,-99.86036132045203,0
2024-01-03 22:19:00,2635,27.003196192263914,33.24958492424623,-99.89467741281969,0
2024-01-03 22:20:00,9095,541.9429144791617,33.52859742877331,-97.83213613089465,0
2024-01-03 22:21:00,7265,48.29470639671023,31.798035742415614,-96.24083704266559,0
2024-01-03 22:22:00,2895,43.09459556039106,38.35304121492478,-96.97653911684903,0
2024-01-03 22:23:00,7524,6.395661370330998,34.04705763848425,-91.7508215722514,0
2024-01-03 22:24:00,2073,52.79076424752421,30.488358706803137,-93.10277614353342,0
2024-01-03 22:25:00,6184,14.070130724900979,39.66249627826163,-91.62166318079122,0
2024-01-03 22:26:00,3402,31.184054262908344,32.558872139608624,-96.16239705446233,0
2024-01-03 22:27:00,5895,7.284132601404768,39.36177277906472,-94.04189715269905,0
2024-01-03 22:28:00,8331,187.75698531734014,33.0123836264676,-94.84544550803089,0
2024-01-03 22:29:00,2956,12.596125258003743,38.31426594698114,-95.25273451556541,0
2024-01-03 22:30:00,8023,7.840082500927055,36.642194924591905,-97.11896790228828,0
2024-01-03 22:31:00,4907,22.016293755534353,38.61283431989565,-92.90779369508718,1
2024-01-03 22:32:00,1807,190.05936417803895,39.76117986702897,-94.75970394026153,0
2024-01-03 22:33:00,9378,34.988061400781255,38.71483683456613,-99.21397218911056,0
2024-01-03 22:34:00,5827,39.99446961956874,34.0366516150002,-99.994776156636,0
2024-01-03 22:35:00,5524,88.0979144763038,38.14503481495163,-99.79680951144775,0
2024-01-03 22:36:00,3284,46.91520570594369,37.11650810307093,-99.24049964752318,0
2024-01-03 22:37:00,6313,188.28538576528015,30.616036708316535,-96.29045808866866,1
2024-01-03 22:38:00,1757,42.964312634423116,39.29760097737624,-96.94334312819842,0
2024-01-03 22:39:00,5887,43.673947405069164,34.65961091626831,-98.43357621390984,0
2024-01-03 22:40:00,4854,525.4175521100243,31.34450565696256,-94.84550698219714,0
2024-01-03 22:41:00,4558,57.69470486528962,34.253780971981456,-90.29818586697104,1
2024-01-03 22:42:00,1961,68.75645628699593,36.03141245121478,-98.3930336128911,0
2024-01-03 22:43:00,4847,44.23756311674691,35.729461250839094,-97.49408535801228,0
2024-01-03 22:44:00,7726,4.8151419168148335,35.74793646786303,-95.37896977525966,0
2024-01-03 22:45:00,4575,130.69552024393587,32.55839283151734,-93.59159247125447,0
2024-01-03 22:46:00,3418,287.3016006741767,36.32702449421189,-93.99750009134355,0
2024-01-03 22:47:00,5198,191.6585334281211,39.07414833777663,-94.78800720588342,0
2024-01-03 22:48:00,2001,31.246844518815024,33.88666946551601,-92.62731786377577,0
2024-01-03 22:49:00,6244,45.915042017453366,36.305802826201095,-91.54054440722847,0
2024-01-03 22:50:00,8119,77.41551617288457,32.43987007007246,-90.01033092582874,0
2024-01-03 22:51:00,5066,74.73401512829973,30.48281020188702,-95.34489450051362,0
2024-01-03 22:52:00,3845,107.8746340392066,35.857313639194054,-90.05043378873548,0
2024-01-03 22:53:00,9849,66.89079437470672,30.47549802185226,-92.6950058972213,0
2024-01-03 22:54:00,6316,38.04128991867193,37.23584594920473,-93.42658248821249,0
2024-01-03 22:55:00,1422,62.611289709194494,36.70352697801764,-93.60316934333666,0
2024-01-03 22:56:00,7715,148.23298342049551,33.693250189013156,-90.89255705238735,0
2024-01-03 22:57:00,5266,1008.5596109219995,34.11290109647982,-90.52065693943369,0
2024-01-03 22:58:00,8549,33.15053212399176,39.177609364773,-98.2150667204297,0
2024-01-03 22:59:00,7316,68.45691452407316,30.13133625523063,-95.06576158934709,0
2024-01-03 23:00:00,3710,37.96705354656073,35.63303380822992,-90.58550149850348,0
2024-01-03 23:01:00,9644,74.2584525577372,39.233611257344634,-96.1788716900841,1
2024-01-03 23:02:00,9069,144.8433246796809,39.13987247769597,-97.67323464320657,0
2024-01-03 23:03:00,2657,44.33951492755571,35.84655763824693,-98.97346821678005,0
2024-01-03 23:04:00,3541,7.056630451974038,33.812299989095976,-94.02782396455994,0
2024-01-03 23:05:00,7763,152.7150433899412,30.98903526332374,-92.99727170267636,0
2024-01-03 23:06:00,4075,62.20398763074954,31.737842038123503,-98.04452013622777,0
2024-01-03 23:07:00,4164,38.78245573283859,36.79673355203661,-93.26361886827914,0
2024-01-03 23:08:00,3053,31.022491522152993,30.16634083809768,-91.00380807816416,0
2024-01-03 23:09:00,9479,74.53022981743007,38.834855764079826,-97.56420545702606,0
2024-01-03 23:10:00,6737,27.224762070827612,35.879344701458834,-98.78000104348313,1
2024-01-03 23:11:00,4217,30.599784306860336,30.45146662264764,-91.64576027320132,0
2024-01-03 23:12:00,2447,15.664254974521722,32.397674201916324,-90.83553563613756,0
2024-01-03 23:13:00,7009,27.59506299717434,35.94200910567655,-97.85138057554106,0
2024-01-03 23:14:00,1607,102.6026497921642,30.35601265459815,-92.78619450765336,0
2024-01-03 23:15:00,5552,13.719661377316646,37.79987401957762,-94.09080536947629,0
2024-01-03 23:16:00,2764,172.7883341408487,39.19922066830603,-97.60803546868202,0
2024-01-03 23:17:00,3671,16.794420987168348,39.61220393301937,-91.76342311218997,0
2024-01-03 23:18:00,7519,63.429928841931826,37.336592469005254,-95.29562585317869,0
2024-01-03 23:19:00,4962,88.67241134334567,38.56825470839517,-92.99666125541064,0
2024-01-03 23:20:00,4177,124.54186863153284,36.107074623297365,-96.98577169936861,0
2024-01-03 23:21:00,4722,124.57300486206356,34.58543664541575,-91.84218399928889,0
2024-01-03 23:22:00,5906,50.19789748362764,37.13134753372207,-97.35714041422453,0
2024-01-03 23:23:00,8263,45.99112122226793,32.24180664262695,-96.35212756749848,1
2024-01-03 23:24:00,6054,99.14013273856614,31.097843261955504,-96.08530807861216,0
2024-01-03 23:25:00,1808,72.09807200317711,37.61850976128898,-97.93573160884816,0
2024-01-03 23:26:00,1725,38.63577176282773,39.58186792985869,-91.25630578097775,0
2024-01-03 23:27:00,8701,79.12054364758478,35.774793323280235,-98.86512160047171,0
2024-01-03 23:28:00,2216,46.19502685368305,34.8254237099786,-94.36870934615071,0
2024-01-03 23:29:00,5051,29.948061302734263,35.34404231272185,-91.85849150765864,0
2024-01-03 23:30:00,3197,37.399580192125285,34.78464184384833,-94.19095057199591,0
2024-01-03 23:31:00,3806,88.80285779436699,34.42200281177238,-96.7310350450432,0
2024-01-03 23:32:00,9970,21.58313850204951,39.47035694146213,-92.1864493973394,0
2024-01-03 23:33:00,1972,165.06439879478697,34.79763191128249,-95.00822611120267,0
2024-01-03 23:34:00,6634,31.272102733238075,30.811024410139787,-98.36987150333263,0
2024-01-03 23:35:00,8483,5.69795777808075,37.65516679070237,-96.83136725147233,0
2024-01-03 23:36:00,3123,94.87329998320999,33.91561603407915,-94.0806018161442,1
2024-01-03 23:37:00,9790,3.6639419860532514,37.10693545748884,-93.41223487202014,0
2024-01-03 23:38:00,1224,19.847557192748006,35.79569359574407,-94.51867909332191,0
2024-01-03 23:39:00,2814,615.5132194180965,37.13180065155851,-97.27990564386351,1
2024-01-03 23:40:00,2106,157.58943201041825,30.619939570356795,-94.06247359819838,0
2024-01-03 23:41:00,1124,145.0931222291948,30.33873322667823,-96.67548466805866,0
2024-01-03 23:42:00,4246,17.83531919906134,33.78541624851141,-97.75078925097024,0
2024-01-03 23:43:00,3931,45.30283004498617,36.93166137821941,-90.54471341020174,0
2024-01-03 23:44:00,3971,188.94008455751685,32.23682526905994,-96.85126596875575,0
2024-01-03 23:45:00,3017,103.50682723109063,34.33400717962572,-96.6437954527145,0
2024-01-03 23:46:00,8415,170.00994663887963,39.808102639729746,-91.03223545236057,0
2024-01-03 23:47:00,3415,324.2565849427022,32.148745545173455,-98.57307024560946,0
2024-01-03 23:48:00,4096,105.6476896327995,38.479434617713636,-94.15405127236804,0
2024-01-03 23:49:00,2609,15.94772391668191,38.254608848111964,-92.16289364709193,0
2024-01-03 23:50:00,1717,99.3234680110417,38.913521852889886,-97.26334563613561,0
2024-01-03 23:51:00,4561,43.14079922672718,39.15141743628787,-91.55918939027941,1
2024-01-03 23:52:00,7782,15.016358407951397,35.07320192398132,-92.3035102098421,0
2024-01-03 23:53:00,2048,133.56092857926865,36.81933783195576,-95.13905932733252,0
2024-01-03 23:54:00,9307,181.64838083478386,36.18890912015694,-98.81284295232139,0
2024-01-03 23:55:00,8905,49.704747238822634,33.08948540365557,-90.29892840473347,0
2024-01-03 23:56:00,6578,75.22443805211826,32.79787586154707,-93.7576977596721,0
2024-01-03 23:57:00,2620,6.871146997252637,33.415699695010915,-94.82901595807596,0
2024-01-03 23:58:00,7548,167.9679367228909,32.18457732007692,-91.14550414804575,0
2024-01-03 23:59:00,8381,120.69435277518781,37.573835504927956,-95.78643790346425,0
2024-01-04 00:00:00,5780,70.12111169598856,39.64572868426516,-94.3635864894163,0
2024-01-04 00:01:00,4792,15.60436095858518,38.67771741838078,-91.41587011564187,0
2024-01-04 00:02:00,3941,10.544723142889216,32.1794040408838,-96.07027817031953,0
2024-01-04 00:03:00,6695,414.2938122801219,30.5191547071218,-92.27608419940849,0
2024-01-04 00:04:00,7401,20.09416526726222,37.57093907072175,-97.43862227104009,0
2024-01-04 00:05:00,7197,62.43862924742748,33.90213805908616,-92.97634897866142,0
2024-01-04 00:06:00,6450,20.724315282991753,38.24612616166715,-94.89565136369102,0
2024-01-04 00:07:00,9975,5.5349985895992155,37.792357965864525,-98.35093203819692,0
2024-01-04 00:08:00,9432,85.45645941752672,36.25410251999008,-98.63992539603757,0
2024-01-04 00:09:00,6874,99.86912699807266,32.55339334379396,-95.42311792950038,0
2024-01-04 00:10:00,2553,10.290313106687972,31.04035767830147,-92.89152890974583,0
2024-01-04 00:11:00,2012,165.3865101713339,32.52648326056135,-93.9670401132162,0
2024-01-04 00:12:00,9378,32.24613759945711,35.09759695345467,-91.45274970582614,0
2024-01-04 00:13:00,2881,18.49332012091344,39.79462975642382,-96.10338350694663,0
2024-01-04 00:14:00,7799,17.319251212270533,30.636872402003586,-91.56357861292794,0
2024-01-04 00:15:00,5586,130.48081416960235,32.00072000815932,-99.62971544589278,0
2024-01-04 00:16:00,9622,7.974603502319465,36.272794576924255,-96.34195383472355,0
2024-01-04 00:17:00,9430,15.765562499094466,33.04364394667028,-99.2701694139965,0
2024-01-04 00:18:00,7447,84.06578449969153,38.58504299439884,-90.80755829497664,0
2024-01-04 00:19:00,3345,73.60239320102143,31.39416987065595,-95.24687823242192,0
2024-01-04 00:20:00,1075,19.648840769418875,39.63157523583941,-96.8384355495729,0
2024-01-04 00:21:00,6877,197.61895654397665,39.123748915165265,-95.07512294562943,0
2024-01-04 00:22:00,7785,17.938217791269818,38.87529056010721,-94.6715392481324,0
2024-01-04 00:23:00,5922,44.320735137654715,31.73069041763416,-91.53767528211384,1
2024-01-04 00:24:00,9090,38.825261896089174,33.29496124252644,-94.57572263746928,0
2024-01-04 00:25:00,3330,38.975575250947514,38.040968422335276,-95.68618577001705,0
2024-01-04 00:26:00,5686,44.91039543592447,38.078080655599464,-90.38645552623072,0
2024-01-04 00:27:00,2902,43.58885485688999,37.051754152071325,-90.31441861930055,0
2024-01-04 00:28:00,5670,43.05532136642129,34.480508815337515,-99.61583216305627,0
2024-01-04 00:29:00,8143,45.51640645741258,33.11589270673437,-92.93154243054484,0
2024-01-04 00:30:00,3059,161.63765366721339,39.62957936181727,-96.28241934449558,0
2024-01-04 00:31:00,1140,43.27548843991929,31.39262269888346,-93.24800330162066,0
2024-01-04 00:32:00,2789,109.06521737484294,30.43754060961956,-93.6307760594357,0
2024-01-04 00:33:00,1016,63.353020852592046,30.09130519989861,-96.6989548664823,0
2024-01-04 00:34:00,1464,78.74623662106825,37.750269096336886,-90.13341276979276,0
2024-01-04 00:35:00,5471,118.8558287378471,30.567051459667393,-96.42890546300379,0
2024-01-04 00:36:00,2827,17.456778218236995,35.38643604471912,-93.68018411402169,0
2024-01-04 00:37:00,9711,102.24786627398362,33.672924410673026,-91.86613594281224,0
2024-01-04 00:38:00,6956,44.16117108635327,31.46907890072207,-98.54535018690481,0
2024-01-04 00:39:00,1089,20.884223153571156,37.40595486887203,-96.99431608608306,0
2024-01-04 00:40:00,5815,118.60279222777035,30.550068310439347,-98.01027281425003,0
2024-01-04 00:41:00,3851,35.68048923788226,33.183938385854525,-92.18177575201204,0
2024-01-04 00:42:00,3843,79.6382707053758,35.62191225420091,-91.98791458043068,0
2024-01-04 00:43:00,7543,3.623902212159295,34.02415723356252,-97.44056138546813,0
2024-01-04 00:44:00,6901,112.85262142235318,32.591481986592,-99.95869810861504,0
2024-01-04 00:45:00,1969,727.8479581969922,39.26001004706047,-95.76649506253001,1
2024-01-04 00:46:00,2094,54.18126513324346,39.30970388498664,-93.1286238593797,0
2024-01-04 00:47:00,7124,41.94859795142444,34.160945396092266,-93.77497820217474,0
2024-01-04 00:48:00,8347,34.4224503498445,33.9374441676142,-95.54300208904428,0
2024-01-04 00:49:00,4195,95.16347589066868,33.07385047486701,-96.98058363062546,0
2024-01-04 00:50:00,2404,40.281573662643574,38.55756192912361,-95.25612657907166,0
2024-01-04 00:51:00,7940,104.3299438614759,35.67915285994904,-99.84897190460306,0
2024-01-04 00:52:00,5290,305.6522649974207,30.895222129024553,-99.26129380546247,0
2024-01-04 00:53:00,4982,126.60081667875046,38.53320703118368,-98.37323209126995,0
2024-01-04 00:54:00,6555,45.848097843038175,35.348862699570006,-93.74594642986095,0
2024-01-04 00:55:00,8954,17.89505642966202,34.15591804105908,-97.81200788913816,0
2024-01-04 00:56:00,5713,36.29867192970869,33.37864943643558,-95.76621080959448,0
2024-01-04 00:57:00,4092,46.49354260868475,30.99426590312945,-93.78589159165593,0
2024-01-04 00:58:00,5159,14.605536067353293,39.5670215640087,-91.6942319264574,0
2024-01-04 00:59:00,7308,161.8929343766215,37.412435174723015,-94.50343479520937,0
2024-01-04 01:00:00,8478,96.45593669352763,31.317775630989807,-98.22873495802295,0
2024-01-04 01:01:00,9476,19.132887360932784,35.11268819134834,-90.48260475025008,0
2024-01-04 01:02:00,5933,9.214557889176493,35.55575197786287,-99.09984850453111,0
2024-01-04 01:03:00,5926,111.92756384030947,31.67888757030756,-96.32880708986974,0
2024-01-04 01:04:00,4969,10.55560597002279,34.27221528862304,-90.7867605929607,0
2024-01-04 01:05:00,3965,59.37851716443768,36.45746115454008,-93.97666536185669,0
2024-01-04 01:06:00,5319,36.25149171535871,32.8401057181476,-93.37347738775146,0
2024-01-04 01:07:00,9975,121.50767966641001,33.316089548899484,-96.98307355491796,0
2024-01-04 01:08:00,8108,122.92386988308517,31.220284770650082,-99.21461444649809,0
2024-01-04 01:09:00,4939,24.01609378435803,34.132406443257565,-96.3423902247456,0
2024-01-04 01:10:00,1044,132.68348124421505,35.83857284708294,-95.97842643183046,0
2024-01-04 01:11:00,2810,40.875631501518036,31.165255406993168,-97.29727638438605,0
2024-01-04 01:12:00,5566,55.643425922062455,36.147843588350355,-97.84514609460139,0
2024-01-04 01:13:00,2909,56.795646476854905,33.97793214752812,-96.44491292569174,0
2024-01-04 01:14:00,7364,517.064156699569,36.78182254390808,-93.60583123236421,0
2024-01-04 01:15:00,3581,48.453419509707174,33.14836975516826,-90.5096525288171,0
2024-01-04 01:16:00,1691,10.258401880657757,35.68499238291604,-92.96219263206959,0
2024-01-04 01:17:00,1931,26.716637504671084,36.12802848259801,-92.20396915054424,0
2024-01-04 01:18:00,8910,114.21064761011759,36.90507399146145,-96.9393303046495,0
2024-01-04 01:19:00,7382,41.09687316246886,37.569389835372995,-98.95307517271951,0
2024-01-04 01:20:00,4406,55.420864636176915,31.36351709899908,-97.08486454530856,0
2024-01-04 01:21:00,9339,35.447338411326314,39.65242742200277,-95.9734578866051,0
2024-01-04 01:22:00,2032,3.2654299202474246,38.43645415653762,-93.10118653522983,0
2024-01-04 01:23:00,2311,25.0780532529841,35.62318782598617,-90.60641432969575,0
2024-01-04 01:24:00,9579,50.53710358299232,38.903588707783584,-91.90707485643453,0
2024-01-04 01:25:00,4121,9.304751849648568,33.82432967980749,-97.3359971440988,0
2024-01-04 01:26:00,2873,16.796277941340488,30.342865516061334,-91.79699318629415,0
2024-01-04 01:27:00,7781,38.86123888776244,37.27031380867943,-95.88253224745092,0
2024-01-04 01:28:00,4748,39.20031652456521,39.4334414935536,-98.24561181365908,0
2024-01-04 01:29:00,1277,80.9977906961992,31.618546635753024,-95.38746511430223,0
2024-01-04 01:30:00,2859,41.394288310689014,36.438739470163355,-94.36779454747294,0
2024-01-04 01:31:00,6929,78.07217923164791,38.13425560652317,-92.36594890641756,0
2024-01-04 01:32:00,7792,27.11153017015919,39.05067051638083,-96.50103508291907,0
2024-01-04 01:33:00,5713,67.46223095954083,32.76527759115186,-98.53220678961269,0
2024-01-04 01:34:00,5675,237.72514372927702,31.287338093847314,-99.05646452708197,0
2024-01-04 01:35:00,2170,72.89111125827087,32.47850113875935,-98.87554016599157,0
2024-01-04 01:36:00,9681,43.163022610891105,35.77721641019136,-90.49976580322411,0
2024-01-04 01:37:00,6308,21.26928211986666,39.18728256495532,-90.48248744822165,0
2024-01-04 01:38:00,3462,59.559475999736456,35.82535811198506,-90.31243554594657,0
2024-01-04 01:39:00,1287,43.90399898870888,39.19621300835996,-96.97511131447173,0
2024-01-04 01:40:00,6953,95.77470898476037,37.70037023691219,-98.08385579452127,0
2024-01-04 01:41:00,5282,8.829384624716514,35.98389464167809,-90.19085527083729,1
2024-01-04 01:42:00,2907,45.23598816033772,30.217985092633295,-90.11735909876532,0
2024-01-04 01:43:00,2161,83.03655046487488,33.330757678761415,-99.21649558049684,0
2024-01-04 01:44:00,1129,62.13953575647794,30.574595572249063,-92.47471899622384,0
2024-01-04 01:45:00,7337,39.1531310575921,33.222423502740284,-97.11336038687172,0
2024-01-04 01:46:00,3363,38.61523842206177,30.623334981584406,-90.90701255584972,0
2024-01-04 01:47:00,9151,18.19511541047839,31.678158614500624,-99.10774983945767,0
2024-01-04 01:48:00,6983,79.74801776057495,34.10685916242409,-91.11422264163323,0
2024-01-04 01:49:00,1143,83.50322913574892,35.148847454329804,-99.97378734081437,0
2024-01-04 01:50:00,9207,13.288444330150591,32.17141688292855,-94.78022126981091,0
2024-01-04 01:51:00,8469,117.28859382889425,37.32577379257989,-96.64436152498867,0
2024-01-04 01:52:00,1244,28.37167429490555,35.9036462186702,-95.72666246335895,0
2024-01-04 01:53:00,1926,37.48746529875391,36.917605307632776,-95.66215428734027,0
2024-01-04 01:54:00,4178,348.58999971902426,37.32765681093413,-93.46396840864313,0
2024-01-04 01:55:00,3176,270.94608948157247,37.269203385810236,-99.76902876693372,0
2024-01-04 01:56:00,6002,12.85075479376125,39.36233901196853,-93.0863589174757,0
2024-01-04 01:57:00,1886,15.195556721591771,32.37220333914667,-99.77801870969468,0
2024-01-04 01:58:00,9532,19.08704107250457,32.70155639231268,-98.14726239672487,0
2024-01-04 01:59:00,4398,266.7266982788383,30.942010680021507,-93.93258348443655,0
2024-01-04 02:00:00,9497,29.748869474342065,35.92586357431103,-99.13562564058039,0
2024-01-04 02:01:00,3654,12.501380174962563,33.951855076378656,-90.09096340846804,0
2024-01-04 02:02:00,8392,187.25036075092427,34.96198880667763,-92.15615911828024,1
2024-01-04 02:03:00,2371,98.88333048735736,31.6982145771414,-92.94334073192084,1
2024-01-04 02:04:00,8135,518.4991086273393,36.49060250571383,-97.32318993729186,0
2024-01-04 02:05:00,1320,98.68484656390629,36.190193606394516,-99.51435107733046,0
2024-01-04 02:06:00,5654,52.88486046102825,32.647844269320196,-90.2121900382285,0
2024-01-04 02:07:00,6300,70.29502364850289,34.65416690426074,-98.52151720039937,0
2024-01-04 02:08:00,7761,34.70921941041615,38.9430093810728,-91.69432658583555,0
2024-01-04 02:09:00,7854,201.4408654040662,37.734990343257984,-98.02482586490268,0
2024-01-04 02:10:00,6505,212.35846835492907,32.26943876763332,-96.25904633039836,0
2024-01-04 02:11:00,7553,11.213061005614838,38.78854852499603,-93.06410409598115,0
2024-01-04 02:12:00,5042,140.12391348411506,30.67312973421543,-90.54635108518873,0
2024-01-04 02:13:00,8498,18.707626262708377,34.13928566055412,-99.80217643919764,0
2024-01-04 02:14:00,7636,610.1691021957469,30.80118227537396,-97.39231842118717,0
2024-01-04 02:15:00,8362,248.89797808928532,39.24214194186489,-92.35034308136277,0
2024-01-04 02:16:00,1011,17.49601135380703,30.407024418200432,-98.26606165110378,0
2024-01-04 02:17:00,1194,69.33839190098335,31.51240296107912,-98.88544881184104,0
2024-01-04 02:18:00,3537,147.39062609695443,39.15039943836551,-99.53815288553115,0
2024-01-04 02:19:00,3842,29.262516212098785,35.821576449006294,-94.97510004819608,0
2024-01-04 02:20:00,3229,13.924599722540837,37.95187975096266,-92.32266348629274,0
2024-01-04 02:21:00,4009,60.44817148418011,30.16406760261795,-90.3826543530729,0
2024-01-04 02:22:00,8984,46.55507002176297,34.19095070555317,-97.32514050764964,1
2024-01-04 02:23:00,3077,21.88320430765977,39.844656302742806,-98.78627598408629,0
2024-01-04 02:24:00,8845,187.93422060740207,35.79819066030156,-95.97446726834451,0
2024-01-04 02:25:00,4867,15.044996200095708,38.49682788599919,-99.44559698555342,0
2024-01-04 02:26:00,5873,49.01542289311606,39.63559476896879,-96.6864034827534,0
2024-01-04 02:27:00,9635,65.4853391345236,36.850405090224065,-93.5692000950384,0
2024-01-04 02:28:00,1297,74.36403314752688,33.27630461693181,-98.31833976426394,0
2024-01-04 02:29:00,6856,169.13094048007468,33.08606934271134,-93.68123248993109,1
2024-01-04 02:30:00,2015,42.946866292017944,30.71277407876468,-90.28050962411785,0
2024-01-04 02:31:00,2384,4.041342106678097,34.277721020060994,-91.3580008049801,1
2024-01-04 02:32:00,9745,37.085378340943976,39.153894156218804,-96.43165145417012,0
2024-01-04 02:33:00,3350,112.8052935565483,34.78062426593981,-95.78503716557294,0
2024-01-04 02:34:00,2269,47.268750347751386,39.10994910126781,-95.80679299719073,0
2024-01-04 02:35:00,2260,47.61991024133733,38.17141933228239,-91.40099109616838,0
2024-01-04 02:36:00,8701,92.40797843101487,39.84187113289947,-90.06172927771127,0
2024-01-04 02:37:00,9376,105.42959252876067,39.47695281892063,-91.74104318190426,0
2024-01-04 02:38:00,5563,9.14871276690177,37.0648326905299,-94.41881821901929,0
2024-01-04 02:39:00,7897,53.58750199352109,38.71217286875975,-99.02633959225116,1
2024-01-04 02:40:00,6672,44.91562720449115,37.480777016323756,-90.45515851340431,0
2024-01-04 02:41:00,6593,58.85750634629763,37.03394514642218,-91.39954199781933,0
2024-01-04 02:42:00,7155,7.6159430806497594,37.155595778978025,-91.58589151262886,0
2024-01-04 02:43:00,6543,205.0154316836442,37.21043675357962,-96.08182105686792,0
2024-01-04 02:44:00,8240,54.96649578850506,33.79419011861548,-95.52828621399505,0
2024-01-04 02:45:00,5683,83.51216752026623,34.235624160525845,-98.80338222924934,0
2024-01-04 02:46:00,2881,319.2531028362169,32.94071159173044,-90.62127016283061,1
2024-01-04 02:47:00,9713,84.32284269497714,31.482605756713294,-90.56765636733357,0
2024-01-04 02:48:00,4809,11.7059012739498,34.584434003341926,-97.4555873213927,0
2024-01-04 02:49:00,6807,50.07672498810562,38.99949289272283,-93.03992189026623,0
2024-01-04 02:50:00,5883,107.22056767944797,36.51264706617829,-97.96510262586264,0
2024-01-04 02:51:00,8206,57.779192172979236,30.56180359718111,-96.07052919631822,0
2024-01-04 02:52:00,5155,300.9130854381134,38.11199944564652,-96.97618627915229,0
2024-01-04 02:53:00,5673,23.19734520427336,39.354015272175005,-96.10409002302731,0
2024-01-04 02:54:00,2409,189.63904875937286,38.2942243998677,-96.9102729145732,0
2024-01-04 02:55:00,6197,126.35147263370804,37.27541414155747,-96.54708674342372,0
2024-01-04 02:56:00,8452,59.66625906607352,31.501203958133214,-92.0893973952442,0
2024-01-04 02:57:00,9718,76.04530279175313,33.48999892252588,-96.99972858407249,1
2024-01-04 02:58:00,3172,20.538711308389555,35.6528688834803,-91.853045355864,0
2024-01-04 02:59:00,1279,40.15485942926333,30.768607793783897,-94.32077821356243,0
2024-01-04 03:00:00,4977,97.23371423910692,31.06270214135785,-92.19555228418078,0
2024-01-04 03:01:00,3669,47.034569695731676,39.3425392201115,-90.81109349546529,0
2024-01-04 03:02:00,8825,57.98815173682308,37.02691193275984,-98.61575049492151,0
2024-01-04 03:03:00,4981,147.29587170869473,32.75087046051276,-96.56109749077994,0
2024-01-04 03:04:00,5769,8.107229676740564,33.273603097613474,-99.44442504191437,0
2024-01-04 03:05:00,6247,78.99501854080181,33.844293042801695,-95.93089965090978,0
2024-01-04 03:06:00,5427,322.64044003877325,30.75071292578717,-97.62597069278954,1
2024-01-04 03:07:00,7135,37.45474298993065,37.39176998714428,-94.28321384640724,0
2024-01-04 03:08:00,6573,15.732379494488406,31.768340120912058,-92.16610147097627,0
2024-01-04 03:09:00,5131,36.9995831749822,38.0512002482071,-95.13634022287114,0
2024-01-04 03:10:00,8189,11.97615183887889,38.458724297769336,-96.66377443061738,0
2024-01-04 03:11:00,5535,68.42136110563317,36.38434177427464,-98.47443634130354,0
2024-01-04 03:12:00,3776,50.71927257470794,37.69854943398913,-99.73169849174896,0
2024-01-04 03:13:00,8697,75.09333842476627,31.718351666860436,-93.22116988718375,0
2024-01-04 03:14:00,9386,47.88318460296393,35.75938982670637,-99.6945420626451,0
2024-01-04 03:15:00,1662,66.41315257685464,36.767993144461315,-90.79161387076404,0
2024-01-04 03:16:00,9671,85.66839102761215,36.61560580854278,-94.05769974851582,0
2024-01-04 03:17:00,9044,16.483378043050305,31.172898776431808,-96.46704683347869,0
2024-01-04 03:18:00,5218,77.1757291780292,33.443824624800385,-99.58086409642235,0
2024-01-04 03:19:00,6060,232.3412212078481,33.250375214823364,-95.86513447209599,0
2024-01-04 03:20:00,6874,20.869269584064366,35.72526872596909,-91.32700465291478,0
2024-01-04 03:21:00,6581,74.31601568035349,37.65237128867753,-90.30176662146995,0
2024-01-04 03:22:00,3014,199.27760400799704,35.70590366170214,-99.15071614697437,0
2024-01-04 03:23:00,4789,17.200779705287708,37.54827438651654,-92.22861892531965,0
2024-01-04 03:24:00,8148,121.25001269783866,30.98967596699008,-97.41642384881592,0
2024-01-04 03:25:00,8766,43.72744159099056,38.78138690867277,-96.20563100732278,0
2024-01-04 03:26:00,3364,150.1054362464654,35.366170693642594,-94.52327439508953,1
2024-01-04 03:27:00,4629,23.939810821576526,30.37498660467173,-90.05271230770848,0
2024-01-04 03:28:00,6919,54.10598415694096,36.432130030224265,-97.91185102340712,0
2024-01-04 03:29:00,6675,11.959320743307908,35.17347187363075,-98.69501616727143,0
2024-01-04 03:30:00,9872,84.54542054312562,32.20369568848565,-94.05023013520493,1
2024-01-04 03:31:00,7638,85.5188421961124,37.64425458611355,-91.4695100224188,0
2024-01-04 03:32:00,5651,93.76600969947522,39.3356825120798,-93.51784202121306,0
2024-01-04 03:33:00,1609,89.26412310900773,33.22683453843506,-96.52423598724543,0
2024-01-04 03:34:00,8940,49.84532195063918,34.93915682816369,-90.23017432104113,0
2024-01-04 03:35:00,4866,12.458091618781433,31.28174998698429,-90.04967915359121,1
2024-01-04 03:36:00,1371,147.2420437277374,39.297997237048165,-92.29350897223152,0
2024-01-04 03:37:00,7998,52.539524830588654,33.187960596192326,-91.97583701080485,0
2024-01-04 03:38:00,1615,80.92186093066881,31.947846836995257,-92.39158337483121,0
2024-01-04 03:39:00,7911,45.3669693222041,34.78428676769455,-97.42339041994555,0
2024-01-04 03:40:00,7010,387.1299299393118,30.43282489501181,-98.49735861154618,0
2024-01-04 03:41:00,3253,30.949330192128066,32.52836831226405,-94.45646495241687,0
2024-01-04 03:42:00,5942,29.781557735290992,30.67657736491411,-90.45853802363436,0
2024-01-04 03:43:00,1864,11.454196157436819,31.273711544941996,-91.21707710777615,1
2024-01-04 03:44:00,2268,61.12455085174488,31.12157550865868,-98.93140264509294,0
2024-01-04 03:45:00,8454,350.16590782891626,38.72419955017957,-99.43008833479817,0
2024-01-04 03:46:00,9976,61.87014007295941,39.30434848034628,-91.26229212226761,0
2024-01-04 03:47:00,5571,68.51929498914527,34.74522165780146,-93.86984927790061,0
2024-01-04 03:48:00,6229,144.49054980407254,36.304170878533455,-96.95678958911427,0
2024-01-04 03:49:00,3237,64.20599300182496,36.959018972629984,-94.38231851091798,1
2024-01-04 03:50:00,5054,181.14351236039997,33.9131332487206,-97.78331408397625,0
2024-01-04 03:51:00,1935,210.13337540444343,33.70210467042888,-90.53048191492414,0
2024-01-04 03:52:00,7394,30.17482616139269,36.7556901922367,-91.72802301534944,0
2024-01-04 03:53:00,8891,13.060205095313988,33.767145152452386,-90.37761983202185,0
2024-01-04 03:54:00,1325,108.80852498309459,35.81009519550177,-98.1294281904331,0
2024-01-04 03:55:00,8774,75.38674016179468,35.151928108114575,-91.5632957372542,0
2024-01-04 03:56:00,4861,19.18521226249681,35.244606009009814,-94.39714378033894,0
2024-01-04 03:57:00,2985,27.714673583920455,38.29358862876451,-96.75008005024081,0
2024-01-04 03:58:00,5932,27.628746980781802,37.040571088986965,-95.20336644964429,0
2024-01-04 03:59:00,5603,63.27297479881675,39.60682654038093,-90.55616024505534,0
2024-01-04 04:00:00,3778,148.02557266928622,37.909766272515796,-93.08547112664536,0
2024-01-04 04:01:00,9832,156.54963857784003,31.457925145998956,-96.40084447320436,0
2024-01-04 04:02:00,8754,120.4004320416893,37.384833029998426,-90.00100315697709,0
2024-01-04 04:03:00,5078,40.76861502700311,36.656475539671355,-96.54257079668612,0
2024-01-04 04:04:00,2367,502.7597818084179,36.46043979511349,-91.86280216607902,1
2024-01-04 04:05:00,5042,56.44238965463881,34.807446261920035,-92.1562264987115,0
2024-01-04 04:06:00,3575,37.01009299459,30.624639198159866,-92.77073361927314,0
2024-01-04 04:07:00,7754,13.928449849596296,39.5148476751007,-93.30563706998457,0
2024-01-04 04:08:00,2581,38.569440763256175,38.51924694724412,-98.91334607421206,0
2024-01-04 04:09:00,2986,84.6710211772332,34.86808037411858,-90.05044056230611,0
2024-01-04 04:10:00,3240,11.175912010258632,31.585809676308084,-98.38957183469091,0
2024-01-04 04:11:00,4966,21.028711966298797,38.24472657855759,-94.03865982126595,0
2024-01-04 04:12:00,8604,34.21481624023001,34.30671605409186,-97.50852194290059,0
2024-01-04 04:13:00,9320,25.143769689720138,33.901139235063596,-98.31222481928137,0
2024-01-04 04:14:00,6968,23.153084240995174,36.65382231932701,-94.40534628547618,0
2024-01-04 04:15:00,8493,168.10925765898736,37.58675398532652,-91.63655834878267,0
2024-01-04 04:16:00,5103,10.478447003703364,30.62840736620458,-96.23054343537785,0
2024-01-04 04:17:00,3076,65.06390084142362,37.67556416483513,-99.22831106368241,0
2024-01-04 04:18:00,6231,91.7510159374752,37.339405013516284,-93.76241087091543,0
2024-01-04 04:19:00,3994,33.646576355433524,35.89209610522043,-92.33569746076606,0
2024-01-04 04:20:00,4744,43.512616497017056,33.384189143581345,-97.03915493098214,0
2024-01-04 04:21:00,6594,52.42864174812121,31.648021472558277,-93.09410324879653,0
2024-01-04 04:22:00,8531,102.95646884580617,31.026529691838633,-99.24209677556998,0
2024-01-04 04:23:00,8371,252.31824479441775,30.01183693718568,-96.38571611631824,0
2024-01-04 04:24:00,2644,15.1122205045586,32.06460175692093,-95.25868608287354,0
2024-01-04 04:25:00,4144,21.839939824396982,34.11336970049973,-92.18036350028589,0
2024-01-04 04:26:00,1242,22.96775397737288,32.43644331400084,-96.61858290841431,0
2024-01-04 04:27:00,5085,53.91633082007857,33.089790536050096,-95.46300207603367,0
2024-01-04 04:28:00,8954,36.60626624897983,33.9045241536099,-93.71645982129738,0
2024-01-04 04:29:00,8269,106.31692285463038,33.08262308465431,-93.75920038009649,0
2024-01-04 04:30:00,8130,28.318299670834648,37.24621038658731,-94.82239796596596,0
2024-01-04 04:31:00,7828,22.460309611216537,34.9172678916497,-96.71525290249535,0
2024-01-04 04:32:00,9362,25.453735452022073,30.19327147752041,-93.30075353904421,0
2024-01-04 04:33:00,9844,61.29442029708268,32.266682313623036,-91.6284565489866,0
2024-01-04 04:34:00,7331,143.15430658132274,37.09658244634531,-98.46185909993874,0
2024-01-04 04:35:00,4512,52.225182681298335,33.00930523286786,-96.59538217151952,0
2024-01-04 04:36:00,2499,31.244345793557947,39.20141771699049,-93.31251598004206,0
2024-01-04 04:37:00,3158,19.47171566022146,37.12664047447421,-92.44224508112804,0
2024-01-04 04:38:00,6162,235.4818450035139,32.899269758796414,-92.1854035389474,0
2024-01-04 04:39:00,5039,9.384271783035018,35.16409846173444,-93.46727980512668,0
2024-01-04 04:40:00,3035,45.32808504846818,36.6723903018017,-95.21729788787769,0
2024-01-04 04:41:00,8977,114.40272245382096,31.933658653370955,-93.54200395572549,1
2024-01-04 04:42:00,1857,44.70747975888504,32.461874678868625,-98.64955471855824,1
2024-01-04 04:43:00,4823,30.990418649708296,35.07123745862256,-97.9223878177409,1
2024-01-04 04:44:00,7770,93.28485931521469,39.24894722490292,-90.72468959356424,0
2024-01-04 04:45:00,1298,18.28750695216764,33.44010366857615,-90.77829017149816,0
2024-01-04 04:46:00,8244,9.575517603103288,34.021303281007064,-92.76116175056656,0
2024-01-04 04:47:00,1923,77.72401592506212,31.906202106815137,-96.72952790971303,0
2024-01-04 04:48:00,5232,20.182530461450607,35.9320869527311,-93.51159995555265,0
2024-01-04 04:49:00,5306,62.284884308372305,37.401507472509984,-93.12208390666508,0
2024-01-04 04:50:00,3799,48.266324622741735,34.40642266309621,-94.84885063121442,0
2024-01-04 04:51:00,7578,70.88404650944742,37.50249379659819,-92.51474173110428,0
2024-01-04 04:52:00,5875,43.50692243557528,33.02604723367958,-99.70309071581515,0
2024-01-04 04:53:00,6326,94.77623162772437,37.06984418028502,-97.43779203822162,0
2024-01-04 04:54:00,7582,27.01660624822255,32.58344533170454,-92.05549628860078,0
2024-01-04 04:55:00,2802,119.25193934070745,37.8064954177157,-90.61299556310615,0
2024-01-04 04:56:00,3657,16.157374280349867,38.3064157829921,-91.23912175081833,0
2024-01-04 04:57:00,4346,176.37704108494657,37.97723668359789,-92.83506631031412,0
2024-01-04 04:58:00,3949,424.811776076609,32.15472605850626,-98.34503196254313,1
2024-01-04 04:59:00,1941,60.831722894230275,36.94249437893939,-96.3128048438137,0
2024-01-04 05:00:00,2907,262.21731807586866,35.385403873763494,-99.49787311388584,0
2024-01-04 05:01:00,5837,339.8174163249201,39.86036989989048,-93.60138196619931,0
2024-01-04 05:02:00,9105,39.609366943632814,33.615768209790645,-95.50136764383369,1
2024-01-04 05:03:00,2243,57.27503829997691,37.7125135283904,-94.26988123005736,0
2024-01-04 05:04:00,6696,24.188625283557585,33.70078117057317,-90.20647086325496,0
2024-01-04 05:05:00,2466,25.800454920343505,33.96857474154042,-95.97747554978302,0
2024-01-04 05:06:00,4957,68.91473682803583,31.109921844050973,-96.93289846004824,0
2024-01-04 05:07:00,2966,10.635228674537741,32.39661185826191,-98.49395405408231,1
2024-01-04 05:08:00,1375,125.81131614181815,31.64484286572337,-98.56390175394338,0
2024-01-04 05:09:00,1262,64.53997293089968,31.592005610439273,-94.81426341374349,0
2024-01-04 05:10:00,5362,107.91370265315624,30.09016527651856,-92.50771905223965,0
2024-01-04 05:11:00,7502,45.51167053610951,37.937807694727624,-94.35537536708499,0
2024-01-04 05:12:00,8833,106.96770424201515,34.67931217939681,-91.26707334799686,0
2024-01-04 05:13:00,2893,69.94052697030278,38.04167567960758,-96.84127576477486,0
2024-01-04 05:14:00,9106,90.66985863468159,36.12550409198805,-94.049534083227,0
2024-01-04 05:15:00,2652,134.519909914707,38.313376624805095,-93.38758288904495,1
2024-01-04 05:16:00,6540,15.410530988141813,35.03765003237441,-97.19309723274374,0
2024-01-04 05:17:00,4892,27.02940487446879,30.940410211388347,-96.03695893905179,0
2024-01-04 05:18:00,1599,552.7034449549558,36.16763643233941,-94.09060125699321,1
2024-01-04 05:19:00,5815,67.17307958375508,36.7776486226274,-99.79069350933953,0
2024-01-04 05:20:00,2912,9.80804168961359,36.26504168301055,-91.13389085401414,0
2024-01-04 05:21:00,9792,9.86267617238237,38.013363152265796,-98.88935951777515,0
2024-01-04 05:22:00,9572,50.653518681180145,37.314992440062134,-99.52442100115283,0
2024-01-04 05:23:00,5213,32.361295735948886,34.32632449198869,-97.84964713295257,0
2024-01-04 05:24:00,4637,24.376709699528558,38.19103655455243,-94.97682036907511,0
2024-01-04 05:25:00,6599,328.04314333891546,36.91786542142688,-96.71302596184167,0
2024-01-04 05:26:00,7448,37.7462819735358,31.20366738515011,-95.59854392094587,0
2024-01-04 05:27:00,9557,124.08574172812408,35.3987291544982,-99.15728900922113,0
2024-01-04 05:28:00,8382,70.11416188748879,37.28555806229939,-97.66895370277426,0
2024-01-04 05:29:00,9982,40.65454692845448,35.53288201718281,-99.02339203707615,0
2024-01-04 05:30:00,4569,17.431440407662933,39.490286509515975,-97.70293413458747,0
2024-01-04 05:31:00,8707,117.82866219963888,31.014912682087694,-92.96690973157473,0
2024-01-04 05:32:00,1746,5.2364170362403835,37.223216928788275,-94.24709205258586,0
2024-01-04 05:33:00,9504,130.40923596987145,38.244508114295,-96.66029075458657,0
2024-01-04 05:34:00,5633,63.515599542829534,37.02653194905172,-97.38772733087836,0
2024-01-04 05:35:00,1920,101.34968475390576,33.855850050644065,-90.02472167276801,0
2024-01-04 05:36:00,8008,55.023645817017396,33.85480313203326,-92.32132316405493,0
2024-01-04 05:37:00,3381,15.889457999109526,35.86567505075013,-91.77955810564336,0
2024-01-04 05:38:00,4618,81.57694823508382,33.970980363545266,-99.73635363646198,0
2024-01-04 05:39:00,9989,127.59994189400352,38.83182997365831,-99.40413206020875,0
2024-01-04 05:40:00,5443,33.81319752825156,31.099306182944503,-92.87385529437444,0
2024-01-04 05:41:00,1272,105.36094724123329,36.391573479727526,-98.08167144388797,0
2024-01-04 05:42:00,2773,73.44608747528798,31.341149607736376,-95.74344564792732,0
2024-01-04 05:43:00,3547,85.67423599232109,35.40159802499042,-98.15833419643938,0
2024-01-04 05:44:00,4164,23.11461962947709,37.15581202410695,-98.22928094313494,0
2024-01-04 05:45:00,5780,196.79502325283391,31.65510916560249,-98.90923048310661,0
2024-01-04 05:46:00,1946,73.40785711996742,37.04033221489654,-94.05739889583762,0
2024-01-04 05:47:00,1506,125.42522425774506,31.39980031211091,-92.60698626978923,0
2024-01-04 05:48:00,7719,37.03450653767844,36.20553745629139,-99.43155397707456,0
2024-01-04 05:49:00,9435,145.80801904656192,35.055530293228855,-97.24448158044022,0
2024-01-04 05:50:00,9697,35.80393180432422,32.98074953809262,-93.41631601355607,0
2024-01-04 05:51:00,7360,22.381702106808074,31.115487308553025,-96.07683977536475,0
2024-01-04 05:52:00,8657,321.12884328828613,37.358541396009166,-92.95334112514344,0
2024-01-04 05:53:00,4590,5.090288346975712,33.81805133377006,-92.40771786676333,0
2024-01-04 05:54:00,2192,1085.6013409191837,30.865307772731764,-99.6770596407928,1
2024-01-04 05:55:00,2464,110.13866900461652,37.72789338272733,-96.19140221707363,0
2024-01-04 05:56:00,1390,39.85273764478979,32.328946834838206,-92.70861050304752,0
2024-01-04 05:57:00,6615,75.64685352525437,37.364520537055206,-96.21584016442915,0
2024-01-04 05:58:00,7106,110.20380863409339,35.648986859407366,-99.94166797014151,0
2024-01-04 05:59:00,9864,39.15584941956644,31.945290115790513,-96.63697067624346,0
2024-01-04 06:00:00,3560,417.90030286157304,30.76405727174792,-91.27347243562471,0
2024-01-04 06:01:00,6867,238.78521984343197,35.932490154026254,-90.4806110630749,0
2024-01-04 06:02:00,2211,834.4950360416545,30.25211832239429,-94.39483357387547,1
2024-01-04 06:03:00,2539,16.095805558050902,30.654644848641126,-96.93639896958975,0
2024-01-04 06:04:00,1643,67.71482163299757,37.022190819667,-95.33935751820222,0
2024-01-04 06:05:00,9693,13.639740348044505,35.388738414013034,-97.63796472969328,0
2024-01-04 06:06:00,9921,18.329791036400767,33.26295265654377,-98.31874305750829,0
2024-01-04 06:07:00,2283,39.398688649095675,35.39227942668424,-95.06464723567967,0
2024-01-04 06:08:00,8680,40.11785509166971,35.916493275249195,-92.63316011139288,0
2024-01-04 06:09:00,8345,79.03602018127357,35.652858662444665,-97.77535173962129,0
2024-01-04 06:10:00,5386,48.87870802318228,36.4255401151549,-90.90462687008295,0
2024-01-04 06:11:00,1919,121.50732663803802,39.40288100190367,-98.31772361249334,0
2024-01-04 06:12:00,3339,75.10634494004873,33.88777520084025,-94.41588423535786,0
2024-01-04 06:13:00,9947,283.591025403205,33.01151413457576,-92.23616741463667,0
2024-01-04 06:14:00,6930,125.06124285090918,30.3843491103017,-97.8661151731106,0
2024-01-04 06:15:00,6402,16.79429793235904,31.470730568567667,-97.0355555303228,0
2024-01-04 06:16:00,6663,47.20557525016006,31.062498158811426,-99.48515751166714,0
2024-01-04 06:17:00,6275,50.500793979568655,33.35444186872462,-90.56051603139693,0
2024-01-04 06:18:00,1507,84.7668667171642,36.099907288150554,-95.13027806622664,0
2024-01-04 06:19:00,2436,160.0168457830149,30.463338911345833,-99.35693824946303,0
2024-01-04 06:20:00,9750,72.42881219467068,37.27665004454685,-91.69873186831015,0
2024-01-04 06:21:00,8354,97.33531824166353,33.97432949977739,-94.30655840950361,0
2024-01-04 06:22:00,5516,17.562624040641754,39.63504515788455,-99.44715282461532,0
2024-01-04 06:23:00,4622,34.49444634649914,35.68384975191939,-95.4910342938531,0
2024-01-04 06:24:00,5399,8.067777060150705,37.71362312388489,-95.65596957363424,0
2024-01-04 06:25:00,6037,84.94035731655632,38.61181232297033,-98.53918266560177,0
2024-01-04 06:26:00,9111,126.65893291054417,38.888463013255276,-95.79627190912719,0
2024-01-04 06:27:00,4715,14.599923661474694,35.18461749679807,-97.17192984135048,0
2024-01-04 06:28:00,8837,63.97215248003742,33.96742558431081,-93.00058104743732,0
2024-01-04 06:29:00,2301,49.29004495359616,35.6051498968844,-99.94508050160434,0
2024-01-04 06:30:00,8370,295.4323490784812,34.02070401617428,-98.93624056577667,0
2024-01-04 06:31:00,6185,22.323275520516887,32.40714969283241,-90.81351190952051,0
2024-01-04 06:32:00,3155,136.75040672053808,33.23919827166667,-95.66666672678859,0
2024-01-04 06:33:00,7411,171.24108094476813,32.32769856238599,-98.2381802532516,0
2024-01-04 06:34:00,7365,44.92743847893358,32.694376305948616,-92.06773563130963,0
2024-01-04 06:35:00,1692,73.14888840855235,30.936077372357204,-91.48407399923559,0
2024-01-04 06:36:00,2478,160.36572045936606,34.264627207239045,-97.887859864981,0
2024-01-04 06:37:00,7396,18.183178940162623,32.35283906603224,-92.86400007595215,0
2024-01-04 06:38:00,9448,35.617947205756046,34.48366552394476,-93.84864308833052,0
2024-01-04 06:39:00,1441,65.77492658538571,37.921982341762934,-92.54943288675246,0
2024-01-04 06:40:00,3646,430.10319008525624,34.483123532431776,-92.1210158076007,0
2024-01-04 06:41:00,6209,36.606622034476246,39.54611870709715,-93.3906414360674,0
2024-01-04 06:42:00,7533,41.73522427492444,31.47836894528021,-90.43783041539471,0
2024-01-04 06:43:00,5677,256.48967764986514,38.50264990837874,-91.35773640761681,0
2024-01-04 06:44:00,8211,105.95124527800466,32.48258114072988,-97.71028512161965,0
2024-01-04 06:45:00,3645,484.2226722947368,39.33933450854974,-90.86434203727698,0
2024-01-04 06:46:00,9210,162.91773068843779,32.271479264486544,-96.40402698893541,0
2024-01-04 06:47:00,8933,47.18110728605813,37.469617859648054,-92.7345814863012,0
2024-01-04 06:48:00,6476,40.92510668134139,30.6211790085997,-91.51989683223582,0
2024-01-04 06:49:00,8928,23.936526571540178,36.298134371601776,-95.63629573485665,0
2024-01-04 06:50:00,3080,14.805154754745883,32.18674217915941,-99.48491453537616,0
2024-01-04 06:51:00,7089,76.77012944453284,36.70172541648236,-90.50338565508368,0
2024-01-04 06:52:00,8396,102.20127606015768,36.35829337624847,-99.27519947175641,0
2024-01-04 06:53:00,8797,115.28429347888728,39.23695879660162,-96.51890408835077,0
2024-01-04 06:54:00,1861,48.256122799269846,36.26676430620448,-94.0355270222834,0
2024-01-04 06:55:00,9346,376.19766203336275,34.08248811649908,-98.82463292362567,0
2024-01-04 06:56:00,4494,14.035010828798624,31.93567804849203,-91.61793673410732,0
2024-01-04 06:57:00,1904,12.532567499844662,36.574510085441396,-97.96577844223552,0
2024-01-04 06:58:00,2269,24.055854696700756,31.163666039228325,-90.13996336690923,0
2024-01-04 06:59:00,1404,54.92419818914496,38.28516826921768,-90.83566559434917,0
2024-01-04 07:00:00,2184,18.226633308693245,32.47334546938864,-93.95443912782136,0
2024-01-04 07:01:00,9938,209.96458257850284,35.2415889824873,-93.3998991071262,0
2024-01-04 07:02:00,2725,26.076502116858425,35.959473043293954,-94.66393531991326,0
2024-01-04 07:03:00,9462,21.81199807392308,33.62489990397487,-96.08896031367168,0
2024-01-04 07:04:00,6811,156.81690682922058,36.63873777572246,-96.48291902926083,0
2024-01-04 07:05:00,6606,67.18404574148298,32.5021695889213,-91.08345093259737,0
2024-01-04 07:06:00,4956,119.66560755752278,30.346245737765955,-94.23380273886232,0
2024-01-04 07:07:00,1171,52.06059038022976,39.59267736134936,-91.76706267786628,0
2024-01-04 07:08:00,9465,71.64714197331375,33.2004583134315,-94.85928956127282,0
2024-01-04 07:09:00,3306,13.019530129037083,37.134622346604665,-96.92975077757949,0
2024-01-04 07:10:00,1421,47.09466565475833,35.07533606920381,-99.0824052337028,0
2024-01-04 07:11:00,6540,19.14312858989606,36.689986771130044,-96.76303196991682,0
2024-01-04 07:12:00,5675,385.44228992406386,31.10936522515678,-91.19882485934902,0
2024-01-04 07:13:00,7748,198.9038226059863,35.18847875116099,-92.88038826116231,0
2024-01-04 07:14:00,7103,28.391116855862432,33.922195535122206,-92.14170090128988,0
2024-01-04 07:15:00,2473,44.36471342758171,34.518495668337074,-92.26565783899443,0
2024-01-04 07:16:00,4243,46.50597923303935,39.66208332944237,-98.80027582768524,1
2024-01-04 07:17:00,3181,470.57557166938307,31.362889048368924,-98.4113943394217,1
2024-01-04 07:18:00,4096,81.15803488850746,37.547001764113986,-96.82760751165978,0
2024-01-04 07:19:00,7646,35.59240951951018,33.303427941732814,-96.98971221332087,0
2024-01-04 07:20:00,6882,63.224075909705505,32.90357987623762,-99.33918961744268,1
2024-01-04 07:21:00,6982,11.740085095415221,32.707773958992654,-98.46528490430794,0
2024-01-04 07:22:00,6798,50.720323590796795,33.48781553222891,-91.4376971643322,0
2024-01-04 07:23:00,9415,18.52471739387817,33.57117059593606,-94.10955162018297,0
2024-01-04 07:24:00,9411,8.604918651349927,32.70747005181971,-96.57717007220359,0
2024-01-04 07:25:00,9456,398.04860664311883,36.67493147773476,-94.73522102136624,0
2024-01-04 07:26:00,5524,53.1440951649874,30.477219837002494,-97.3868660842171,0
2024-01-04 07:27:00,7559,25.23958091162285,33.32293805805884,-94.16157682652825,0
2024-01-04 07:28:00,8620,10.002356647558951,32.80205606836069,-99.25369116764101,0
2024-01-04 07:29:00,3774,43.76717186321127,37.514180205498704,-90.97349301035449,0
2024-01-04 07:30:00,6673,47.03177081133894,31.46498544019553,-97.59553415316385,0
2024-01-04 07:31:00,4124,117.33718270809196,39.40687142097233,-91.80924498062387,0
2024-01-04 07:32:00,9671,21.03453882838891,31.70518612045155,-93.40001133675483,0
2024-01-04 07:33:00,2353,32.016194671698855,33.700273640635515,-94.76993057576667,0
2024-01-04 07:34:00,4854,21.658726959700875,31.997001934391225,-90.70203539282204,0
2024-01-04 07:35:00,9134,43.90156753011234,32.8669794347209,-98.43186819678846,0
2024-01-04 07:36:00,1924,7.441005874129009,37.61024700668125,-98.80722529731,1
2024-01-04 07:37:00,3170,24.429688277777075,34.764047187383596,-96.78139868176562,0
2024-01-04 07:38:00,6506,102.48497607542046,31.6257571731025,-91.69778773481644,0
2024-01-04 07:39:00,3395,16.031496904048087,30.46634878644574,-99.64798543809765,0
2024-01-04 07:40:00,9220,148.33984565101562,32.29916220170275,-97.60594292690661,0
2024-01-04 07:41:00,9226,130.7597580644441,39.45602778526021,-95.75297808313333,0
2024-01-04 07:42:00,6515,142.169985668021,38.453167481880335,-92.87059011461791,0
2024-01-04 07:43:00,3670,54.35175259424507,34.401737159240085,-97.00686932389159,0
2024-01-04 07:44:00,4365,49.679869084955456,34.81995221945983,-95.51887553769286,0
2024-01-04 07:45:00,1588,75.15925747142606,38.99366139378995,-96.63149509128839,0
2024-01-04 07:46:00,4138,204.43843116061825,35.91345382375735,-99.07939745274298,0
2024-01-04 07:47:00,7663,186.65782163870654,38.80767065148763,-92.61324015168746,0
2024-01-04 07:48:00,5086,10.358057590818339,34.91839104352341,-95.38620603555518,0
2024-01-04 07:49:00,9531,22.77572523096108,32.00097619118826,-91.87487880471903,0
2024-01-04 07:50:00,5270,19.030831543581918,37.25926979942235,-93.05307082945862,0
2024-01-04 07:51:00,7019,112.93054438609225,35.26393319579012,-99.42184799810474,0
2024-01-04 07:52:00,1556,27.68012794517342,36.68439579968469,-94.99924099503721,0
2024-01-04 07:53:00,9022,44.549874066970915,31.572309166994945,-90.09144376384626,0
2024-01-04 07:54:00,6452,301.252429516108,36.47601801918945,-96.92129738134058,0
2024-01-04 07:55:00,4567,167.48285407542204,33.8225714740512,-95.07041899510358,0
2024-01-04 07:56:00,4899,216.1989270560773,33.31997752811196,-93.47967556325959,0
2024-01-04 07:57:00,7477,26.656844869860723,36.71475541072602,-97.97734399620104,0
2024-01-04 07:58:00,8500,3.4163777126587296,35.92239113260956,-92.97492789634958,0
2024-01-04 07:59:00,2016,36.762389510687115,36.49107428936705,-93.40223323558321,0
2024-01-04 08:00:00,7470,12.936479083235666,39.65333064231491,-96.25039533280513,0
2024-01-04 08:01:00,3062,7.814262349591756,37.011964695694175,-97.155607326869,0
2024-01-04 08:02:00,5321,168.7929518713153,36.4089896227289,-90.80897298721901,0
2024-01-04 08:03:00,4496,22.37963262163017,36.13553041841404,-98.72976427302864,0
2024-01-04 08:04:00,2813,24.372065020401884,33.98714249353739,-95.67969208687815,0
2024-01-04 08:05:00,7256,37.87291401054983,38.391916911421816,-92.33016371777872,0
2024-01-04 08:06:00,3313,283.29662087508433,33.80938602505711,-98.51862904524613,0
2024-01-04 08:07:00,2231,46.45043078078354,37.00243634325562,-90.67072466459058,0
2024-01-04 08:08:00,6831,141.3995521539797,32.93143644714667,-94.73747593235422,0
2024-01-04 08:09:00,3999,39.8313421143736,31.477564417662872,-94.951843455129,0
2024-01-04 08:10:00,4440,11.240666261427055,31.297633072979963,-95.75722589200689,0
2024-01-04 08:11:00,5056,16.61264150256747,36.345588566907985,-91.32549808505452,0
2024-01-04 08:12:00,1305,54.391801437333974,33.2795493047959,-90.51558591186273,1
2024-01-04 08:13:00,2689,60.802783033571686,32.75049288592393,-96.19931973782222,0
2024-01-04 08:14:00,4917,93.94504007693526,35.92059329356467,-94.57606349749929,0
2024-01-04 08:15:00,8080,93.98402450010877,30.25669754465502,-96.84576867167843,0
2024-01-04 08:16:00,9611,134.31163490158133,32.46225651984675,-96.3198323832865,0
2024-01-04 08:17:00,3936,25.30110309678931,33.40547285317088,-99.7166643937742,0
2024-01-04 08:18:00,4862,339.4133634321898,37.08373590607198,-92.14064515589583,0
2024-01-04 08:19:00,6649,371.9492884898237,35.45001247163751,-90.30666859240954,0
2024-01-04 08:20:00,4261,32.44233898461256,38.559886171264495,-92.30473448152313,0
2024-01-04 08:21:00,2819,24.6821600546997,33.34506362998507,-94.81788579238543,0
2024-01-04 08:22:00,2342,9.16315313297145,32.96440992275416,-91.72490006858885,0
2024-01-04 08:23:00,6560,64.77301796122836,30.331974085650106,-91.42120956916926,0
2024-01-04 08:24:00,3226,85.83587466036396,39.51717300638353,-94.55477369071721,0
2024-01-04 08:25:00,2079,30.590000916169814,35.014921463950685,-90.62842514320118,0
2024-01-04 08:26:00,5206,72.44042982636006,35.02523914693815,-99.6982980694301,0
2024-01-04 08:27:00,7280,13.628817560155065,39.23436145345598,-99.89903990171463,0
2024-01-04 08:28:00,8235,143.69223784075706,32.899182359285795,-99.18540635835328,0
2024-01-04 08:29:00,1813,32.10533243964852,33.32106130045746,-99.42142284546549,0
2024-01-04 08:30:00,6089,72.8760209043838,36.56347694395143,-95.75389012217799,0
2024-01-04 08:31:00,3031,67.36711878733932,37.85175954899394,-90.59678896078013,0
2024-01-04 08:32:00,9514,7.687212043166972,36.99310725432491,-93.24776450008063,0
2024-01-04 08:33:00,6911,125.71688901454431,37.88718282522278,-93.40547138755544,0
2024-01-04 08:34:00,3653,24.91715860953718,35.75108039290597,-96.15113957663121,0
2024-01-04 08:35:00,4340,66.85356808390176,38.62823482711603,-94.66233543820763,0
2024-01-04 08:36:00,8876,13.33136614474423,35.50106730069164,-96.95825303455577,0
2024-01-04 08:37:00,2141,33.80547637381409,32.293406272512094,-94.82162260597335,0
2024-01-04 08:38:00,9558,78.51179489421632,35.417011064986184,-92.53339091285261,1
2024-01-04 08:39:00,3897,18.55421918788231,37.12944685156955,-94.41307535746701,0
2024-01-04 08:40:00,5041,19.598908118103655,36.53575339414911,-95.81128160776437,0
2024-01-04 08:41:00,3038,61.87202347396555,32.430167629707356,-91.55077936072902,0
2024-01-04 08:42:00,5270,46.17717115924505,30.410782280041186,-97.12557120205248,0
2024-01-04 08:43:00,5683,77.42460429527297,32.524807603906,-95.1851307207554,0
2024-01-04 08:44:00,1494,37.79559941989494,39.840420712537195,-90.218527293618,0
2024-01-04 08:45:00,8116,103.69963324417206,31.844662403904493,-90.3267837147731,0
2024-01-04 08:46:00,2784,30.970792276221605,34.643717584908934,-99.93715383339008,1
2024-01-04 08:47:00,4510,99.19271615657686,36.3834579935756,-94.67766591067746,0
2024-01-04 08:48:00,4786,22.047918883330958,38.794731850495424,-96.63080741124841,0
2024-01-04 08:49:00,6266,29.636569201235986,37.602586375302074,-97.0877613025324,0
2024-01-04 08:50:00,6428,113.37159853209236,39.08953105560603,-94.03747821391319,0
2024-01-04 08:51:00,7681,32.64263965173817,36.04383693578485,-95.53695676805816,0
2024-01-04 08:52:00,7893,16.924625017741764,38.6531880812781,-92.67157918449358,0
2024-01-04 08:53:00,5658,308.0049558823349,32.63842997139209,-99.72865809637837,0
2024-01-04 08:54:00,8082,52.71324042127175,34.30564842169865,-90.73109153435753,0
2024-01-04 08:55:00,7869,87.48366385979432,38.437724743492744,-94.3240670787215,0
2024-01-04 08:56:00,8607,5.685503576405113,33.25563667777855,-93.15933297785026,0
2024-01-04 08:57:00,8669,206.81167148170834,38.71222144238395,-93.95413525288191,0
2024-01-04 08:58:00,7219,769.8771242861502,33.63115067888338,-90.1086839369037,0
2024-01-04 08:59:00,5534,189.0823158222562,33.633947037233426,-90.13701558703619,0
2024-01-04 09:00:00,6979,218.04527026638613,33.09032914791145,-93.90108564994702,0
2024-01-04 09:01:00,9890,36.27867557370001,35.469430836375686,-93.1603670517691,0
2024-01-04 09:02:00,2312,70.23333210565478,31.290687388987198,-93.81430154629824,0
2024-01-04 09:03:00,3962,88.95024358172972,30.366026518480194,-96.89319076060414,0
2024-01-04 09:04:00,3938,27.177514560417382,38.97412979970991,-98.07386443527064,0
2024-01-04 09:05:00,4197,48.228038883968566,39.28938254573792,-95.9723684818645,0
2024-01-04 09:06:00,6296,20.06560016995181,30.76170661891925,-93.17243177698388,0
2024-01-04 09:07:00,8204,36.76306857287901,35.49697554961493,-99.44022645687598,0
2024-01-04 09:08:00,6730,126.58215833903911,35.39682159755181,-94.85694793189006,0
2024-01-04 09:09:00,1126,9.339358198184119,33.72430680417617,-95.9160267259361,0
2024-01-04 09:10:00,6602,141.61379625022238,35.6890482050461,-94.72515158714381,0
2024-01-04 09:11:00,2191,11.275580761095645,34.58119345728065,-91.39773366908452,0
2024-01-04 09:12:00,3639,57.53861382516038,34.89635014204555,-99.52389862442942,0
2024-01-04 09:13:00,2366,63.01892871172207,37.55336823087234,-92.36375950638298,0
2024-01-04 09:14:00,7453,96.81638262039141,35.25960267334117,-93.33090108066374,1
2024-01-04 09:15:00,7671,45.57957808468892,33.23658092805326,-97.96152019026879,0
2024-01-04 09:16:00,7683,19.2075901053935,35.81456112088956,-92.65816330471897,1
2024-01-04 09:17:00,5539,65.66128262996533,36.407539970761256,-95.03628053121042,0
2024-01-04 09:18:00,9876,479.3857462952466,36.623113439993645,-95.18975204322255,0
2024-01-04 09:19:00,3887,53.81707743986422,36.18306650976972,-95.16929485053308,0
2024-01-04 09:20:00,5086,22.615226893413574,36.646027647428,-90.50765937748724,0
2024-01-04 09:21:00,3261,34.22158398693875,33.10092783667258,-90.55635493663208,0
2024-01-04 09:22:00,5180,63.4490974705864,34.46133913079297,-90.86391953314732,0
2024-01-04 09:23:00,3841,41.73661142128354,36.68706169254348,-91.13257926454907,0
2024-01-04 09:24:00,7040,36.32181672352464,37.54368541604646,-99.62411908428932,0
2024-01-04 09:25:00,4560,205.90854570617145,34.34146128658229,-95.99405072887858,0
2024-01-04 09:26:00,5758,91.58630176877313,33.65332843516945,-91.05122936474346,0
2024-01-04 09:27:00,1626,48.49596682166118,37.15882655172858,-92.44873444339075,0
2024-01-04 09:28:00,6014,48.86891070456583,32.221731798353396,-95.43340197671596,0
2024-01-04 09:29:00,2375,64.9214989479215,30.094921955359986,-92.26746962782833,0
2024-01-04 09:30:00,2181,95.6135307544385,34.711660024504425,-97.91814174186379,0
2024-01-04 09:31:00,6708,196.82498965054089,31.733731548263407,-94.00200754557207,0
2024-01-04 09:32:00,1490,36.16485218181306,33.782827590363425,-94.6700171810834,0
2024-01-04 09:33:00,4729,20.197903950404577,32.91234150263316,-94.26452977989257,0
2024-01-04 09:34:00,6974,31.30858410046664,37.77261888514123,-92.78204580053546,0
2024-01-04 09:35:00,4534,22.746420430956285,33.3140849939983,-90.50197908751923,0
2024-01-04 09:36:00,4296,11.86974286568801,36.40675791389323,-97.35988232053023,0
2024-01-04 09:37:00,2940,223.7656762178884,36.73912596599321,-92.4194922463337,0
2024-01-04 09:38:00,6014,128.32756866696383,34.564542855523555,-93.54859031189454,0
2024-01-04 09:39:00,2882,5.564922492353554,30.810779355289117,-93.0485493257367,0
2024-01-04 09:40:00,5908,67.89394585746749,37.00365086075406,-95.7108033498996,0
2024-01-04 09:41:00,3987,37.45968846775786,30.751679146753677,-90.55421403736607,0
2024-01-04 09:42:00,6585,33.25122705384171,30.99212959700702,-95.20343750012404,0
2024-01-04 09:43:00,4159,4.542504570168949,31.95997368774889,-98.7840821060088,0
2024-01-04 09:44:00,5530,53.23715633615511,32.80375797788158,-93.19307019448411,0
2024-01-04 09:45:00,1681,58.96420655275125,38.46451700321049,-98.71130886237478,0
2024-01-04 09:46:00,6254,16.829014550466724,36.74921777104497,-96.7732499878567,0
2024-01-04 09:47:00,2073,276.6480592092056,33.872127884167604,-97.71994322642188,0
2024-01-04 09:48:00,3387,120.46378047691837,39.78627451160753,-94.61065606109378,0
2024-01-04 09:49:00,3693,18.796369323186788,32.436025422831456,-96.52496116771752,0
2024-01-04 09:50:00,5340,151.8738699593324,36.098143873842545,-98.40146763163249,0
2024-01-04 09:51:00,3156,34.276020925713304,38.47214108953082,-92.09185635582297,0
2024-01-04 09:52:00,8966,156.82151644295425,38.02022577956785,-95.31508379561873,0
2024-01-04 09:53:00,3580,12.898389461964422,30.90307748565627,-95.4555096041157,0
2024-01-04 09:54:00,8257,64.719446630547,36.97274223674543,-91.13637046595798,0
2024-01-04 09:55:00,3159,16.179256554787358,32.57863755552692,-94.6117563955587,0
2024-01-04 09:56:00,7772,23.632609994105515,33.55733478065467,-92.90103904134976,0
2024-01-04 09:57:00,2627,7.911642586063541,34.889919823111654,-96.71934572363746,0
2024-01-04 09:58:00,9219,15.887683984011591,37.907501660653935,-94.38710509530088,0
2024-01-04 09:59:00,8080,15.79516197686992,31.662014426690472,-92.73585313693934,0
2024-01-04 10:00:00,2985,13.938422960928222,31.085552350396167,-97.03527996685267,0
2024-01-04 10:01:00,9488,65.93139002267243,31.534412450436445,-93.11465851303839,0
2024-01-04 10:02:00,3181,9.335368510862398,32.18223535591983,-94.31236836154868,0
2024-01-04 10:03:00,3296,73.61216939757236,30.595018538110292,-95.65806836827579,0
2024-01-04 10:04:00,8164,149.29004608637456,39.26356469570077,-92.87030438353388,0
2024-01-04 10:05:00,3597,22.442235231585222,33.19083407088748,-96.83095630175532,0
2024-01-04 10:06:00,1901,50.151705344511065,31.769756298664205,-92.85497253299778,0
2024-01-04 10:07:00,7060,39.03099272194394,36.378342036820705,-94.4888592595535,0
2024-01-04 10:08:00,2677,36.179250174487535,37.86996118766629,-97.54396144875848,0
2024-01-04 10:09:00,3881,4.239765403388765,37.53234165601417,-93.31724533025968,0
2024-01-04 10:10:00,6622,17.693388281773956,37.187071927870925,-91.15235605962576,0
2024-01-04 10:11:00,9052,235.43294035550983,30.50529975437967,-96.89986006794669,0
2024-01-04 10:12:00,2378,75.478188721476,37.82159519220446,-91.87668114976603,0
2024-01-04 10:13:00,2248,42.88940507875381,35.01878641251858,-96.63869643593144,0
2024-01-04 10:14:00,6650,7.237426747178337,36.49086020031517,-91.78878761574322,0
2024-01-04 10:15:00,7079,98.80700238346225,39.56424624539227,-99.48848961253212,0
2024-01-04 10:16:00,8036,21.94077686181218,38.10672538474056,-99.92784686124361,0
2024-01-04 10:17:00,7487,15.839892153950117,38.253720092260046,-98.86737948731232,0
2024-01-04 10:18:00,2058,17.510073775037036,31.814672188781717,-91.2605719222546,0
2024-01-04 10:19:00,3048,90.98070108810444,34.764171263230644,-94.66278146940343,0
2024-01-04 10:20:00,7115,50.85804526041424,39.493254850103554,-94.05898704914702,0
2024-01-04 10:21:00,5248,129.6187198433486,35.82685252070706,-91.57794531639075,0
2024-01-04 10:22:00,3476,168.2954790065118,31.025863697642382,-99.49354194858365,0
2024-01-04 10:23:00,5603,26.06340500694945,37.31819824885241,-96.12892957414866,0
2024-01-04 10:24:00,4553,52.31613182391777,30.4292684710505,-93.56909640550941,0
2024-01-04 10:25:00,1220,40.32548861360108,37.42297267003739,-95.95319835643122,0
2024-01-04 10:26:00,5818,13.988032410967987,38.79772627122647,-99.67869799352543,0
2024-01-04 10:27:00,8192,16.15259731939351,34.25250140613335,-93.4905634583101,0
2024-01-04 10:28:00,5623,46.33177915362529,34.13612862985087,-96.08598705427201,0
2024-01-04 10:29:00,8349,51.56970300543295,33.04211377254727,-99.8079099836144,0
2024-01-04 10:30:00,6618,51.68237543945047,38.76938285103733,-98.29481616346641,0
2024-01-04 10:31:00,8209,51.76347683966533,35.47784604048387,-97.8241781716603,0
2024-01-04 10:32:00,5576,24.14327098985425,35.792599406346184,-94.89384161645377,0
2024-01-04 10:33:00,2871,455.51929326846135,36.61707390849955,-98.13625098966598,1
2024-01-04 10:34:00,8915,68.84126210870136,33.00230947562877,-96.38672727574026,0
2024-01-04 10:35:00,2462,30.706453108041977,34.327863113504115,-92.49334236451767,0
2024-01-04 10:36:00,6521,81.63976311942898,37.416057622062986,-91.92280110678941,0
2024-01-04 10:37:00,9536,23.307508414798153,39.85486968538986,-92.04587019264424,0
2024-01-04 10:38:00,9236,56.077580440951635,30.3430554006453,-93.04917149594579,0
2024-01-04 10:39:00,8813,81.50756010573242,30.426484979465673,-94.581876853952,0
2024-01-04 10:40:00,3068,94.72108726520317,34.280824819829284,-94.49369705724699,0
2024-01-04 10:41:00,6753,15.528610717508657,36.59621834809613,-90.46612440299313,0
2024-01-04 10:42:00,8237,1129.0061274664254,33.86364624835317,-91.22131253919792,0
2024-01-04 10:43:00,8016,178.0032671855319,39.996386539651795,-93.50215880331173,0
2024-01-04 10:44:00,7191,416.75769218837604,31.953592580861358,-95.31505056214327,0
2024-01-04 10:45:00,2514,42.26181667865928,30.079254580074274,-92.70929584238003,0
2024-01-04 10:46:00,3598,69.88088133020416,31.901293623127692,-99.37284102489862,0
2024-01-04 10:47:00,2001,56.625499050520446,38.86842375101301,-90.55391803338368,0
2024-01-04 10:48:00,2033,31.593162557339642,31.451489928684644,-94.5242050439531,0
2024-01-04 10:49:00,7899,116.46711040487901,34.789747803066405,-94.97209545790481,0
2024-01-04 10:50:00,9465,22.563841229445334,34.19276180721448,-97.09165173453259,0
2024-01-04 10:51:00,6051,109.75503598882662,36.657253212911286,-99.96610505230912,0
2024-01-04 10:52:00,5476,33.17871962891371,30.54595586419453,-99.38756807574084,0
2024-01-04 10:53:00,1478,81.37171858115104,36.58750171066226,-97.36991542016628,0
2024-01-04 10:54:00,1515,235.48144195940753,33.547516439823355,-94.58453741294707,0
2024-01-04 10:55:00,2191,47.79812613357992,39.260395590824984,-99.16419683134782,0
2024-01-04 10:56:00,7297,119.13100673566325,38.48887329585906,-90.27947991061002,0
2024-01-04 10:57:00,1271,32.82189804682713,33.99506248477586,-95.89039217081073,0
2024-01-04 10:58:00,9334,16.754485597204514,39.92891843517853,-96.83682525712625,0
2024-01-04 10:59:00,8778,287.6455894954181,30.51943752656247,-94.74803520114072,0
2024-01-04 11:00:00,7008,115.31980145106047,37.88632220064191,-99.35013407952022,1
2024-01-04 11:01:00,8987,47.7309208731902,34.338365240273625,-91.4954932642637,0
2024-01-04 11:02:00,4332,109.55302272966478,34.33305144587585,-95.39722864788654,0
2024-01-04 11:03:00,1787,19.758919750980297,31.701337981453428,-98.21664588564022,0
2024-01-04 11:04:00,7222,84.96501159984795,35.14879919972261,-98.38265570550088,0
2024-01-04 11:05:00,1622,67.83002871023325,30.847184968800853,-96.39045646261248,0
2024-01-04 11:06:00,4841,104.64191082039287,36.165771790003774,-94.2663718669016,0
2024-01-04 11:07:00,4676,281.9503155827325,32.41590440853887,-95.83094142060925,0
2024-01-04 11:08:00,3572,232.35026948872994,37.2485804576937,-94.0320266158942,0
2024-01-04 11:09:00,7915,13.614845436438198,36.073615182565725,-92.94522255099253,0
2024-01-04 11:10:00,6033,7.42426297356495,37.46405008751446,-92.51511237659714,0
2024-01-04 11:11:00,8788,69.80529995319176,37.49742070234211,-95.99044440405737,0
2024-01-04 11:12:00,6214,64.67262763413417,31.967090452204413,-92.82996688442903,1
2024-01-04 11:13:00,5712,17.528720679153377,30.00674729486596,-98.58495646791256,0
2024-01-04 11:14:00,1066,20.889152066160655,33.657612593927375,-94.8690379971653,0
2024-01-04 11:15:00,8533,25.270725331891402,39.19069215796509,-99.27485283140031,0
2024-01-04 11:16:00,5616,207.47869615630168,35.77899384635834,-97.55894369703736,0
2024-01-04 11:17:00,2140,34.03888811382296,37.27502005625017,-94.16813310500153,0
2024-01-04 11:18:00,6730,12.135318589993405,38.79570337523553,-92.5957931445808,1
2024-01-04 11:19:00,8465,51.19123639720644,39.06058247724697,-99.04690636611048,0
2024-01-04 11:20:00,5471,54.449384930616155,35.290251573094274,-97.92930153259424,0
2024-01-04 11:21:00,4339,19.45075469665463,35.40942084912055,-90.08101785470934,0
2024-01-04 11:22:00,1548,98.53273154794536,38.50938841233116,-96.62342356562715,0
2024-01-04 11:23:00,8675,170.24507914236878,38.07485435290014,-97.1595923293402,0
2024-01-04 11:24:00,9264,38.268415966010224,36.98858599905445,-99.14742908487683,0
2024-01-04 11:25:00,1198,12.134950006451833,36.04464294116306,-93.0515723466358,0
2024-01-04 11:26:00,1571,41.52330506940459,36.1721510257856,-94.91746615578563,0
2024-01-04 11:27:00,1790,73.82321593780448,33.62911344623385,-98.42449122150154,0
2024-01-04 11:28:00,2174,6.309715378912616,38.409177474016914,-93.67101766405592,0
2024-01-04 11:29:00,1178,88.36862221180807,36.17779705087261,-94.74239642638929,0
2024-01-04 11:30:00,3244,37.52481139918813,32.23528062241531,-94.3505470193411,1
2024-01-04 11:31:00,5086,57.03798511909417,32.39843278509538,-90.05145194430251,0
2024-01-04 11:32:00,1734,40.86921020371678,38.616030137732295,-99.71387272058203,0
2024-01-04 11:33:00,7232,25.70177894237122,36.25707545636589,-90.8502783905362,0
2024-01-04 11:34:00,1798,48.862408769677096,33.987041284279314,-91.58109238417696,0
2024-01-04 11:35:00,8601,32.821367066439585,31.871007592352875,-95.84657175339842,0
2024-01-04 11:36:00,9979,38.18409337329023,36.102159732452016,-91.19053646361637,0
2024-01-04 11:37:00,3795,22.636915163556143,31.84310380019505,-93.5143875762715,0
2024-01-04 11:38:00,5588,93.38913266889705,34.70167031218301,-91.1064548329879,0
2024-01-04 11:39:00,8297,188.06704871565304,36.77510534241236,-94.05269117736854,0
2024-01-04 11:40:00,4084,22.79913228762256,35.654154343211204,-97.83850760680821,0
2024-01-04 11:41:00,1731,48.57868976521634,39.22099900126268,-94.23778615948227,0
2024-01-04 11:42:00,2129,18.261701778902076,30.39721201851769,-98.20937752069862,0
2024-01-04 11:43:00,2605,80.48201057585935,32.797948758514025,-98.59172072312707,0
2024-01-04 11:44:00,3933,68.32276616837736,30.57086101237981,-93.45938768078577,0
2024-01-04 11:45:00,9516,30.60114352803971,31.946042300214994,-90.52523383464415,0
2024-01-04 11:46:00,6074,50.26208503275757,31.239833358455307,-94.11504020792555,0
2024-01-04 11:47:00,8099,129.70668141318268,37.326616270202315,-92.04212367017773,0
2024-01-04 11:48:00,2490,10.942217026056337,33.69375941294398,-98.31635636733779,0
2024-01-04 11:49:00,1893,15.001898425065054,39.25044271203021,-93.45789633811057,0
2024-01-04 11:50:00,2390,97.69345839580765,30.233777216920707,-92.67022528503529,0
2024-01-04 11:51:00,4389,57.655050306940225,36.52924184944178,-99.58385479485639,0
2024-01-04 11:52:00,5239,50.89849221124172,39.70544800265488,-99.02835682956338,0
2024-01-04 11:53:00,5479,140.18821136168754,31.758387198100188,-92.1841911947165,0
2024-01-04 11:54:00,3263,110.4357577149458,34.42432230285582,-95.60049978537828,0
2024-01-04 11:55:00,4432,303.41577339608557,37.01889891170274,-95.94418997117789,0
2024-01-04 11:56:00,3371,133.61153542207475,36.33137999323168,-90.79630403060821,0
2024-01-04 11:57:00,5312,92.36291201380278,35.66027130565671,-90.08034175646372,0
2024-01-04 11:58:00,2515,51.73007348335499,33.26756127054405,-92.35615463094356,0
2024-01-04 11:59:00,7326,47.26814904035707,37.281999535329014,-92.07406225681648,0
2024-01-04 12:00:00,8088,54.42153293597233,36.53255277068337,-97.91679002426396,0
2024-01-04 12:01:00,6586,68.23651658232185,31.628002854437515,-98.07774557660001,0
2024-01-04 12:02:00,3917,16.334329846554006,39.640907313056964,-90.19317184715507,0
2024-01-04 12:03:00,6731,71.0649381259527,35.556729089401195,-93.04908280736109,0
2024-01-04 12:04:00,8686,42.805795685219515,35.254616010359015,-93.13290202020613,0
2024-01-04 12:05:00,2167,78.02667966793813,38.482366775874695,-97.13812028949734,0
2024-01-04 12:06:00,9302,30.640562218893827,36.404135106289765,-91.1352064942225,0
2024-01-04 12:07:00,6109,28.23535569277671,30.744792866063754,-99.5555960280572,0
2024-01-04 12:08:00,5327,68.76633597661164,35.0658937379026,-97.25409643535309,0
2024-01-04 12:09:00,6810,87.99415909020594,37.805964928940135,-98.19858675914233,0
2024-01-04 12:10:00,4655,29.846450095873273,36.99980120176891,-92.8890392133355,0
2024-01-04 12:11:00,4793,204.2219073402961,39.707687241427465,-92.84650009608949,0
2024-01-04 12:12:00,7738,202.82619283129296,30.24916279685931,-94.65268512133821,0
2024-01-04 12:13:00,2577,11.219729339265267,32.61218956640402,-99.94740447568824,1
2024-01-04 12:14:00,3220,25.10264075915866,35.49156456282425,-91.26244678097981,0
2024-01-04 12:15:00,2030,61.32622248468045,36.194897990207494,-90.44412867005488,0
2024-01-04 12:16:00,7691,79.10462528900354,32.74355985907744,-97.97687544913259,0
2024-01-04 12:17:00,4992,460.51248750135505,38.268016663758644,-91.57767272745737,0
2024-01-04 12:18:00,1913,62.85900988039374,31.643477929160127,-90.26713548265045,1
2024-01-04 12:19:00,7358,48.598487337800755,30.00849109621718,-96.7302587663502,0
2024-01-04 12:20:00,3181,17.49586717150057,39.5239139837613,-98.1494317140144,0
2024-01-04 12:21:00,4197,11.185369218234516,33.915567944300996,-90.22459947943577,0
2024-01-04 12:22:00,7040,47.76665270689751,39.57489800956094,-99.40256708174556,0
2024-01-04 12:23:00,2462,427.2567805023338,32.77931600345224,-97.24039358065518,1
2024-01-04 12:24:00,8037,44.178191999320035,30.63448635131226,-92.57970733241034,0
2024-01-04 12:25:00,5994,25.210696335635706,37.72519604553023,-93.82646518369185,0
2024-01-04 12:26:00,6308,85.80432365747525,38.35819531825698,-93.1548928690974,0
2024-01-04 12:27:00,7221,7.348048384830706,34.92086898847636,-92.91908459514549,0
2024-01-04 12:28:00,8090,59.103505498922225,30.738503401778647,-93.13855775963017,0
2024-01-04 12:29:00,8769,124.50902263272128,36.54134074973338,-96.57758762922917,0
2024-01-04 12:30:00,1687,21.166945705395218,31.821439744751572,-96.88499773390878,0
2024-01-04 12:31:00,5661,214.62016022786912,38.49381548156284,-95.71533455439615,0
2024-01-04 12:32:00,2894,105.60255324178569,32.74023119542191,-91.92316424021637,0
2024-01-04 12:33:00,8389,216.5716058233143,38.477063903139275,-90.61728964649984,0
2024-01-04 12:34:00,5922,13.78646590901349,34.26924541893519,-95.44753893004865,0
2024-01-04 12:35:00,7322,45.572292352058234,35.96487839248151,-99.1423386278371,1
2024-01-04 12:36:00,4183,137.29426863469266,37.89562516820966,-90.61701467672391,0
2024-01-04 12:37:00,4797,12.208608369348896,30.404392429829315,-99.19571791435862,0
2024-01-04 12:38:00,6178,140.7621643390512,38.211660061897845,-98.40890393496744,0
2024-01-04 12:39:00,4968,45.61119125793489,31.386480417654976,-91.3232198706333,0
2024-01-04 12:40:00,3716,139.7183830282736,33.58418355202986,-94.48521459486389,0
2024-01-04 12:41:00,1190,67.86158129456565,34.72781030111063,-96.47313802136894,0
2024-01-04 12:42:00,2335,223.81647720099284,38.95426583668629,-90.69090313419862,0
2024-01-04 12:43:00,9181,15.000597001532817,30.22440627895591,-90.39493611159791,0
2024-01-04 12:44:00,1378,75.8737132884676,35.592026082967855,-96.69237305865583,0
2024-01-04 12:45:00,4829,12.042411633752518,36.425225000623946,-91.31575855999425,0
2024-01-04 12:46:00,7380,83.05792811270261,33.165823090990735,-93.21471148124014,0
2024-01-04 12:47:00,1615,75.77890212794524,32.904867713094596,-97.2550862710109,0
2024-01-04 12:48:00,3330,41.05523837083323,34.90469158510467,-90.58567318925274,0
2024-01-04 12:49:00,2754,24.933262991821504,31.871004178646725,-99.36930887366731,0
2024-01-04 12:50:00,1463,39.43422109362886,34.681189296049595,-96.82057700803041,0
2024-01-04 12:51:00,5267,60.198815132693205,37.65025323490147,-96.03738389285138,0
2024-01-04 12:52:00,4158,72.54352875407626,38.45395504160515,-93.093467824236,0
2024-01-04 12:53:00,4624,377.02668843353376,33.851613848989004,-99.61566973580484,0
2024-01-04 12:54:00,5938,130.76691747689642,36.17301713143686,-91.10223098151675,0
2024-01-04 12:55:00,6417,30.359308610562504,30.00020517960895,-93.40897056515519,0
2024-01-04 12:56:00,7004,97.45353005498875,35.503524836714526,-97.2497716885349,0
2024-01-04 12:57:00,9881,131.8044096289272,39.752363053924896,-93.416579061091,0
2024-01-04 12:58:00,6603,28.333167411592264,33.122650271612116,-94.63076080080772,0
2024-01-04 12:59:00,3212,110.18447830180287,35.94776124209246,-96.6372423792515,0
2024-01-04 13:00:00,7120,12.345183234957119,37.62283657645613,-99.71403529595179,0
2024-01-04 13:01:00,6818,27.31962374431783,36.089330209896424,-94.48899323586457,0
2024-01-04 13:02:00,1382,13.141423350076447,34.18499970466839,-99.17818485202496,0
2024-01-04 13:03:00,3256,44.20964441866642,31.525755733095313,-91.89823644185597,0
2024-01-04 13:04:00,2412,33.99979574595244,34.63701397458231,-99.11474347771897,1
2024-01-04 13:05:00,7146,36.7098163879742,32.947842091785915,-95.71260724649824,0
2024-01-04 13:06:00,1371,123.40553377810168,36.959202887612975,-95.65448207820788,0
2024-01-04 13:07:00,6806,59.77469591758186,34.419127677144765,-94.4379833788293,0
2024-01-04 13:08:00,6565,121.54968346153058,38.498797646073214,-99.60492109879274,0
2024-01-04 13:09:00,9802,277.64692980784054,31.933224368931764,-97.96167552461927,0
2024-01-04 13:10:00,9307,443.4858627246557,34.177201220535736,-98.00498815995033,0
2024-01-04 13:11:00,8437,47.47464990663825,35.57504976394808,-94.01029385309468,0
2024-01-04 13:12:00,1446,93.19977638515637,31.26014676028295,-97.36364467364619,0
2024-01-04 13:13:00,2391,46.769954070155705,35.87910077834489,-98.55805019121993,0
2024-01-04 13:14:00,2340,150.5355720248591,32.90921405327576,-99.81646927701496,0
2024-01-04 13:15:00,3939,123.92668139913833,32.295371801486596,-91.59455164720647,0
2024-01-04 13:16:00,6969,28.203922251013477,31.41910739729345,-90.28451802879164,0
2024-01-04 13:17:00,5813,32.67562721032477,33.49881925633511,-92.96738006691822,0
2024-01-04 13:18:00,4569,218.33844464644955,39.28982415194207,-95.87287574451398,0
2024-01-04 13:19:00,6454,31.52654493233448,30.310058593310586,-98.77989058079659,0
2024-01-04 13:20:00,4150,48.823153363025675,38.52156208307939,-95.24895148505018,0
2024-01-04 13:21:00,7414,107.23695396237103,33.973608977851406,-95.42678276689924,0
2024-01-04 13:22:00,5657,46.26678784421371,35.61601638726385,-95.80123691063295,0
2024-01-04 13:23:00,7947,253.1456915811933,35.12812296925372,-96.21696418798959,0
2024-01-04 13:24:00,8943,153.40876194842775,39.25740261607234,-95.0324653994853,0
2024-01-04 13:25:00,4662,22.552154357561896,37.70129269205714,-99.26819287566508,0
2024-01-04 13:26:00,5482,30.401543753265617,39.84823535327949,-99.6170540327144,0
2024-01-04 13:27:00,5797,98.25454814324362,37.94429951621697,-99.36039716279474,0
2024-01-04 13:28:00,6068,51.83036085282983,32.958884942066874,-98.00001519881224,0
2024-01-04 13:29:00,6480,7.841585101477579,39.62883679359314,-97.21929744414248,0
2024-01-04 13:30:00,9033,20.678967643274063,39.835657908079234,-98.3054238043401,0
2024-01-04 13:31:00,1983,68.99922669192878,31.230937036166996,-97.48083286666238,0
2024-01-04 13:32:00,6607,133.02655789546355,39.010441837829774,-98.14162603306852,0
2024-01-04 13:33:00,9543,134.94226727928432,36.64202182893162,-98.49256740394493,0
2024-01-04 13:34:00,2907,388.71131803828337,39.21993770033114,-97.07017338300155,1
2024-01-04 13:35:00,7924,27.345143303371167,39.157390202189866,-96.02487370167457,0
2024-01-04 13:36:00,9737,28.684755666823598,38.91373031187217,-92.55733225363596,0
2024-01-04 13:37:00,5174,53.232645711467605,38.85275593682379,-90.44450057161959,0
2024-01-04 13:38:00,8265,10.216728417050074,31.176462389932187,-90.81034689817344,0
2024-01-04 13:39:00,2990,54.43050624233793,31.43515708278262,-95.24066217390416,0
2024-01-04 13:40:00,6596,44.90257527905392,31.177794193769667,-95.38654911022886,0
2024-01-04 13:41:00,4998,120.50820700361457,30.91029088800285,-98.74302104847042,0
2024-01-04 13:42:00,4775,142.8107887555503,33.532852850739886,-90.28259873397033,0
2024-01-04 13:43:00,5645,78.04406179798033,36.83958414324642,-92.39902202844868,1
2024-01-04 13:44:00,3061,54.75531112526775,33.54692613072585,-91.5243173945891,0
2024-01-04 13:45:00,5487,78.57200311081739,37.203003332750946,-97.65836334348586,0
2024-01-04 13:46:00,5435,24.709113193620638,38.202831250202024,-95.98914015925027,0
2024-01-04 13:47:00,3644,50.26570880885896,36.66214740146417,-98.9735489632129,0
2024-01-04 13:48:00,2045,55.521260466751464,34.651047262829685,-90.59186894652078,0
2024-01-04 13:49:00,8951,50.64876204365273,32.955174395909566,-97.14170780872911,0
2024-01-04 13:50:00,7449,46.01530369440496,31.24403362455231,-94.03990237651225,1
2024-01-04 13:51:00,3681,29.33351774200782,34.93651827911384,-98.47779971049282,0
2024-01-04 13:52:00,4199,19.577821917652127,37.19598953369898,-91.97203344961679,0
2024-01-04 13:53:00,7768,44.474222128549755,35.48243211504048,-98.13655332736315,0
2024-01-04 13:54:00,8440,98.92378066553154,37.21481919290463,-91.90615608938764,0
2024-01-04 13:55:00,9633,9.607989961402366,33.35219672343501,-95.9823745205517,1
2024-01-04 13:56:00,3550,33.205593695993244,30.66796063055348,-94.22242983429597,0
2024-01-04 13:57:00,5225,432.28973828014233,37.710979260325765,-97.30291219242062,0
2024-01-04 13:58:00,1596,45.016236340287996,32.19724111829556,-91.17223543578856,0
2024-01-04 13:59:00,7054,63.519678304630034,36.16285060236024,-92.4013155614506,0
2024-01-04 14:00:00,2505,343.3426107082482,38.042927445547335,-96.45726036045765,1
2024-01-04 14:01:00,7468,75.14617922485087,31.391100018446767,-94.1463595691117,0
2024-01-04 14:02:00,8236,76.88174982796788,35.98494710013276,-98.71011540974342,1
2024-01-04 14:03:00,2551,21.97385474497725,36.89374361840094,-98.39527709412195,0
2024-01-04 14:04:00,7852,74.65096017373394,37.465308668189245,-94.66322379412803,0
2024-01-04 14:05:00,2449,53.79620444404439,31.476666111414875,-93.59401233268648,0
2024-01-04 14:06:00,6953,137.67743124860883,38.25116161979371,-94.42568286271008,0
2024-01-04 14:07:00,9456,195.84485010707982,30.9414856615047,-94.40592002127525,0
2024-01-04 14:08:00,9042,56.27846232766445,35.19583468156807,-92.57709859097329,0
2024-01-04 14:09:00,3659,80.0055455930115,34.4341269619788,-90.9759251923664,0
2024-01-04 14:10:00,8509,8.249277730995352,32.217660742355534,-96.12402454532145,1
2024-01-04 14:11:00,8893,5.837765888226143,33.019307414472394,-94.63066704538961,0
2024-01-04 14:12:00,8445,162.90906957665598,31.644357832889018,-91.0697601562056,0
2024-01-04 14:13:00,3721,4.504617968320652,34.25726194821253,-95.35721343461027,0
2024-01-04 14:14:00,3925,75.74226048504514,30.3551092757056,-95.54851043499416,1
2024-01-04 14:15:00,8104,45.89447894511668,38.88915275296155,-92.33485542864332,1
2024-01-04 14:16:00,7240,187.04564156581017,31.634873350365954,-91.2269887408701,0
2024-01-04 14:17:00,1512,52.711030217899065,38.860177564559486,-92.62327748260125,0
2024-01-04 14:18:00,1215,331.04478317205405,38.63577400134003,-98.99875609149129,1
2024-01-04 14:19:00,8299,44.52725956710998,34.51677207157687,-95.3522900653416,0
2024-01-04 14:20:00,4153,171.80307393902822,34.977257122150924,-97.88030377010615,0
2024-01-04 14:21:00,8450,12.203997603642604,33.01913540534481,-96.82652101180163,0
2024-01-04 14:22:00,2706,5.462804742207715,39.9687459997553,-95.31245596663356,0
2024-01-04 14:23:00,2567,53.079343418652435,36.70772190590223,-97.78471331523579,0
2024-01-04 14:24:00,2128,13.455711055864118,39.51808285935552,-94.8406632923784,0
2024-01-04 14:25:00,4510,51.42238082982074,34.14796844388178,-93.56724117639665,0
2024-01-04 14:26:00,8867,36.11847169542023,38.83016579432786,-91.25101665892203,0
2024-01-04 14:27:00,3365,99.99730943292347,34.48234633217067,-97.885393821478,0
2024-01-04 14:28:00,6583,18.833289693523124,38.66828872101313,-96.89434969532718,0
2024-01-04 14:29:00,5897,83.48391415509973,31.309265594948595,-95.94199518909099,0
2024-01-04 14:30:00,6718,129.534769701095,36.36854426768509,-97.75453230356281,0
2024-01-04 14:31:00,7001,44.44689026765326,36.78703514839147,-96.67959929337701,0
2024-01-04 14:32:00,5567,88.07873022118942,36.56170697286427,-91.16649480081294,0
2024-01-04 14:33:00,3741,20.520637663472282,34.470276180393434,-98.61345207988826,0
2024-01-04 14:34:00,4020,37.23855281169359,36.83916110030796,-95.56252406340009,0
2024-01-04 14:35:00,7256,14.266720278330784,32.39463100816593,-96.89033024216857,0
2024-01-04 14:36:00,1228,566.1010133228586,35.95848594497086,-99.22835278233744,1
2024-01-04 14:37:00,9362,186.56764459223962,35.542349244493295,-99.03874670849702,0
2024-01-04 14:38:00,1294,287.18289498833565,33.183395221304266,-92.15120087514863,1
2024-01-04 14:39:00,5284,183.90860835940936,37.788638089812295,-91.47666980754323,0
2024-01-04 14:40:00,9617,28.130116370277115,30.80872065458681,-92.58592399388951,1
2024-01-04 14:41:00,7801,11.769114309069856,31.7143966129207,-94.6077094566226,0
2024-01-04 14:42:00,1918,35.727721175775066,34.71150039619438,-92.2734053485475,0
2024-01-04 14:43:00,1498,87.82154642687652,38.91736697925096,-98.47984242305841,0
2024-01-04 14:44:00,3809,40.84348179367931,35.75159554527947,-92.19798399403828,0
2024-01-04 14:45:00,5961,5.842778149460141,38.42066850939193,-95.76524781248645,0
2024-01-04 14:46:00,4779,115.24668942696755,35.17569719147593,-92.49684465670002,0
2024-01-04 14:47:00,3118,11.042926539022567,37.85455968610946,-97.72250605580278,0
2024-01-04 14:48:00,7391,35.78969657007576,33.25797394745625,-91.67456579269643,0
2024-01-04 14:49:00,1145,312.2438197618957,38.15142317187638,-94.31883454233433,1
2024-01-04 14:50:00,8942,57.343915167407296,34.01686070565769,-99.92662489644135,0
2024-01-04 14:51:00,5565,160.2378118111652,35.58831161411856,-94.80732831863082,0
2024-01-04 14:52:00,1192,77.23246837511927,31.75881491530161,-96.89720520574645,0
2024-01-04 14:53:00,6187,19.907521242196218,39.204330241055565,-99.42498138115911,0
2024-01-04 14:54:00,7637,113.21817739669648,37.01459119437275,-95.5269041101174,0
2024-01-04 14:55:00,9243,51.253015780814245,38.588548191493786,-96.8852984482668,0
2024-01-04 14:56:00,3410,12.356342959283301,32.078629071554325,-97.95609836100458,0
2024-01-04 14:57:00,2820,10.447234252921692,30.676843552692365,-96.50877997497699,0
2024-01-04 14:58:00,3964,80.09947137811115,33.37209263311015,-98.2039278377709,0
2024-01-04 14:59:00,3521,464.67816044225884,35.16685390954932,-97.00187938977342,0
2024-01-04 15:00:00,3568,18.610879161500815,38.02369882959035,-98.8466562319292,0
2024-01-04 15:01:00,6882,20.968653654096357,33.97726415506088,-99.15687409777529,0
2024-01-04 15:02:00,2867,81.27157763482326,32.69958324901058,-90.89980573291395,0
2024-01-04 15:03:00,8465,14.673928589998415,33.72545112415381,-90.97234198756821,0
2024-01-04 15:04:00,8602,574.8152871897772,37.03607410461156,-91.7199480133687,0
2024-01-04 15:05:00,4199,22.97321702636224,33.36218096951017,-97.69674465804103,0
2024-01-04 15:06:00,7103,33.15049564311896,39.79165626355142,-92.74109389735605,0
2024-01-04 15:07:00,1240,24.421368710820257,31.749790887207396,-94.1028786773602,0
2024-01-04 15:08:00,4440,139.0398868862075,37.53096124634003,-99.48766586317474,0
2024-01-04 15:09:00,5631,474.4942734358654,35.891636123824235,-91.00414249151646,0
2024-01-04 15:10:00,9274,27.024820345804265,32.33095600156542,-90.02017912872124,0
2024-01-04 15:11:00,6077,129.87564698053166,37.53613637140678,-92.91278560567706,0
2024-01-04 15:12:00,4768,14.792098000715889,34.47540210557851,-97.68492184830261,1
2024-01-04 15:13:00,8995,142.49029889200787,36.8239827554302,-94.45590405826951,0
2024-01-04 15:14:00,9802,316.82852983946634,36.62257245164642,-98.90619508137887,0
2024-01-04 15:15:00,7429,233.30728424634412,31.106434332480664,-97.01220780288308,0
2024-01-04 15:16:00,4605,62.35377616846141,38.39983024861748,-92.82743980586197,0
2024-01-04 15:17:00,3173,19.4371572625805,36.81474906378319,-96.98925767852148,0
2024-01-04 15:18:00,7568,54.64027421094188,37.80586712636665,-98.52794095169637,0
2024-01-04 15:19:00,3601,40.009250617939905,34.47765834964069,-99.92528814456381,0
2024-01-04 15:20:00,3657,34.92869021782174,31.950617217027965,-94.27485595767934,0
2024-01-04 15:21:00,7080,67.12455022325553,33.262135237473316,-90.31329477198223,0
2024-01-04 15:22:00,8325,51.08309186629262,39.014692283942566,-95.15866987586259,0
2024-01-04 15:23:00,3159,110.81297365779758,39.38018601851428,-97.87388059352695,0
2024-01-04 15:24:00,4830,111.53569952397002,34.81866398527288,-95.36719977023819,0
2024-01-04 15:25:00,9313,51.274904216022115,32.98795575149394,-93.97916279073624,0
2024-01-04 15:26:00,5368,84.12108799544272,37.30311124108498,-91.9863168315927,0
2024-01-04 15:27:00,2317,204.6672008322815,37.65993010266275,-95.47321389240517,0
2024-01-04 15:28:00,5493,32.085346984489554,38.15466297406914,-98.27047935411971,0
2024-01-04 15:29:00,2230,55.47279064834223,30.31083810722496,-98.11990050573945,0
2024-01-04 15:30:00,2133,19.524005899030684,30.09733872396633,-91.00273983551261,0
2024-01-04 15:31:00,8607,88.22268519521951,33.57155628281853,-97.6375811125222,0
2024-01-04 15:32:00,2301,66.58689599116258,31.524966177765098,-92.71982374899089,0
2024-01-04 15:33:00,2910,86.5627510012553,38.049818585141146,-97.3105121992522,1
2024-01-04 15:34:00,9082,20.31055694611101,35.328438535786425,-92.79437939606174,0
2024-01-04 15:35:00,9107,117.39750791838948,38.25348126361798,-99.21636270205464,0
2024-01-04 15:36:00,8970,60.46247175472474,31.76913076744135,-97.92606950661151,0
2024-01-04 15:37:00,2916,152.85623343996846,36.27222708861828,-95.91298708791157,0
2024-01-04 15:38:00,7996,35.24296970501002,35.801720908352735,-94.84683419940058,0
2024-01-04 15:39:00,3757,108.0301717431145,33.403783008392686,-96.47048937728559,0
2024-01-04 15:40:00,7464,85.20255661107514,35.170813005577614,-94.26483672223155,0
2024-01-04 15:41:00,1178,250.79876018130858,35.890275371247185,-96.74630163409574,0
2024-01-04 15:42:00,7362,48.60323547558046,38.89487804535821,-93.21561054272898,0
2024-01-04 15:43:00,9683,31.347159787514812,30.55638384756184,-94.8879295935763,0
2024-01-04 15:44:00,1060,33.321856732862095,38.233738668247604,-92.94890727145088,1
2024-01-04 15:45:00,7681,18.023563335393444,39.801563892809476,-95.69021038784766,0
2024-01-04 15:46:00,3895,33.01388296191503,37.31775058108632,-91.23499862961354,0
2024-01-04 15:47:00,1585,5.256196026048291,37.3734698226079,-96.17867227000662,0
2024-01-04 15:48:00,6823,214.59795045034986,32.17974297440096,-96.91866330549439,0
2024-01-04 15:49:00,1534,377.6802164857883,35.23073280949137,-94.42914982168767,1
2024-01-04 15:50:00,4462,47.106674485813635,37.05940320183265,-94.90827545990845,0
2024-01-04 15:51:00,5011,84.61414026819791,36.022810043529205,-94.81901926634411,0
2024-01-04 15:52:00,4398,64.32890790655198,33.85131607116781,-92.03869909053529,0
2024-01-04 15:53:00,3155,14.686675859031764,39.40118410055755,-94.1140323069455,0
2024-01-04 15:54:00,6966,152.36204008963568,35.13986741387873,-91.14734541117295,1
2024-01-04 15:55:00,8329,176.8762771198778,39.69875865435529,-93.8090301666074,0
2024-01-04 15:56:00,7957,19.278998620161005,35.63875681502423,-99.78298855905585,0
2024-01-04 15:57:00,6325,75.93588914298338,37.933834466829275,-91.29606455947406,0
2024-01-04 15:58:00,9518,41.9819062605767,37.4202310315382,-91.60215507304883,0
2024-01-04 15:59:00,5703,179.45455605123672,36.608237751929266,-99.51150132490484,0
2024-01-04 16:00:00,3706,50.25572366906673,30.14460845753811,-98.74715541422007,0
2024-01-04 16:01:00,1001,51.63537592290006,30.77429150500305,-94.43643989255806,0
2024-01-04 16:02:00,9316,337.26832138984787,35.81484288204642,-99.57147432135815,1
2024-01-04 16:03:00,2104,15.098333284148396,39.11781421735283,-95.88832021656586,0
2024-01-04 16:04:00,2861,69.96887013557259,36.01141666862845,-90.24639351921724,0
2024-01-04 16:05:00,6269,59.65934687525298,32.359959958378326,-98.27223850306086,0
2024-01-04 16:06:00,7943,29.856001819841698,33.20218401615547,-97.93904176764946,0
2024-01-04 16:07:00,9320,419.81802191090753,36.23159874080272,-93.2365161847935,0
2024-01-04 16:08:00,1437,76.44325415167118,35.970544656150174,-99.5602179094914,0
2024-01-04 16:09:00,5846,106.88709544554305,39.55702910215105,-91.79313838488022,0
2024-01-04 16:10:00,4129,123.29797458483908,35.29084564007549,-98.00968847466041,0
2024-01-04 16:11:00,9081,39.61253737682532,33.55014881973239,-94.68445835910721,0
2024-01-04 16:12:00,1901,189.0032573581566,35.24992756741418,-97.5123683905887,0
2024-01-04 16:13:00,6398,154.55259286002814,37.86233983270802,-93.411180628901,0
2024-01-04 16:14:00,7678,48.32261206827444,35.40363805783877,-94.12783907761084,0
2024-01-04 16:15:00,6529,139.52821092350794,33.26052550287714,-90.53560266256827,0
2024-01-04 16:16:00,7604,188.65801010274106,33.386210511050784,-95.54399244422943,0
2024-01-04 16:17:00,4918,120.91587667627061,37.568118192423505,-91.25121037275713,0
2024-01-04 16:18:00,2067,23.68354277691401,30.664482768612817,-94.24178163478248,0
2024-01-04 16:19:00,1026,49.78159183431585,32.747552761745126,-90.85537347811054,0
2024-01-04 16:20:00,7937,87.82712852629427,31.530375904085417,-97.08177936232026,0
2024-01-04 16:21:00,8264,70.25422871635053,39.44675633197231,-94.50238952059715,0
2024-01-04 16:22:00,8118,25.915135887036644,30.900942631681787,-96.09970358432227,0
2024-01-04 16:23:00,1547,40.99444491589649,37.581836095962565,-99.3410268254569,1
2024-01-04 16:24:00,9758,77.62322083366833,36.304255694691705,-94.25734197273141,0
2024-01-04 16:25:00,9895,12.070752942768006,36.32804400670971,-92.05771599414588,0
2024-01-04 16:26:00,6338,55.66380941782191,37.63433027147885,-94.437963723089,0
2024-01-04 16:27:00,4140,109.57888760686053,34.00487972073793,-97.20657835844374,1
2024-01-04 16:28:00,8996,72.4529970789824,34.00743364997274,-97.36170963315597,0
2024-01-04 16:29:00,2590,23.162191916726307,32.88705782237456,-97.62161459062546,0
2024-01-04 16:30:00,8776,27.618553138163296,35.97750036885661,-90.20368371556191,0
2024-01-04 16:31:00,5943,241.53037284679496,39.29805252110258,-96.0078045877167,0
2024-01-04 16:32:00,9997,21.37780419427048,39.23983199390931,-96.83130236357162,0
2024-01-04 16:33:00,8798,178.69274806512658,37.02960672181385,-95.81531924254759,1
2024-01-04 16:34:00,4791,29.332165567455633,39.0618577103305,-98.84202073483516,0
2024-01-04 16:35:00,2357,169.04654750772178,39.63518828355768,-98.03980471716501,0
2024-01-04 16:36:00,9092,93.79428918691369,37.951049430027915,-94.91097858209437,0
2024-01-04 16:37:00,4225,38.550035990531796,34.07833328943346,-92.01152836037622,0
2024-01-04 16:38:00,3460,9.33219048204905,34.83224966331705,-91.23573309885144,0
2024-01-04 16:39:00,9737,81.3342901739571,39.312569200955984,-91.3401523241639,0
2024-01-04 16:40:00,3728,65.46810887282805,36.700080752747105,-90.55249131576139,0
2024-01-04 16:41:00,7726,82.59199631328994,38.206939611861756,-98.74228476221813,0
2024-01-04 16:42:00,8481,93.63474203216072,31.16114035745418,-99.59029715658487,0
2024-01-04 16:43:00,7430,14.671002666721462,31.93901415090644,-98.94268781950535,0
2024-01-04 16:44:00,4114,80.90469094832555,33.44108467322969,-93.99257746667548,1
2024-01-04 16:45:00,1616,114.72531140072569,31.882406555595526,-94.43881014223426,0
2024-01-04 16:46:00,4644,113.37973683826294,39.0646506465154,-93.28789936929687,0
2024-01-04 16:47:00,7413,15.594891242374025,32.16890546997472,-96.28909359584271,0
2024-01-04 16:48:00,2203,173.17432516164678,35.57183714330496,-96.08411194048693,0
2024-01-04 16:49:00,3565,83.82233412751383,30.85453870149477,-94.54424910141749,0
2024-01-04 16:50:00,4174,95.1588854278526,31.549618465238687,-99.20943886569492,0
2024-01-04 16:51:00,4081,22.293606646295295,32.47415134971205,-92.00127833863898,0
2024-01-04 16:52:00,3630,116.40694335803198,39.82893401484386,-90.77144451902306,0
2024-01-04 16:53:00,4161,9.738488805426787,37.97063757003912,-96.1265479927072,0
2024-01-04 16:54:00,5321,23.378180465061003,36.73555058769569,-92.60427572737699,0
2024-01-04 16:55:00,9861,193.75302529409961,39.16261983849802,-94.51165279723122,0
2024-01-04 16:56:00,7269,110.89617885336688,39.56208659367615,-97.63991405671618,0
2024-01-04 16:57:00,8099,73.07659140805214,34.53572914278749,-99.32202210163913,0
2024-01-04 16:58:00,8376,140.29030421852758,33.27689449442628,-97.54101089319835,0
2024-01-04 16:59:00,5078,150.38409791042267,33.153153268542745,-93.95093845355666,0
2024-01-04 17:00:00,6801,116.50278498231066,30.357291020814486,-99.59770223973908,0
2024-01-04 17:01:00,5151,43.92888402682732,32.79638093726338,-91.63809269275448,0
2024-01-04 17:02:00,9911,22.690661666895963,33.55045967193744,-90.29693806354352,0
2024-01-04 17:03:00,3600,28.122981125361864,30.368988394487335,-99.16498088056869,0
2024-01-04 17:04:00,7175,223.7630592977178,38.82604815618896,-97.53302069275652,0
2024-01-04 17:05:00,1666,15.248808714803296,38.478567357997434,-93.24366384555755,0
2024-01-04 17:06:00,1283,89.1948590669026,32.51500919934403,-91.93919676574903,0
2024-01-04 17:07:00,6840,89.33194270406035,38.02558900309585,-96.54005908312303,0
2024-01-04 17:08:00,4565,236.99928711166692,37.962118790817144,-94.84761569673542,0
2024-01-04 17:09:00,5593,89.08216456321966,33.35012759735051,-91.08240597037057,0
2024-01-04 17:10:00,2465,35.75808034486733,36.970680386310946,-96.15601658050603,0
2024-01-04 17:11:00,9321,36.32566123601422,32.898578380301345,-99.18461726537491,0
2024-01-04 17:12:00,5734,54.283449471396736,30.702762358877,-90.05105878104348,0
2024-01-04 17:13:00,7257,169.46887020231352,35.047978339289784,-98.19719794536783,0
2024-01-04 17:14:00,8366,122.30523651577266,34.383270408790594,-99.5121818240128,0
2024-01-04 17:15:00,4672,18.43569441203293,31.381529145193788,-95.89346402583334,0
2024-01-04 17:16:00,8382,72.14390647446379,34.905533369900844,-98.78536478706567,0
2024-01-04 17:17:00,7587,124.61929301525059,39.49375745756916,-90.21266615574204,0
2024-01-04 17:18:00,1992,43.06991021399466,37.3139314718913,-96.19206143937737,0
2024-01-04 17:19:00,7858,6.296699285833791,37.38872309945794,-91.74188867090892,0
2024-01-04 17:20:00,3121,44.85911868748415,37.5755079508229,-98.23394610495549,0
2024-01-04 17:21:00,3223,12.364757633086583,37.44633807268546,-98.61185243249815,0
2024-01-04 17:22:00,5522,10.554423445738427,30.199014354006067,-93.50706869952114,0
2024-01-04 17:23:00,4188,158.4067194150162,39.24690935693931,-90.90689864190165,0
2024-01-04 17:24:00,4237,679.278106399274,38.301377644387735,-98.85463545040015,0
2024-01-04 17:25:00,5136,213.63852552067846,32.74579407433003,-94.10746034335078,0
2024-01-04 17:26:00,1343,4.012469941356342,35.5274350483663,-99.15060508582015,0
2024-01-04 17:27:00,5704,45.923974889678846,36.15005929953167,-91.87837055988113,0
2024-01-04 17:28:00,5823,30.27467617038845,31.31945029116245,-90.90694086428297,0
2024-01-04 17:29:00,5920,12.541932994494156,32.53963376857128,-93.71205696775567,0
2024-01-04 17:30:00,4201,86.90875221078389,30.23250435284152,-93.11656897458721,0
2024-01-04 17:31:00,6471,45.38611653142721,38.639517200542656,-99.44563535387978,0
2024-01-04 17:32:00,1888,17.045912014251737,30.249050697462003,-99.27022813113918,0
2024-01-04 17:33:00,8127,6.984230040497889,33.18695837860867,-98.2032944400728,0
2024-01-04 17:34:00,4720,29.69812375245274,30.782464929462233,-97.26171532668123,0
2024-01-04 17:35:00,3883,55.0315713326701,37.814059261710526,-92.40143883160147,0
2024-01-04 17:36:00,5212,48.5009416414467,39.24982773071188,-95.645707529871,0
2024-01-04 17:37:00,7961,158.02959651629635,35.628156198177926,-99.21750313253304,0
2024-01-04 17:38:00,3415,76.55305525027848,31.395668173083216,-91.47354937715315,0
2024-01-04 17:39:00,4001,38.68188066353305,35.581608582861016,-90.06173297423038,0
2024-01-04 17:40:00,2738,24.113513534923488,37.70341239452679,-95.4497370729494,1
2024-01-04 17:41:00,2364,9.291253205517814,37.184162052263005,-94.88235994424429,0
2024-01-04 17:42:00,3708,18.333392793485515,37.417190058665554,-99.21490560799035,0
2024-01-04 17:43:00,1924,212.36804081765615,32.791738425534774,-96.16982569112702,0
2024-01-04 17:44:00,1151,129.62853937796532,30.737375225842424,-96.28195640109884,0
2024-01-04 17:45:00,9777,72.87664619737058,31.489636385484502,-90.34208487018442,0
2024-01-04 17:46:00,9044,33.312433609130615,39.55506485078941,-93.39568490839737,1
2024-01-04 17:47:00,1912,188.8626041608711,36.13513987095981,-92.17816839753078,0
2024-01-04 17:48:00,3321,19.86349490781558,37.27899605863926,-98.7166794940191,0
2024-01-04 17:49:00,1495,20.091973898677224,38.99064591780606,-95.83073118257322,0
2024-01-04 17:50:00,3148,49.72573031324339,38.52754566551292,-98.08447197692769,0
2024-01-04 17:51:00,1556,6.1525154994490014,32.18401849719119,-91.39811021715862,0
2024-01-04 17:52:00,2552,19.30807183708593,30.580600446087537,-98.47627624742199,0
2024-01-04 17:53:00,3120,43.11070345914181,39.25128200863459,-95.6112878099714,1
2024-01-04 17:54:00,4085,34.42441340659094,39.81668292637757,-99.46349718246246,0
2024-01-04 17:55:00,4504,20.322832319989388,35.67344193513975,-93.65705705799562,0
2024-01-04 17:56:00,1156,417.96468077584035,38.884019148377796,-95.18075250052239,1
2024-01-04 17:57:00,9926,213.41961265691594,32.31816049714753,-95.02033227559889,0
2024-01-04 17:58:00,8505,303.26335412309453,31.110387045898513,-98.98381089408224,0
2024-01-04 17:59:00,8162,49.44968593440046,34.99816937408414,-94.86018814782932,0
2024-01-04 18:00:00,6523,33.49559747904585,38.11183419483786,-94.36216509217445,0
2024-01-04 18:01:00,8543,270.8766246623769,36.54653623240333,-90.37159913322668,0
2024-01-04 18:02:00,9055,59.4542055715272,36.373201681437656,-99.66777316714493,0
2024-01-04 18:03:00,5654,18.906585692919688,30.17458908225166,-90.77286390508436,0
2024-01-04 18:04:00,7250,20.266497350911436,33.17492892365091,-95.20435542068415,0
2024-01-04 18:05:00,8246,39.47123944741659,39.39495786522481,-97.89885474509026,0
2024-01-04 18:06:00,1154,53.40901177853139,31.342735395169235,-93.34453917048775,0
2024-01-04 18:07:00,8950,59.23194620619093,37.26365945187154,-94.8294778274704,0
2024-01-04 18:08:00,1996,45.44102416631005,37.59311153808045,-97.73244983570272,0
2024-01-04 18:09:00,5626,566.5719909686327,37.32833243192289,-93.73173154164432,0
2024-01-04 18:10:00,3905,14.109932781970691,39.892848941001766,-95.26737724815122,0
2024-01-04 18:11:00,1153,106.98742031583762,34.09208211351925,-93.10985381638046,0
2024-01-04 18:12:00,8853,33.870596318467726,36.821933922090196,-93.10923071870607,0
2024-01-04 18:13:00,7481,52.52107465373564,31.936551133838023,-95.27184680989096,0
2024-01-04 18:14:00,6599,139.83951284524733,33.99709915871088,-96.09203789078359,0
2024-01-04 18:15:00,2716,9.182056655465718,34.91560602433127,-99.36755758572983,0
2024-01-04 18:16:00,1786,21.20272596262746,32.148275411000256,-95.06153402039158,0
2024-01-04 18:17:00,5368,47.767267023456846,39.0681074235886,-97.56884970911572,0
2024-01-04 18:18:00,9096,238.94939063653976,37.161978304673625,-99.46752535374348,0
2024-01-04 18:19:00,5272,237.69294867429542,32.837577680924944,-96.69619769562564,0
2024-01-04 18:20:00,4767,195.84067343116877,31.349564392975942,-99.12530981272195,0
2024-01-04 18:21:00,9834,6.089781433002465,32.87867328422508,-94.20258177071432,0
2024-01-04 18:22:00,6994,19.110364478389243,36.22985382243084,-94.96330935286923,0
2024-01-04 18:23:00,8216,19.912842386661453,38.26408638310286,-92.07571002603912,0
2024-01-04 18:24:00,9857,51.6641829302727,35.0316825705516,-97.32366456360751,0
2024-01-04 18:25:00,4426,8.558915323022314,31.02494673504514,-96.28470934529997,0
2024-01-04 18:26:00,4783,163.67725585087547,32.493148664110905,-93.11049611361594,0
2024-01-04 18:27:00,6427,7.430643215665651,33.451439193895524,-90.07055479768488,0
2024-01-04 18:28:00,8011,153.3198010738053,36.36136253711027,-90.95830242553545,0
2024-01-04 18:29:00,9052,130.43027611275352,32.466433753616755,-94.79175101556523,0
2024-01-04 18:30:00,4701,18.276480206869923,32.33928392653892,-93.22052704133387,0
2024-01-04 18:31:00,3349,192.8580793807478,32.86201868621194,-94.68077673424021,0
2024-01-04 18:32:00,8011,39.12608364153775,35.92529044453549,-95.65194468095538,0
2024-01-04 18:33:00,8055,30.183668773700038,34.92630283942167,-93.97702310461703,0
2024-01-04 18:34:00,2212,35.82165111091444,38.416359533024405,-96.1350077467443,0
2024-01-04 18:35:00,7965,39.02948819571871,36.979323144133126,-97.1981164425894,1
2024-01-04 18:36:00,7704,42.79092446567968,36.668218719563306,-92.94326097198315,0
2024-01-04 18:37:00,8433,43.773415367358126,31.546500620046135,-91.28026587119304,0
2024-01-04 18:38:00,3511,22.413962427832267,30.552277986121858,-97.11975693949351,0
2024-01-04 18:39:00,1143,28.27007832420274,35.09998864559272,-92.93108382261113,0
2024-01-04 18:40:00,8367,30.827203274238027,30.716416653715363,-95.6598099630875,0
2024-01-04 18:41:00,4228,290.8275024408068,33.64017915926336,-96.97914962815419,0
2024-01-04 18:42:00,5582,30.8410774881286,30.261123483615886,-93.78889021456813,0
2024-01-04 18:43:00,7031,28.92295346458382,31.768089766298512,-90.60585537755847,0
2024-01-04 18:44:00,5243,248.7202585707141,31.103678686892273,-96.48308518673247,0
2024-01-04 18:45:00,3713,39.566830085199584,38.009850039758746,-92.40520697820278,0
2024-01-04 18:46:00,5185,22.415849437754385,33.461261525661534,-96.85301917522736,0
2024-01-04 18:47:00,8328,18.048141841657337,30.788465182719968,-91.96131618818391,0
2024-01-04 18:48:00,5633,13.195021044246426,32.65480204539679,-92.40015275605764,0
2024-01-04 18:49:00,4192,93.80188712858606,36.82808086069909,-92.34367228374907,0
2024-01-04 18:50:00,1300,8.985833026063268,37.456352721723555,-90.02291931998093,0
2024-01-04 18:51:00,1723,209.83839909325607,31.198651298495214,-98.59482428193586,0
2024-01-04 18:52:00,6694,49.832563751858565,37.78566439933933,-96.11160766877305,0
2024-01-04 18:53:00,4010,35.266221832118966,33.70559158217078,-93.69187833341584,0
2024-01-04 18:54:00,6555,43.451460361819365,36.793826689350034,-94.09524527556457,0
2024-01-04 18:55:00,1067,86.75227601319378,36.71507789296944,-92.19366915393786,0
2024-01-04 18:56:00,3506,34.129460863937474,37.93592721077639,-99.53090418254124,0
2024-01-04 18:57:00,2537,45.070516117810634,36.97182780309046,-92.94948831225719,0
2024-01-04 18:58:00,1397,156.50372530960132,30.388683566725003,-92.6227604337766,0
2024-01-04 18:59:00,6680,77.2390871709386,35.19481110889548,-99.38898884048652,1
2024-01-04 19:00:00,5825,15.643228514996068,31.66181173470972,-94.61317642768137,0
2024-01-04 19:01:00,9747,26.903372905742934,39.6996453749269,-97.5500729551092,0
2024-01-04 19:02:00,7048,9.194296535027451,32.558345385110975,-91.9837273862867,0
2024-01-04 19:03:00,4661,101.01273212187161,34.20107351269223,-99.50386393806245,1
2024-01-04 19:04:00,3941,112.39279587658598,31.967021517734374,-98.53835852704034,0
2024-01-04 19:05:00,8067,21.448066471538166,31.345891338179634,-98.95546228710127,0
2024-01-04 19:06:00,6091,547.2207795017302,36.009296006037104,-99.34782294548415,0
2024-01-04 19:07:00,2601,625.0840101927051,34.931796487415205,-93.9992633698263,1
2024-01-04 19:08:00,2480,55.85781998013908,33.746597341030416,-91.31453077438465,0
2024-01-04 19:09:00,7230,24.597195906484068,30.854190221515253,-94.89026875335462,0
2024-01-04 19:10:00,4276,71.79402026952116,37.35959364668568,-97.89418478085817,0
2024-01-04 19:11:00,7447,24.021951545753886,30.058562978984188,-96.56203731508029,0
2024-01-04 19:12:00,6499,141.17952340531662,34.57661588329319,-96.39633777929946,0
2024-01-04 19:13:00,7273,64.48026809741054,36.32571980795334,-95.48364602335704,0
2024-01-04 19:14:00,2299,69.28813413878528,34.307108356093465,-95.79461634050078,0
2024-01-04 19:15:00,6818,317.08370906539375,31.26208983911194,-93.28848747609123,0
2024-01-04 19:16:00,7701,29.399470788028186,37.78249886185035,-96.6008782896349,0
2024-01-04 19:17:00,5994,30.600278436358884,33.23943952303622,-93.37034607188114,0
2024-01-04 19:18:00,8489,128.81412314623182,31.34755551181933,-94.53226549004935,0
2024-01-04 19:19:00,9269,35.80195938260319,35.50265814746404,-99.51491152949006,0
2024-01-04 19:20:00,3831,271.4645125148044,30.191715575640153,-90.80327915783539,0
2024-01-04 19:21:00,3721,148.4868847989864,33.24063690744944,-98.22042606425246,0
2024-01-04 19:22:00,2532,37.661520353809635,37.50642369593401,-95.48471144060814,0
2024-01-04 19:23:00,9429,8.921224100604736,39.12711329364174,-90.52402798771632,0
2024-01-04 19:24:00,6253,12.778402664911079,35.91727459440488,-97.52666798564792,0
2024-01-04 19:25:00,2996,33.7248157494875,32.17611585397282,-99.77835451460139,0
2024-01-04 19:26:00,6311,81.83539637957439,32.200001507141465,-95.09950175072588,1
2024-01-04 19:27:00,1277,164.39582851465033,36.03871664212397,-97.76068803959787,1
2024-01-04 19:28:00,4089,43.93504971261666,34.0676170683873,-94.1797247679537,0
2024-01-04 19:29:00,1523,22.44598447593486,31.772642987759035,-91.82891887323228,0
2024-01-04 19:30:00,5275,47.43015459535969,37.87397039673721,-94.8878008435539,0
2024-01-04 19:31:00,6365,55.72168289192614,32.0024303650123,-93.54970655116593,0
2024-01-04 19:32:00,4122,201.32999286178682,33.21640834648399,-93.33847604172593,0
2024-01-04 19:33:00,9167,190.45657042355938,30.614294387781044,-91.79465503394931,0
2024-01-04 19:34:00,6190,20.04736699447067,37.01372113102662,-93.12073191021587,0
2024-01-04 19:35:00,5575,85.97802998021852,32.75277927602147,-90.23827848208418,1
2024-01-04 19:36:00,8727,23.246484691981617,32.328669623483414,-95.43788746910633,0
2024-01-04 19:37:00,2797,23.912423523210233,33.03358286022254,-99.49741626472985,0
2024-01-04 19:38:00,3131,154.26555694491378,38.74130532972708,-96.05973096517751,0
2024-01-04 19:39:00,8322,44.73215202495909,35.18018570472831,-91.60121957346772,0
2024-01-04 19:40:00,7500,103.53003196970577,31.578847298671967,-98.66932346628664,0
2024-01-04 19:41:00,1815,93.19878228900313,37.74480887284679,-92.64060147419603,0
2024-01-04 19:42:00,9634,50.42638869086531,32.08453245629485,-94.64338541707872,0
2024-01-04 19:43:00,7666,76.17152708111708,34.12476148189573,-90.99333902923613,0
2024-01-04 19:44:00,1142,66.94379647201598,35.68075819247862,-92.68810333281799,0
2024-01-04 19:45:00,2410,17.28000777586448,35.8444291472971,-93.39475889433947,0
2024-01-04 19:46:00,1534,88.88341681324127,30.690321165072714,-91.13122070701667,0
2024-01-04 19:47:00,4364,26.95051738516317,38.36804491703043,-90.91780072706915,0
2024-01-04 19:48:00,2032,18.744591843309305,34.79430759937862,-96.15083295564695,0
2024-01-04 19:49:00,4342,128.33492168930005,39.89260699717893,-90.72152688155947,0
2024-01-04 19:50:00,7085,30.225341456846444,37.17442407947592,-99.45301998137182,0
2024-01-04 19:51:00,5500,165.78439678207098,39.92568904283918,-92.37433372113153,0
2024-01-04 19:52:00,2172,163.7530906497427,34.53475248065109,-96.63469057884316,0
2024-01-04 19:53:00,5517,33.89437115270387,31.40781407240678,-95.1260305443429,0
2024-01-04 19:54:00,9007,158.91046684628046,37.27309377029647,-91.64250113985877,0
2024-01-04 19:55:00,2641,36.99100665156049,37.77760282483116,-93.62961276134186,0
2024-01-04 19:56:00,1471,50.98901607289415,38.52835267882496,-95.4250897546657,0
2024-01-04 19:57:00,3940,89.4594992664982,33.014490256063105,-98.36066757216769,0
2024-01-04 19:58:00,9738,419.639669547853,35.106839841153274,-90.60735204489555,0
2024-01-04 19:59:00,5726,139.8957001715126,38.57505573360398,-96.6752252345869,1
2024-01-04 20:00:00,8670,51.53238509500242,38.64736236611899,-98.98838476373191,0
2024-01-04 20:01:00,4723,60.53988210304474,30.25683843056141,-94.35853252836883,0
2024-01-04 20:02:00,1363,11.210799640026218,36.70916784053492,-95.93720208788542,0
2024-01-04 20:03:00,4309,149.12747855013328,36.01687349570782,-94.09488839562695,0
2024-01-04 20:04:00,1545,133.93260768345627,30.833377773612057,-97.66470037632368,0
2024-01-04 20:05:00,4240,72.49316679901747,39.30136079511959,-96.2127113490628,0
2024-01-04 20:06:00,7665,111.91684495024326,34.453722938425706,-90.27491626283621,0
2024-01-04 20:07:00,2936,7.205267814368355,36.74257710127405,-90.63463790962669,0
2024-01-04 20:08:00,1882,18.50857953735814,38.82797795503116,-91.3561825618494,0
2024-01-04 20:09:00,4840,330.78665296649496,31.301210708638852,-92.20879137590943,0
2024-01-04 20:10:00,7923,42.193773702751066,38.55843143504734,-98.43440225131997,0
2024-01-04 20:11:00,5611,116.44661963474016,37.24305629731157,-95.33069410056896,0
2024-01-04 20:12:00,6204,25.877152546874047,38.39592321957159,-92.72097214122334,0
2024-01-04 20:13:00,8288,35.087057653617606,34.948357051738704,-97.3823243415202,0
2024-01-04 20:14:00,4203,348.86421611799915,30.334848535377446,-99.66925786842862,0
2024-01-04 20:15:00,3244,46.64418094900945,36.70515843710632,-95.8190110067579,0
2024-01-04 20:16:00,1018,92.16312221162293,33.74532428420174,-95.7485860359198,0
2024-01-04 20:17:00,1641,62.20626956296564,34.02415834362884,-99.34899742577707,0
2024-01-04 20:18:00,4083,69.85468621345356,34.4126220150638,-96.79384420860505,0
2024-01-04 20:19:00,6200,67.50672318158576,34.929096357818175,-90.82699940212542,0
2024-01-04 20:20:00,9521,7.556413929484725,36.61934232565937,-97.49703192962384,0
2024-01-04 20:21:00,1865,87.97615983051037,37.267756762518744,-94.30840182748699,0
2024-01-04 20:22:00,1773,31.892491455483608,37.76842286361625,-95.12118019703286,0
2024-01-04 20:23:00,5732,323.6190887813041,36.71606191101472,-91.37874218875686,0
2024-01-04 20:24:00,4518,25.213000549423448,38.03479419920744,-93.46449756252133,0
2024-01-04 20:25:00,7795,34.06936680845696,31.22149207890601,-98.41570505194794,0
2024-01-04 20:26:00,7984,630.2483799396281,38.368176661978396,-98.57131273156443,0
2024-01-04 20:27:00,3567,112.5508225208049,33.8727908715946,-94.42512772473678,0
2024-01-04 20:28:00,2674,20.421351434332077,35.2877667576398,-99.53533637644205,0
2024-01-04 20:29:00,1739,65.13168603001492,34.33779400494886,-96.06469054010566,0
2024-01-04 20:30:00,2545,16.112669184887206,34.757172044082054,-96.009889208485,0
2024-01-04 20:31:00,6127,70.63930334021515,32.854276851244734,-98.0366687879033,0
2024-01-04 20:32:00,7947,24.425350730891235,31.69950910799673,-96.98987790663044,0
2024-01-04 20:33:00,7620,352.42874690152064,31.048947330432718,-96.70051758599037,0
2024-01-04 20:34:00,5555,83.16981436901867,34.51398839068067,-99.88241400847204,0
2024-01-04 20:35:00,6645,92.53178281639083,31.252609965519387,-91.94108596439045,0
2024-01-04 20:36:00,9943,141.1398618668018,32.44988472547941,-90.42553750785316,0
2024-01-04 20:37:00,8124,157.84651663555476,31.33615885626165,-97.10733475831002,0
2024-01-04 20:38:00,4732,27.41060728724638,31.091212315752898,-98.88014442347468,0
2024-01-04 20:39:00,3283,60.037462180277636,38.824611478477514,-90.46447856814997,0
2024-01-04 20:40:00,9669,34.971061209494614,36.740259530086846,-92.59448978841047,0
2024-01-04 20:41:00,7998,443.22302945700113,39.23759111868918,-91.0885757175257,0
2024-01-04 20:42:00,6413,5.555203066745466,36.44012158232911,-96.39123848625071,0
2024-01-04 20:43:00,2269,30.71926503169485,38.43951024033847,-95.15937724237494,0
2024-01-04 20:44:00,8868,50.40238951133018,35.5529858926964,-90.69760293914774,0
2024-01-04 20:45:00,3603,62.61068216129367,34.62630050675225,-95.40447552891254,0
2024-01-04 20:46:00,6961,61.34531488043851,35.28477401003397,-93.27904706090753,0
2024-01-04 20:47:00,9569,52.13560630835698,33.20225494476775,-92.95201205190156,0
2024-01-04 20:48:00,8557,46.41311243124309,36.57972390993791,-91.62886157439343,0
2024-01-04 20:49:00,2680,69.4979300421861,38.9717490167068,-90.24821008888665,0
2024-01-04 20:50:00,9433,86.61759751709295,37.8235344648779,-96.6510066690005,0
2024-01-04 20:51:00,6682,327.2449187521005,34.62000010737285,-97.52549150676377,0
2024-01-04 20:52:00,9084,324.3620413578516,39.539190858269805,-99.2229405081458,0
2024-01-04 20:53:00,6367,73.77329871456952,39.8542309411811,-91.43462476463411,0
2024-01-04 20:54:00,1069,33.269944209236115,34.931006097302,-97.07320128099371,0
2024-01-04 20:55:00,4924,35.68080036145139,38.64639841312781,-99.50387204652291,0
2024-01-04 20:56:00,7200,14.67152197780948,30.04770256178125,-91.34729527180853,0
2024-01-04 20:57:00,3007,141.6323244143111,30.666555917466734,-94.9009057215756,0
2024-01-04 20:58:00,9992,52.20954439028217,30.22389408928778,-91.61686795450352,0
2024-01-04 20:59:00,9119,84.5431108801057,37.73162997347622,-94.4551804023442,0
2024-01-04 21:00:00,3779,76.22940778528593,30.79779111443235,-96.86270251235332,1
2024-01-04 21:01:00,5920,27.177232686201624,30.170505460641785,-98.70218408278176,0
2024-01-04 21:02:00,1755,24.020745516997582,31.474187733552597,-95.62838487229553,0
2024-01-04 21:03:00,7495,34.71207145577674,33.062947912985436,-99.73450957406519,0
2024-01-04 21:04:00,6935,88.74138265506173,34.64700681897457,-93.97540557157303,0
2024-01-04 21:05:00,3330,50.36257448323474,30.654032847161172,-95.7233536328702,0
2024-01-04 21:06:00,6705,9.343581861611776,34.98982233550923,-98.58476365858463,0
2024-01-04 21:07:00,9301,19.606359321983494,32.480614610446004,-94.69765509187147,0
2024-01-04 21:08:00,2016,41.78879142596347,32.743714950976226,-91.99089302839178,0
2024-01-04 21:09:00,8347,52.96279212164703,38.21902251647863,-90.25199713819768,0
2024-01-04 21:10:00,9216,91.42137981808597,39.86923576052338,-94.72641501915852,0
2024-01-04 21:11:00,5938,56.78436189276199,34.638640292616174,-98.7044903895676,0
2024-01-04 21:12:00,3838,37.98865990408504,33.21770695154496,-91.89293814255498,0
2024-01-04 21:13:00,1737,36.705025233772744,39.31448176159569,-93.0421141101803,0
2024-01-04 21:14:00,7200,66.78393408080208,35.004484464663165,-90.46028752445659,0
2024-01-04 21:15:00,9371,82.93431993275125,37.303535711807214,-94.64787002216003,0
2024-01-04 21:16:00,1231,39.25965188140565,34.13740030959884,-96.42896084881652,0
2024-01-04 21:17:00,2917,18.58409134871845,32.0254857765816,-90.37159879536742,0
2024-01-04 21:18:00,9534,49.4713934180367,36.54885112567626,-94.61555418563793,0
2024-01-04 21:19:00,6918,28.506679288085014,36.6484264953672,-99.84094323691767,0
2024-01-04 21:20:00,3623,72.79012492421985,34.601838500789505,-95.263309873163,0
2024-01-04 21:21:00,9646,240.02610463146314,32.69949635080836,-99.97621969067613,0
2024-01-04 21:22:00,7401,14.131915400177483,38.318134920627486,-92.62292186677041,1
2024-01-04 21:23:00,8072,172.5516646241952,32.75318124385577,-94.34054886441326,0
2024-01-04 21:24:00,3276,87.27286531943604,36.59023986266792,-98.90198888009603,0
2024-01-04 21:25:00,8393,164.4885085182745,33.83985623892697,-91.86988692753035,0
2024-01-04 21:26:00,9787,35.31315638183232,34.724806779377296,-94.63562762785753,0
2024-01-04 21:27:00,4874,12.8580784383607,32.11402661500472,-98.85939622317169,0
2024-01-04 21:28:00,5530,65.34596990134304,36.49479945479365,-98.39989124741172,0
2024-01-04 21:29:00,8164,221.33674095514172,32.25825833619185,-91.77896148129156,0
2024-01-04 21:30:00,5497,18.90598206417005,34.85714046607614,-96.44513124534816,0
2024-01-04 21:31:00,8933,21.970218129366614,33.284593931464066,-91.78903924151177,1
2024-01-04 21:32:00,3135,98.21890281137577,39.63605732784622,-99.30496642062208,0
2024-01-04 21:33:00,7727,32.71367253092712,39.82221095893547,-97.56140937705896,1
2024-01-04 21:34:00,2565,288.9012814234482,37.53491307338044,-92.35417404274736,1
2024-01-04 21:35:00,1308,104.8022984194928,39.83917494854772,-93.58297879079967,0
2024-01-04 21:36:00,9534,26.59642169546104,31.13550642807738,-96.93175481006746,0
2024-01-04 21:37:00,9627,31.042388779549253,39.92324654013449,-90.63973563100356,0
2024-01-04 21:38:00,9368,32.29439824440925,31.03555916370844,-97.88933764550116,0
2024-01-04 21:39:00,1138,52.30435534053176,34.15451773679088,-91.5022043057237,0
2024-01-04 21:40:00,1193,74.0285884557089,32.389475701544534,-93.04256128438293,0
2024-01-04 21:41:00,4257,68.81562657863321,39.53845963405191,-98.78882924538398,1
2024-01-04 21:42:00,4235,17.730667919187926,36.35789934799141,-94.448843724095,0
2024-01-04 21:43:00,1942,134.54189330537636,35.97127533823442,-90.70092419268043,0
2024-01-04 21:44:00,5620,40.85049474998515,39.974385048873266,-93.8110395110805,0
2024-01-04 21:45:00,6720,21.595055830460225,36.12426103890754,-94.71192601625575,0
2024-01-04 21:46:00,7353,34.3621215330559,36.46159880936034,-96.33676809313859,0
2024-01-04 21:47:00,5957,150.55188901046134,30.44774299296759,-92.11211859309785,1
2024-01-04 21:48:00,4381,66.04414138021075,38.590506020335376,-90.86940786116358,0
2024-01-04 21:49:00,6839,72.06449867255711,39.70089431742124,-92.46683211856845,0
2024-01-04 21:50:00,3880,16.9456623463038,39.60311150523687,-92.74750640456068,0
2024-01-04 21:51:00,5887,62.31693137610011,32.21105609538069,-98.07509630901717,0
2024-01-04 21:52:00,1545,148.0472929772771,32.25915343970159,-91.66013658068944,0
2024-01-04 21:53:00,2927,8.99816006472897,33.660471252131785,-99.59304144898934,0
2024-01-04 21:54:00,5152,37.00490079586284,33.10210070917567,-92.4263852346403,0
2024-01-04 21:55:00,1004,101.81740008662237,33.056146473974955,-97.89129965551778,0
2024-01-04 21:56:00,6533,63.959125769932754,36.052167171350916,-95.1273873001551,0
2024-01-04 21:57:00,6378,19.711357937866445,38.056080068369496,-93.04766052968571,0
2024-01-04 21:58:00,7233,81.30950019821455,39.367681606746004,-92.40921586927982,0
2024-01-04 21:59:00,3663,16.989388552516942,30.678604785773324,-91.11916058805858,0
2024-01-04 22:00:00,4326,22.93015750109355,32.77978476384115,-97.17407855705142,0
2024-01-04 22:01:00,4659,25.468493939564855,32.55013773442955,-97.75679756971427,0
2024-01-04 22:02:00,2131,255.54235009513593,33.574396635738374,-90.03753792625186,0
2024-01-04 22:03:00,5763,10.280922230031328,34.24334263114571,-97.9244183121751,0
2024-01-04 22:04:00,7737,11.068514822960585,33.89171471703022,-93.34519253273646,0
2024-01-04 22:05:00,6092,72.48080149258823,39.521472093812,-90.4725530858446,0
2024-01-04 22:06:00,7022,60.63079222846702,34.37129056084386,-91.03444013020214,0
2024-01-04 22:07:00,4159,34.126232909659166,35.51592571084858,-95.56736562572748,0
2024-01-04 22:08:00,7159,55.35822186404997,37.48633280485907,-93.62418328886196,0
2024-01-04 22:09:00,8318,18.83016107073939,37.25084796986521,-94.7090371695637,0
2024-01-04 22:10:00,9445,59.86707047683191,35.82964566694569,-96.53344416882952,0
2024-01-04 22:11:00,6307,67.32889644974928,38.6083202349919,-98.55577898941947,0
2024-01-04 22:12:00,9520,183.9566474761173,36.241813089408275,-91.96605769323722,0
2024-01-04 22:13:00,4044,367.7047003186269,38.747588473886,-99.0955831227093,0
2024-01-04 22:14:00,6636,41.778595324215644,33.02765750582504,-93.90372618643559,0
2024-01-04 22:15:00,3892,15.282177800515699,31.320236769133356,-94.05630827489344,0
2024-01-04 22:16:00,6288,80.23616716959634,38.19520456549269,-96.65175661434517,0
2024-01-04 22:17:00,6812,47.760227089819864,33.82517907974909,-98.64591442501775,0
2024-01-04 22:18:00,1654,45.691567962142926,36.510845716412405,-92.0036287266941,0
2024-01-04 22:19:00,6481,10.901785091313059,37.37311196469594,-95.38075587882678,0
2024-01-04 22:20:00,1759,60.25680685700559,33.26710475427249,-92.74727108522048,0
2024-01-04 22:21:00,7782,83.33419690377258,35.05163388570039,-99.83514197946664,0
2024-01-04 22:22:00,2798,147.43756224444655,38.94926515139504,-99.25496835722977,0
2024-01-04 22:23:00,6159,32.934273518639245,38.79793235238472,-98.24152315472381,0
2024-01-04 22:24:00,9446,23.917663936335334,37.493570775127644,-98.86161916111688,0
2024-01-04 22:25:00,6262,32.67244739402434,37.627395319435024,-98.08293229038263,0
2024-01-04 22:26:00,4823,138.8895859302005,38.97684449081332,-93.1351193174385,0
2024-01-04 22:27:00,2876,218.35195552956955,37.36332387289916,-99.53002927487812,0
2024-01-04 22:28:00,7154,167.50116722357618,33.39585359303496,-99.6213438789295,0
2024-01-04 22:29:00,8787,104.34353725540113,31.207826796400187,-99.68347897516445,0
2024-01-04 22:30:00,5516,52.869116077421744,34.21884099974737,-93.02350875392469,0
2024-01-04 22:31:00,4734,61.78959342047246,30.873434158536764,-94.63864527604811,0
2024-01-04 22:32:00,6972,71.48884889820403,31.157707769907883,-96.29757588331113,0
2024-01-04 22:33:00,7639,42.431138425253884,39.5017209283657,-93.24392091890469,0
2024-01-04 22:34:00,6356,132.84472440536115,36.758869606024895,-94.4639572775185,0
2024-01-04 22:35:00,7380,10.456570326938504,38.51608700470299,-99.92665159423937,0
2024-01-04 22:36:00,2008,12.582112955710933,36.4289919327349,-91.61450255037951,0
2024-01-04 22:37:00,5314,10.438184271205612,34.18540028400071,-96.49815616808594,0
2024-01-04 22:38:00,3508,24.478829779874644,30.25158782461583,-96.00438736771015,0
2024-01-04 22:39:00,5758,209.80769858327884,39.55837036975038,-92.17710045039878,0
2024-01-04 22:40:00,3682,16.62726239481119,30.709324720525814,-98.12909184270397,0
2024-01-04 22:41:00,8311,17.250826739558125,36.101630660198325,-99.89928144555442,0
2024-01-04 22:42:00,1989,23.91803162994496,31.022032117305155,-90.91161655270095,0
2024-01-04 22:43:00,9446,165.25895088527238,32.841476785895686,-94.94521744458127,0
2024-01-04 22:44:00,5711,229.35886328167666,31.85817457298795,-96.50472869900287,0
2024-01-04 22:45:00,7479,150.6645655318443,35.53716915158877,-91.80954420380459,0
2024-01-04 22:46:00,7964,160.29927620009974,38.870753451221,-99.73705086804769,0
2024-01-04 22:47:00,9075,284.83273830589485,36.35622307797716,-97.97709178861318,0
2024-01-04 22:48:00,5452,9.056669878274471,36.641880195062605,-98.44711937525113,0
2024-01-04 22:49:00,9447,16.040424816236712,39.089314962133024,-92.6216931574393,0
2024-01-04 22:50:00,2007,27.092714108512595,37.494252279711056,-96.87913249317033,0
2024-01-04 22:51:00,7496,60.56567210646032,38.659558363840326,-92.27093254460479,0
2024-01-04 22:52:00,8688,60.36974364646806,34.163920918598656,-99.58523556062404,0
2024-01-04 22:53:00,4908,61.31893391864308,38.6535633777212,-93.91884422199841,0
2024-01-04 22:54:00,3803,125.74037118120776,36.458613885658444,-96.81779275626442,0
2024-01-04 22:55:00,5379,8.021724883017331,31.35607782741338,-98.13080064741695,0
2024-01-04 22:56:00,1098,47.44959648984465,30.38712508367066,-91.8323500758224,0
2024-01-04 22:57:00,9388,71.20828705826659,32.440344136857846,-95.87749876403433,0
2024-01-04 22:58:00,1877,39.42870609829214,33.78349648826691,-94.2837040278989,0
2024-01-04 22:59:00,2868,65.96579963767795,38.37567866080857,-99.66916156220458,0
2024-01-04 23:00:00,3665,151.74646620089237,37.41244557025297,-92.0837548272157,0
2024-01-04 23:01:00,2388,58.10326450600741,39.55375727806918,-97.13117454461273,0
2024-01-04 23:02:00,3415,463.0268021815783,35.59174798746506,-93.06593862228465,0
2024-01-04 23:03:00,9761,141.30027470895422,37.47741651607995,-92.39525415213906,0
2024-01-04 23:04:00,3637,71.24513523879138,32.75283385242625,-98.82883742527157,0
2024-01-04 23:05:00,8242,90.35353026268464,36.79577892895307,-97.04099436025436,0
2024-01-04 23:06:00,9613,114.81456399669926,37.06151202536286,-92.76559918010354,0
2024-01-04 23:07:00,3883,294.54209603392917,38.484153284195614,-97.67822452555525,0
2024-01-04 23:08:00,2204,176.67097004203362,35.36403510875084,-91.51826047945453,0
2024-01-04 23:09:00,1544,91.30501868121358,36.49005147595177,-96.8802646911685,0
2024-01-04 23:10:00,2223,26.34678598684822,32.03048810104899,-95.9766979243342,0
2024-01-04 23:11:00,4172,82.67585378375601,37.36759090126451,-99.0025665277119,0
2024-01-04 23:12:00,9959,97.41059017112126,38.38411722640135,-98.52324881390622,0
2024-01-04 23:13:00,7450,118.84890043177917,35.937377461864166,-97.24578371758436,0
2024-01-04 23:14:00,7520,26.208941552344744,31.156744623741982,-99.5109117175055,0
2024-01-04 23:15:00,1654,114.21372429461879,33.12857356311943,-98.06967720253836,0
2024-01-04 23:16:00,7821,121.57265163256741,34.7551465101129,-95.91056973333866,0
2024-01-04 23:17:00,3446,16.283201537400323,36.77162391402834,-96.2003775313275,0
2024-01-04 23:18:00,6892,16.421125463604458,33.20327107865226,-98.01305620173008,0
2024-01-04 23:19:00,9412,167.00359995361956,38.40291051339114,-99.19549316146549,0
2024-01-04 23:20:00,4666,23.215786240937668,33.717897913654035,-96.81852165165942,0
2024-01-04 23:21:00,5277,254.10187820459885,30.428363479469606,-92.54653392400682,0
2024-01-04 23:22:00,5402,41.30824697080208,37.93994416669835,-94.8990042782378,0
2024-01-04 23:23:00,3569,80.2277807086076,36.44223169511041,-90.53196025780072,0
2024-01-04 23:24:00,6515,76.42395761217402,38.019564947306975,-98.60113672256291,0
2024-01-04 23:25:00,4985,26.72315466071511,33.488898132668936,-97.92682055346283,0
2024-01-04 23:26:00,9167,219.3034374681064,30.17630192152646,-97.19700466361003,0
2024-01-04 23:27:00,8448,41.348006137213815,30.73752923657828,-99.86998100186959,1
2024-01-04 23:28:00,5310,57.90413629852989,31.118007807008272,-90.5661952154312,0
2024-01-04 23:29:00,4019,7.522017569993484,38.051475781557016,-95.54636168557032,0
2024-01-04 23:30:00,4681,14.347984927174826,33.01434754360157,-95.18350522768844,0
2024-01-04 23:31:00,5196,168.53252949890324,39.978985094224626,-98.42142573501411,0
2024-01-04 23:32:00,1572,54.296928801126874,37.583883964968855,-91.27302309892434,1
2024-01-04 23:33:00,5753,30.399725895048594,36.011549530902315,-93.07367763356932,0
2024-01-04 23:34:00,8082,30.89228393566817,39.83619411996425,-95.68639012476089,0
2024-01-04 23:35:00,5002,94.49878484812251,33.16309188316518,-91.22028503353906,0
2024-01-04 23:36:00,6629,192.55293213577826,31.656155691211712,-90.94542261735684,0
2024-01-04 23:37:00,9417,31.133008955721618,37.372729696513154,-99.5051945896194,0
2024-01-04 23:38:00,5200,163.34455394267573,32.78083378789641,-98.80675410287122,0
2024-01-04 23:39:00,2997,46.52195432351339,39.61036928066757,-99.72371700643698,0
2024-01-04 23:40:00,9963,90.07562151093859,39.88069312250171,-94.18269752901736,0
2024-01-04 23:41:00,8422,9.2531232354047,39.26404395025354,-97.82056139823764,0
2024-01-04 23:42:00,5524,10.982717690123922,39.44761762909545,-91.55071916467008,0
2024-01-04 23:43:00,9625,123.97572103867792,36.1565481741636,-95.34086139482412,0
2024-01-04 23:44:00,4407,71.87603796522775,36.9211864956863,-91.62290253605873,0
2024-01-04 23:45:00,7731,81.7509310217803,30.942461577726945,-94.44394776537804,0
2024-01-04 23:46:00,8795,18.564124920490013,37.63050159728689,-92.0383220281832,0
2024-01-04 23:47:00,3793,35.79345568786979,32.02063363076894,-96.28144991802762,0
2024-01-04 23:48:00,8334,10.254862785179315,38.403260597043825,-90.54606159453562,0
2024-01-04 23:49:00,3911,23.39568994702745,39.61531820611002,-93.32841277537489,0
2024-01-04 23:50:00,8952,53.36409085533768,32.123776291654735,-94.04509455602062,0
2024-01-04 23:51:00,3415,75.77943937692993,30.780311176056212,-96.47643316175808,0
2024-01-04 23:52:00,1250,26.764334158787044,34.8389013926789,-90.62816021095523,0
2024-01-04 23:53:00,5951,94.8364220564598,37.915493719483095,-96.62265599772323,0
2024-01-04 23:54:00,9098,52.54761622620611,37.70640169943523,-91.64140564773894,0
2024-01-04 23:55:00,6289,43.55698960196773,36.968185056565844,-95.95691784071661,0
2024-01-04 23:56:00,9102,59.360629440754195,38.206959902347414,-92.32815998498405,0
2024-01-04 23:57:00,8257,445.6880313318584,31.749883525951528,-90.88122084419267,0
2024-01-04 23:58:00,6565,46.478654119123114,36.51937757885946,-95.34392883039251,0
2024-01-04 23:59:00,7437,141.4920586493475,36.0567931589765,-94.73864787759902,0
2024-01-05 00:00:00,2173,94.28152731477533,31.53431723759693,-96.69657094067215,0
2024-01-05 00:01:00,9624,42.599419311837714,34.14427070638548,-99.45304327224825,0
2024-01-05 00:02:00,1835,11.58503119235719,38.525297193095476,-93.4751880201828,0
2024-01-05 00:03:00,3262,29.159266637669727,39.718018040481596,-98.80357475460944,0
2024-01-05 00:04:00,5567,58.93195619340646,36.65430177577352,-96.45941071304357,0
2024-01-05 00:05:00,4815,49.167027378410154,39.21941041986244,-96.50506090143591,0
2024-01-05 00:06:00,1246,199.6634448167783,31.320492305834172,-98.48996180525425,0
2024-01-05 00:07:00,3429,26.21936583668603,39.75060525642947,-93.33289684085796,0
2024-01-05 00:08:00,6287,47.143145953598946,30.335064991807133,-98.25400669181307,0
2024-01-05 00:09:00,3607,93.35080158907779,35.27259273471101,-92.21663650820255,0
2024-01-05 00:10:00,6930,41.341363639835244,32.910083294708194,-97.50720928499449,0
2024-01-05 00:11:00,5022,144.55694408450003,38.13909106784809,-97.12712513970885,0
2024-01-05 00:12:00,5784,18.40150267727851,32.17543632097511,-96.56271697946669,0
2024-01-05 00:13:00,7617,11.944044929654691,30.115300367331386,-98.47247439114744,0
2024-01-05 00:14:00,4151,41.000300871942464,34.14609459236193,-95.65735513376282,0
2024-01-05 00:15:00,6580,50.85422257079209,30.641079976664447,-99.19674875776771,0
2024-01-05 00:16:00,8054,67.90440317810845,32.90092569187749,-95.7288391530182,0
2024-01-05 00:17:00,8706,62.70584612816595,36.43747691666698,-96.6008786756594,0
2024-01-05 00:18:00,8619,36.29223006139945,32.94703176616566,-96.61734552789902,0
2024-01-05 00:19:00,5573,12.08581221752868,32.45793227321233,-93.39325748154677,1
2024-01-05 00:20:00,4491,48.48678212946076,31.554956630703394,-92.30977125521748,0
2024-01-05 00:21:00,1706,19.312554527844416,31.351722740845183,-96.4400147774474,0
2024-01-05 00:22:00,7997,58.58954020635721,35.258573731814195,-97.37985307940016,1
2024-01-05 00:23:00,6233,18.02946699915183,36.81507022943472,-95.0565056527699,0
2024-01-05 00:24:00,9945,79.77499512560908,34.527332057356354,-92.12280924525334,0
2024-01-05 00:25:00,6755,289.42955120792385,31.236030990478504,-93.55427048679941,0
2024-01-05 00:26:00,7960,26.417541145192043,36.477562995215266,-99.61998652224375,0
2024-01-05 00:27:00,9779,15.408129223914507,35.57121898321638,-95.2007047625479,0
2024-01-05 00:28:00,2334,171.4874574766579,33.81275455265447,-90.09034936357457,0
2024-01-05 00:29:00,6588,319.57784088620014,33.300468771260135,-96.46872472319117,0
2024-01-05 00:30:00,2847,15.711914695843229,31.83152891150142,-95.59283198605472,0
2024-01-05 00:31:00,7851,49.82253706867586,31.46299458831457,-97.12593268581261,1
2024-01-05 00:32:00,8211,88.8328524612753,33.38771694468699,-95.02305310408173,0
2024-01-05 00:33:00,8865,42.08718551880779,30.416311241034553,-98.39078677430956,0
2024-01-05 00:34:00,4317,9.472460488241374,34.366274128013075,-97.5298636004424,0
2024-01-05 00:35:00,7811,13.83343253772182,36.01573929284936,-92.88263691601226,0
2024-01-05 00:36:00,1164,15.366760916665482,39.416542752928905,-98.61713206313597,0
2024-01-05 00:37:00,8060,19.295962898325765,36.25828143277737,-90.73856236359039,0
2024-01-05 00:38:00,4057,59.5520812764822,36.240760468558996,-96.92039591502046,0
2024-01-05 00:39:00,5428,163.64997386296042,33.74414805603605,-94.2497490308136,0
2024-01-05 00:40:00,1402,14.048826432697469,31.33317156281051,-96.78169322433492,0
2024-01-05 00:41:00,9605,24.88062544648671,34.46937653255842,-95.21969224225192,0
2024-01-05 00:42:00,9236,17.994017909392785,35.98676319067514,-90.96198671951997,0
2024-01-05 00:43:00,7349,72.85083165439319,37.24033596655804,-99.31422718152875,0
2024-01-05 00:44:00,5157,24.000528190859775,38.26086773895431,-91.43657373292592,0
2024-01-05 00:45:00,1867,19.871358358826882,32.55928092068122,-94.42426313244911,0
2024-01-05 00:46:00,9210,11.055614575244201,32.41220075227888,-93.34928741312629,0
2024-01-05 00:47:00,1364,212.6645005442983,35.65299863104518,-99.44112933206335,0
2024-01-05 00:48:00,8467,487.6325618810119,35.660151831344294,-92.3860088268156,0
2024-01-05 00:49:00,7571,59.392821389009356,32.17947796702774,-98.72221585289513,0
2024-01-05 00:50:00,1579,241.19248869348067,35.87475310351273,-90.35178820209939,0
2024-01-05 00:51:00,8674,30.972162811706372,33.458788499743946,-92.00712723753354,0
2024-01-05 00:52:00,9737,54.549190375154986,36.39314918878633,-95.07132021161584,0
2024-01-05 00:53:00,7468,104.71822779912746,32.91044713672201,-90.75833042769914,0
2024-01-05 00:54:00,5150,25.744797294941264,35.92291792071576,-98.30926717835278,0
2024-01-05 00:55:00,4039,46.55100727570895,37.68310041236923,-90.08336036121624,0
2024-01-05 00:56:00,5137,41.145538494181444,39.80158775701938,-92.83180954989254,0
2024-01-05 00:57:00,1452,84.58344585959898,39.11068056471757,-99.01622086380758,0
2024-01-05 00:58:00,7537,58.09402767582775,35.035387473274525,-94.63408495861832,0
2024-01-05 00:59:00,2381,26.379691833675274,34.88349083317618,-92.89123631537602,0
2024-01-05 01:00:00,9154,40.411295568860574,34.377000059357485,-93.86977738321747,0
2024-01-05 01:01:00,2467,166.45809359333558,30.277505979886385,-95.7605060105752,0
2024-01-05 01:02:00,3738,94.52416349424274,31.659544974862616,-97.51857144037446,0
2024-01-05 01:03:00,8572,86.64730928055391,30.59189088304056,-97.61770506622409,0
2024-01-05 01:04:00,7747,521.1309011247188,36.96355084775321,-90.7304962853775,0
2024-01-05 01:05:00,1880,17.62027158415164,34.132346502181655,-97.65259249316995,0
2024-01-05 01:06:00,4149,111.0254368976254,30.637698780654095,-90.37594965946774,0
2024-01-05 01:07:00,9276,57.67384212009572,36.9057507765387,-97.8977411535746,0
2024-01-05 01:08:00,8892,77.00085127774526,36.44435862827944,-96.15716221277037,0
2024-01-05 01:09:00,5144,65.51522415822727,37.19962830690497,-99.87676573583308,0
2024-01-05 01:10:00,2168,27.071845235498927,35.99834117761569,-90.96856060603156,0
2024-01-05 01:11:00,4129,19.393707044060687,31.61539559947284,-98.95648324667987,0
2024-01-05 01:12:00,4645,54.58899008935395,30.613922977421687,-96.4267074057793,0
2024-01-05 01:13:00,3526,24.973740436173934,38.171409702270374,-91.57481785674737,0
2024-01-05 01:14:00,4516,37.72771381192955,32.15808998965866,-92.08102061252048,0
2024-01-05 01:15:00,4367,121.28707487666377,35.42529240474183,-91.58498979928741,0
2024-01-05 01:16:00,8338,16.008429168492682,34.85217014732187,-90.85892409225048,0
2024-01-05 01:17:00,4555,45.07320160719666,39.21052540436514,-90.889292113503,0
2024-01-05 01:18:00,6111,156.72866205269887,35.524397608542984,-92.29500835546091,0
2024-01-05 01:19:00,7752,32.87869779396237,35.800168853871504,-94.1757633556988,0
2024-01-05 01:20:00,1445,237.3308648590621,33.19505033715813,-94.38450733361888,0
2024-01-05 01:21:00,7364,11.579147318007843,39.58694701768661,-99.87080465366707,0
2024-01-05 01:22:00,4626,336.76472480284417,36.123738157392346,-92.77429731940303,0
2024-01-05 01:23:00,5016,55.58889229974738,30.04980383591258,-97.73323284760664,0
2024-01-05 01:24:00,4875,14.459625995220298,35.56082263734963,-91.71302581106605,0
2024-01-05 01:25:00,6497,125.60946897734576,33.638653883052015,-94.46195914840779,0
2024-01-05 01:26:00,7238,84.00153864908145,30.32112204298832,-90.12752120101217,0
2024-01-05 01:27:00,1261,217.4888931723726,34.315497855070845,-97.89726515895647,0
2024-01-05 01:28:00,5992,11.75124355543779,37.7356648837863,-92.76534638773131,0
2024-01-05 01:29:00,5025,18.244861183703954,35.03789457956363,-94.52466231490679,0
2024-01-05 01:30:00,9283,117.92534806444979,36.39459086139995,-90.68193155406613,0
2024-01-05 01:31:00,5222,698.9197539908405,36.39741465720317,-97.34006291788089,0
2024-01-05 01:32:00,5175,97.05217135260318,36.71019302483427,-99.40562402419546,0
2024-01-05 01:33:00,4443,113.30539495376355,33.87596194568575,-94.5613436669729,1
2024-01-05 01:34:00,6011,25.501454067303822,33.70004839056845,-94.78386978959108,0
2024-01-05 01:35:00,1693,45.51992594461093,30.04584531345275,-96.8829278000604,0
2024-01-05 01:36:00,9347,29.37563245960911,31.54222460528921,-90.13462202316292,0
2024-01-05 01:37:00,2812,90.2282642114151,39.50810212781552,-99.30288575845874,0
2024-01-05 01:38:00,6724,138.31388736215993,38.424167157882096,-94.30479902049949,0
2024-01-05 01:39:00,2407,65.74060581427018,32.75108437389903,-97.39783088129256,0
2024-01-05 01:40:00,9032,120.95751433064548,34.011919489257835,-99.98087988343043,0
2024-01-05 01:41:00,2410,53.05106244236364,39.39921323384633,-90.12150862515028,0
2024-01-05 01:42:00,4497,205.33758091690842,32.504444795535775,-95.18387163290966,0
2024-01-05 01:43:00,5372,23.06806554444689,35.3253296928893,-91.42809506503819,0
2024-01-05 01:44:00,8394,224.96308343686607,30.220797840554045,-91.59932760348865,0
2024-01-05 01:45:00,1551,26.678476441442992,36.197348363528064,-91.8772163333583,0
2024-01-05 01:46:00,5332,55.50021632428381,39.30073598174395,-95.40982747251873,1
2024-01-05 01:47:00,1997,16.538797069087753,38.84743384840022,-91.04073682144977,0
2024-01-05 01:48:00,5076,90.55599788523402,35.01969220627533,-96.32727770948489,0
2024-01-05 01:49:00,7099,62.27033000964445,36.49641972277166,-95.91613081732297,0
2024-01-05 01:50:00,6555,114.27940776651266,35.697981940132856,-97.44294804149233,0
2024-01-05 01:51:00,5052,9.642813505488009,30.669742441541754,-95.51914924097419,0
2024-01-05 01:52:00,6303,62.41808894903867,31.58723486876746,-90.1349979718859,0
2024-01-05 01:53:00,9118,81.73487193313727,39.6381731476976,-94.26759337746407,0
2024-01-05 01:54:00,7102,20.316243574176738,32.55968696871673,-91.68902250480434,0
2024-01-05 01:55:00,6490,93.03873724693234,33.844492160963995,-97.36657082454755,1
2024-01-05 01:56:00,9564,5.489403095223464,35.08944307954507,-90.44079308140476,0
2024-01-05 01:57:00,6616,48.0515627839087,39.791321293933414,-99.86826781282804,0
2024-01-05 01:58:00,3248,224.19046332128175,36.899935062297764,-90.69754781085008,0
2024-01-05 01:59:00,1848,47.63802564242031,36.295984977303654,-91.0199610969445,0
2024-01-05 02:00:00,7354,26.600644271303363,35.243999724408596,-99.32643783559776,0
2024-01-05 02:01:00,9695,51.180263372094494,37.006744145945575,-93.95153272690334,0
2024-01-05 02:02:00,9070,60.28328556275455,36.640158905283464,-92.14755947534381,0
2024-01-05 02:03:00,9894,133.80098944547666,39.02840892260982,-95.96192119056826,0
2024-01-05 02:04:00,4625,62.170896761656095,35.41835305364623,-99.08142685997946,0
2024-01-05 02:05:00,1314,116.98313945444386,34.2150258819049,-91.70600072474969,0
2024-01-05 02:06:00,3376,59.86262921293177,38.07162028063871,-95.33501682457307,0
2024-01-05 02:07:00,5378,25.80791922570382,37.997833346868184,-97.36749898583098,0
2024-01-05 02:08:00,9449,13.43877341893441,31.698364380120875,-99.29144559570844,0
2024-01-05 02:09:00,1574,79.17679110616193,32.36791997856456,-93.59828155379714,0
2024-01-05 02:10:00,6585,4.612480598754574,39.586382612997056,-99.57698138927428,0
2024-01-05 02:11:00,6492,9.344595500798745,34.44109538382385,-92.0890613581597,0
2024-01-05 02:12:00,9949,13.49022634419286,35.196606965311894,-92.29247995688638,0
2024-01-05 02:13:00,3810,111.56665342246202,33.1016012457981,-96.77057299064504,0
2024-01-05 02:14:00,9134,12.307479844629196,34.810710228973534,-95.27712658125141,0
2024-01-05 02:15:00,6670,87.36875084389479,37.43356607195656,-93.30780394184653,0
2024-01-05 02:16:00,8715,19.45341517074337,34.823450974636756,-90.4087614393608,0
2024-01-05 02:17:00,7567,47.158620628893196,33.14784679958665,-94.79848975003041,0
2024-01-05 02:18:00,4459,51.28490585104477,30.960010043943765,-90.03320260846223,0
2024-01-05 02:19:00,7117,46.4579482736705,39.28261520537591,-96.74894211178231,0
2024-01-05 02:20:00,4992,28.598386898967853,38.71657822801896,-94.7350805338624,0
2024-01-05 02:21:00,8837,11.400151633073733,37.91364943349722,-98.84384441983295,0
2024-01-05 02:22:00,1203,56.08300005676358,36.94070963842565,-94.43560425927627,0
2024-01-05 02:23:00,3775,95.35951728563845,35.15509884450584,-94.63686690438566,0
2024-01-05 02:24:00,2992,107.68470187832689,38.9739678612245,-91.5118608554196,0
2024-01-05 02:25:00,3243,59.25136397661151,37.9170151279705,-90.0344841574786,0
2024-01-05 02:26:00,9498,70.6404696480448,38.160108418244626,-90.13821887579753,0
2024-01-05 02:27:00,2687,25.251656014321057,33.095504729994666,-97.6369880431487,0
2024-01-05 02:28:00,5109,85.58154765730153,34.23458273402398,-96.61554446337547,0
2024-01-05 02:29:00,2860,82.4893052944892,37.06802264123259,-97.25342999672048,0
2024-01-05 02:30:00,6176,40.53627533332745,33.710623032077535,-98.00320448662626,0
2024-01-05 02:31:00,1722,57.28761449486447,34.93974653275481,-98.49863986783583,0
2024-01-05 02:32:00,9971,53.154591263698606,36.46512967705124,-94.88255987432136,0
2024-01-05 02:33:00,9720,86.18897849680184,34.377584015842814,-91.27501217603097,0
2024-01-05 02:34:00,5893,11.660094714511821,37.9303960716289,-94.10132431739204,0
2024-01-05 02:35:00,1343,11.430570190814835,31.16278838884515,-91.27336349713136,0
2024-01-05 02:36:00,6398,12.03948834205731,37.18056509782017,-90.4050537208301,0
2024-01-05 02:37:00,9400,34.99599993350278,31.45210060611278,-96.16858579044899,0
2024-01-05 02:38:00,5736,86.08261505449798,39.378396549285256,-91.64332193282877,0
2024-01-05 02:39:00,4406,5.777730319701565,33.14037680694959,-99.47664781060256,0
2024-01-05 02:40:00,1919,59.97972538618235,37.95432361039471,-95.18926847311783,0
2024-01-05 02:41:00,6819,180.14287898350977,35.21416978108676,-96.31703479266129,0
2024-01-05 02:42:00,3044,71.7473261324193,30.91087066587874,-97.95148113835768,0
2024-01-05 02:43:00,1418,7.250774307421285,35.825868543911,-95.61607190356658,0
2024-01-05 02:44:00,2749,91.93357726099997,39.1217773688257,-95.56297464587657,0
2024-01-05 02:45:00,8378,69.56637083697024,31.57234404437904,-91.91460407073217,0
2024-01-05 02:46:00,2099,38.759010149880986,33.213069493608316,-91.31081388329288,0
2024-01-05 02:47:00,4392,65.48212599768665,34.3915867095774,-93.43049575676979,0
2024-01-05 02:48:00,3772,13.519522089431275,32.75053063340654,-93.66611842553439,0
2024-01-05 02:49:00,7784,57.45423386392944,39.43779474736361,-98.89817616187263,0
2024-01-05 02:50:00,2545,88.11055831679583,33.77500264808466,-94.2473818789933,0
2024-01-05 02:51:00,2070,27.30510912810471,36.58062058485679,-97.25555231934041,1
2024-01-05 02:52:00,7522,34.09581349774315,32.23916764370066,-97.05237271890584,0
2024-01-05 02:53:00,2850,30.95006766264154,32.19705937481648,-99.05225347735909,0
2024-01-05 02:54:00,6053,33.94417231334057,31.75849335603939,-93.64131847112921,0
2024-01-05 02:55:00,3939,23.804041306219084,34.34812263526723,-94.16191590482532,0
2024-01-05 02:56:00,8194,25.2636490395669,35.32858202290054,-97.79727432835139,0
2024-01-05 02:57:00,6851,91.47727301736694,30.10748165751582,-97.36963076446031,0
2024-01-05 02:58:00,7673,9.557310329644618,38.329234276131146,-92.26998813938543,0
2024-01-05 02:59:00,1678,65.5616541497133,35.127538925310986,-92.07066636369112,0
2024-01-05 03:00:00,1988,91.29952853619636,31.57209923416432,-95.06915351946186,0
2024-01-05 03:01:00,2502,14.115866296715081,30.67293312502989,-98.50997304374235,0
2024-01-05 03:02:00,2789,50.57407667728409,30.63199297129328,-99.44407618918255,0
2024-01-05 03:03:00,6281,21.833820300039605,32.57643486858529,-97.28531136901557,0
2024-01-05 03:04:00,6027,170.09003754195086,34.99292147970979,-92.6881421710609,0
2024-01-05 03:05:00,2425,44.450208204061006,38.60239536002999,-93.99183367661216,0
2024-01-05 03:06:00,7654,238.20178064113333,39.029654268909034,-92.81893231244584,0
2024-01-05 03:07:00,3440,204.84987549022554,38.32327919979404,-95.2825201920173,0
2024-01-05 03:08:00,7856,74.24193604137035,33.285634681207235,-92.45294117972905,0
2024-01-05 03:09:00,8367,465.3117595041798,33.065577517060994,-95.19194205731367,0
2024-01-05 03:10:00,3594,11.308116313036823,39.87458345154998,-99.15985247317423,0
2024-01-05 03:11:00,5689,231.69393142569407,36.81280629987459,-99.20141704606736,0
2024-01-05 03:12:00,3436,41.759442397655405,33.04951941257542,-91.68497280757303,0
2024-01-05 03:13:00,6517,48.10143156785148,33.290801523248035,-93.70375665794157,0
2024-01-05 03:14:00,7310,34.4245637711647,34.34644439310697,-97.20872940889589,0
2024-01-05 03:15:00,4539,12.806443702142998,36.21806697824837,-92.42824561958153,0
2024-01-05 03:16:00,4483,96.50516343528031,38.97979159971679,-98.64264692416732,0
2024-01-05 03:17:00,8371,15.788528087357989,31.983071196964094,-93.54756540790942,0
2024-01-05 03:18:00,3241,30.235040439444422,30.844033976844624,-90.10514050238832,0
2024-01-05 03:19:00,7378,31.603491038878918,34.057521239542325,-98.49980453650603,0
2024-01-05 03:20:00,3765,147.75811094804146,32.45455482610576,-98.58055124747744,0
2024-01-05 03:21:00,5911,50.72015742509361,35.760326734391036,-95.32165588824647,0
2024-01-05 03:22:00,1403,4.741050274133896,36.992148371474215,-93.57338591599623,0
2024-01-05 03:23:00,4382,22.21933210999446,33.1073595371743,-99.73453663700057,0
2024-01-05 03:24:00,5163,11.448427091121232,36.85451288861989,-95.00329088038517,0
2024-01-05 03:25:00,8630,90.24083875114243,33.431472548578064,-99.16829648244712,0
2024-01-05 03:26:00,1087,16.728397046847387,36.34968139666262,-97.58676223197189,0
2024-01-05 03:27:00,6816,29.789752633494214,36.330608067473996,-92.87602380208864,0
2024-01-05 03:28:00,6470,314.29646906970453,32.78159703421644,-92.61135052423239,0
2024-01-05 03:29:00,7276,103.21106221711467,36.35722751710203,-92.70267549430109,0
2024-01-05 03:30:00,6739,17.03743619364139,33.80955095723656,-99.34853665951228,0
2024-01-05 03:31:00,5273,124.59250013673203,33.364549443606656,-92.13236891259625,0
2024-01-05 03:32:00,7523,26.633463322557787,32.89287747066493,-95.67792995122831,0
2024-01-05 03:33:00,6003,124.28160198587905,33.45645260134289,-95.24690419948855,0
2024-01-05 03:34:00,9038,36.149677351706416,37.86744892061148,-95.80309527094504,0
2024-01-05 03:35:00,7606,20.904668658515533,32.451788141725174,-91.42977624990786,0
2024-01-05 03:36:00,3064,19.039798760476053,36.819874051463096,-93.20029636920667,0
2024-01-05 03:37:00,6315,72.7936016265967,39.006205849809,-94.99974158309548,0
2024-01-05 03:38:00,1317,136.04983688757383,33.50428941034562,-91.65712978073788,0
2024-01-05 03:39:00,2502,79.23359933920659,30.295120644949005,-91.94636503597127,0
2024-01-05 03:40:00,7130,35.422929274211484,30.2460602912499,-99.94955836160403,0
2024-01-05 03:41:00,8419,9.049017893761684,31.395028883503045,-95.21120035374906,0
2024-01-05 03:42:00,3042,28.8078869626605,31.100448430986656,-99.57753890412187,0
2024-01-05 03:43:00,5598,15.610856813210336,37.480852498714334,-96.92813518382617,0
2024-01-05 03:44:00,1118,214.55569247698904,32.94850716907373,-91.96162656537489,0
2024-01-05 03:45:00,1709,36.653764668998086,36.52509773600684,-90.5594764789207,0
2024-01-05 03:46:00,4557,73.72781304268985,30.424554357253637,-97.57933339315477,1
2024-01-05 03:47:00,4250,38.719510511909235,32.95740276078143,-99.78574851165139,0
2024-01-05 03:48:00,9061,83.9050243915794,32.34146234677281,-95.97663656225785,0
2024-01-05 03:49:00,9609,111.96362289288795,32.768805103523626,-96.64881161320162,0
2024-01-05 03:50:00,3603,560.2901210821248,31.907177691337996,-93.23033817271158,0
2024-01-05 03:51:00,2101,34.607641607324645,36.1791602110232,-95.04942327551598,0
2024-01-05 03:52:00,5421,154.95048816693904,36.626728696566666,-96.01152736528462,0
2024-01-05 03:53:00,8857,72.0901230489514,31.484654904832603,-97.70444402293167,0
2024-01-05 03:54:00,9177,30.626827387952186,37.41145984614758,-91.71519601416304,0
2024-01-05 03:55:00,7082,32.892872115290196,32.50045476258629,-97.5161071319377,0
2024-01-05 03:56:00,7658,87.43559192155638,32.82922502499565,-99.45265020956461,0
2024-01-05 03:57:00,3261,40.58496862105335,38.28808338843622,-94.35389491535989,0
2024-01-05 03:58:00,9021,60.638825552788774,39.01165915271192,-96.82651253790169,0
2024-01-05 03:59:00,1508,106.12796567966252,38.247563134684235,-92.87564862560188,0
2024-01-05 04:00:00,3379,662.0243708083809,31.47762820350929,-99.19128331574164,0
2024-01-05 04:01:00,9879,56.40086141403619,39.9926763509652,-90.3369243557477,0
2024-01-05 04:02:00,5752,17.669262850954865,36.72155414782368,-98.13141984396584,0
2024-01-05 04:03:00,6495,81.28726014280687,35.10668621540704,-96.4294310269351,0
2024-01-05 04:04:00,4209,33.648573505791084,39.54841407753436,-95.19045039948227,0
2024-01-05 04:05:00,8398,362.7116022838845,38.173803954265935,-91.0988249117556,0
2024-01-05 04:06:00,7743,33.21119582857584,36.917430396287365,-92.77459113334228,0
2024-01-05 04:07:00,6648,55.61189221472244,38.383972484821335,-98.5517153530567,0
2024-01-05 04:08:00,6171,101.79020787930718,33.85466583277926,-95.61386375053188,0
2024-01-05 04:09:00,8890,89.23744532557595,36.84438445440213,-94.57088135007518,0
2024-01-05 04:10:00,1324,219.24558850857875,31.90580018729768,-92.97874275719967,0
2024-01-05 04:11:00,4557,106.429586773481,39.88000635267102,-94.2818566840266,0
2024-01-05 04:12:00,4587,568.468977386188,35.88981700093403,-95.42665113321323,0
2024-01-05 04:13:00,1151,85.58349932843461,38.142372474353074,-92.3445235037203,0
2024-01-05 04:14:00,1954,200.15730132813266,34.07339880531034,-96.21942371523346,0
2024-01-05 04:15:00,5354,34.14953703240491,37.58588819275181,-90.12827292058563,0
2024-01-05 04:16:00,8160,393.3986966401363,33.8738489946936,-90.52217491779138,0
2024-01-05 04:17:00,1687,38.56341184942976,35.90005086960583,-92.9261959540172,0
2024-01-05 04:18:00,9501,241.29816581372782,37.78134815686312,-91.17388075798213,0
2024-01-05 04:19:00,4127,133.20892134318245,31.164739132962385,-96.06824483929634,0
2024-01-05 04:20:00,7763,58.36226061348569,33.567858513696486,-94.18529778802022,0
2024-01-05 04:21:00,4395,243.63499335516605,35.44936948976097,-97.27344835969073,0
2024-01-05 04:22:00,1845,53.94751379932846,33.339977060881694,-91.14360696618432,0
2024-01-05 04:23:00,2164,214.51631550060017,33.09167234755659,-95.2897496180503,0
2024-01-05 04:24:00,6904,79.68244986686487,32.81664089582712,-94.6385638812033,0
2024-01-05 04:25:00,6360,37.441643104067836,32.27791821809362,-91.35432535393065,1
2024-01-05 04:26:00,1354,75.20878191561586,38.48904562555631,-92.02721492080667,0
2024-01-05 04:27:00,2872,56.492259563282595,39.23689129400593,-96.78256801648129,0
2024-01-05 04:28:00,3024,35.07481613239459,37.00169448156328,-99.12572396442016,0
2024-01-05 04:29:00,3817,68.92271608398195,30.299995127650767,-98.37906797986939,0
2024-01-05 04:30:00,4832,81.75170821654444,37.86233195129002,-96.60904146760343,0
2024-01-05 04:31:00,9257,4.690152477766921,35.31939841115366,-96.94709170168436,0
2024-01-05 04:32:00,3581,90.13996107512767,37.58110087883606,-99.6168945074207,0
2024-01-05 04:33:00,3486,114.56069807112794,34.3733837366283,-95.67934860095137,1
2024-01-05 04:34:00,9418,233.14154127153603,30.412819148885198,-98.94149663130021,0
2024-01-05 04:35:00,3443,15.863159010760084,36.81744985876798,-97.79110280524301,0
2024-01-05 04:36:00,9919,19.737019487158552,34.44128492528726,-92.12516822578117,0
2024-01-05 04:37:00,2036,67.30760045999878,38.740434955452464,-95.05120452827616,0
2024-01-05 04:38:00,9684,26.764437608275195,37.381379368214276,-96.27046944173236,0
2024-01-05 04:39:00,8435,16.61392593128149,33.59561747777809,-98.14564665736133,0
2024-01-05 04:40:00,2548,36.110885765049815,37.24081959783818,-91.33719893592564,0
2024-01-05 04:41:00,6065,38.09868992219029,34.952085994495306,-90.96310217640114,0
2024-01-05 04:42:00,7496,19.773652608090565,31.994439522595453,-94.81321982805137,0
2024-01-05 04:43:00,7183,19.642184656960538,34.19886319440222,-90.78725282750962,0
2024-01-05 04:44:00,4957,48.36039594640838,32.22562394508646,-95.3521103747173,0
2024-01-05 04:45:00,4407,12.824692414705488,30.04976519938377,-98.92757526399481,0
2024-01-05 04:46:00,1639,12.61999071003577,32.46795773589146,-99.82960423947029,0
2024-01-05 04:47:00,1172,58.64538305115454,32.095213259082506,-98.716221938665,0
2024-01-05 04:48:00,6666,246.07667481004,30.043369086869014,-93.77343666980194,0
2024-01-05 04:49:00,5354,113.64065660164918,37.83925368100218,-96.79094803029741,0
2024-01-05 04:50:00,4959,185.4190948460444,30.76984938170852,-93.51690996730126,0
2024-01-05 04:51:00,9708,8.979459892149498,34.49059073938882,-94.92023876755863,0
2024-01-05 04:52:00,9714,13.348436141253742,34.17883175697065,-96.66987425228994,0
2024-01-05 04:53:00,3886,55.18273779881794,31.814081173055435,-97.81320200501641,0
2024-01-05 04:54:00,3164,125.99245643842099,39.66868506537381,-99.18956256190548,0
2024-01-05 04:55:00,4945,103.34199961090141,36.03733604926858,-92.17608938620133,0
2024-01-05 04:56:00,6235,14.23686695283629,38.13513045724836,-91.80995818834543,1
2024-01-05 04:57:00,8746,169.98446065770614,34.961405572349506,-94.58549186823988,0
2024-01-05 04:58:00,3590,50.332514917067634,37.22811917372913,-98.42905327185211,0
2024-01-05 04:59:00,8754,118.83402033176705,39.69779208311758,-97.36470953893745,0
2024-01-05 05:00:00,5934,29.81234121372985,33.48405413803101,-90.44854756508401,0
2024-01-05 05:01:00,5076,11.661144272436568,35.042638527099456,-97.74059206207451,0
2024-01-05 05:02:00,6185,127.21074934014206,35.14536898692007,-99.43195199492125,0
2024-01-05 05:03:00,2093,87.32588155970595,39.919948163241386,-94.4995052808749,0
2024-01-05 05:04:00,4880,15.711228540910348,32.33099146392213,-97.38086042447428,0
2024-01-05 05:05:00,7559,27.989439625687094,36.75307508587079,-90.42565097194542,0
2024-01-05 05:06:00,3785,108.42808325972395,31.382296784556925,-94.25232105577946,0
2024-01-05 05:07:00,7065,67.09004069221814,39.27073532054248,-90.34185265295699,0
2024-01-05 05:08:00,7539,90.16958465975203,35.90381919001698,-92.14423370221039,0
2024-01-05 05:09:00,2574,32.31871941452555,38.5941152703947,-92.76915194383774,0
2024-01-05 05:10:00,6676,226.58653277084517,38.952415443395076,-91.69635416613269,0
2024-01-05 05:11:00,9060,48.854649341530994,35.57109912104148,-93.95114465921449,0
2024-01-05 05:12:00,4990,5.116866740418179,36.820072712381986,-99.88878706812336,0
2024-01-05 05:13:00,6210,60.76044125049533,36.987206400289104,-96.0753521708718,0
2024-01-05 05:14:00,5845,99.97725670482463,34.60480823508759,-97.80981912211672,0
2024-01-05 05:15:00,2189,73.48466217134076,34.348382473026646,-95.65687326604794,0
2024-01-05 05:16:00,3689,35.636268432322204,31.86188218978143,-95.29450475834045,1
2024-01-05 05:17:00,5095,7.7390684761405275,33.83914560501209,-98.72168933151386,0
2024-01-05 05:18:00,2875,28.503508871261552,39.90756940545555,-99.76568451110971,0
2024-01-05 05:19:00,8768,31.326013719493705,32.69861577118486,-98.6179970665199,0
2024-01-05 05:20:00,4406,28.241965196227945,37.62440908676104,-91.42572868016805,0
2024-01-05 05:21:00,4932,100.68165963694223,30.59347470056639,-92.44145805147741,0
2024-01-05 05:22:00,9240,39.11777458254304,34.67468797407658,-92.01107095142066,0
2024-01-05 05:23:00,6408,217.38611529715018,30.584101319171456,-97.23693380665948,0
2024-01-05 05:24:00,4861,43.57311167033708,34.75799933807898,-97.63900809991068,0
2024-01-05 05:25:00,8406,184.1745939985797,30.275524608093768,-99.62627590642687,0
2024-01-05 05:26:00,3833,67.6579591400326,36.13294771483905,-95.27731538856631,0
2024-01-05 05:27:00,6285,71.08041880768236,35.865090999788805,-96.17591141513222,0
2024-01-05 05:28:00,8645,27.58122004122128,37.97843222630355,-91.64113899684928,0
2024-01-05 05:29:00,5777,14.145071245538064,35.83286202201347,-93.18132441473564,0
2024-01-05 05:30:00,3735,50.73790405602777,39.25999162351073,-98.55714065143918,0
2024-01-05 05:31:00,9273,294.96204447108363,37.83104614074356,-90.12844859572732,0
2024-01-05 05:32:00,9278,34.51185604883343,31.326565203222895,-92.29359266998244,0
2024-01-05 05:33:00,7368,29.448106058806946,32.65473188306091,-92.79762484316313,0
2024-01-05 05:34:00,1821,45.9741908449385,30.262305977687937,-97.8338441739286,0
2024-01-05 05:35:00,8525,319.9574262720098,33.861340015728075,-90.94843399383768,0
2024-01-05 05:36:00,1162,119.93344521670477,35.095362537694506,-95.26079222512234,0
2024-01-05 05:37:00,8777,183.8762406614405,39.459462487820666,-97.02344047133514,0
2024-01-05 05:38:00,2932,7.535768407009338,35.222674322818186,-93.45166411894932,0
2024-01-05 05:39:00,4535,23.935661284516215,37.81028041942947,-97.88248039013594,0
2024-01-05 05:40:00,6956,24.780717305077907,32.68024012592901,-90.92434369261885,0
2024-01-05 05:41:00,4446,170.0491511606507,31.531584372588316,-91.45656348933032,0
2024-01-05 05:42:00,3790,105.62340950959721,38.108362538262526,-95.35088630570843,0
2024-01-05 05:43:00,3707,156.94428544803387,32.474251453745914,-98.0934257836735,0
2024-01-05 05:44:00,8959,8.367975677353883,38.713351176711065,-95.03495876435339,0
2024-01-05 05:45:00,4933,165.72636160805624,31.69849875691963,-98.50861782442529,1
2024-01-05 05:46:00,4385,105.5649485579064,38.51586541015107,-97.30151115311624,0
2024-01-05 05:47:00,7636,21.66950890740298,37.728475800744505,-95.1726760940909,1
2024-01-05 05:48:00,1922,44.83884203616009,36.11220673140604,-99.78860258951194,0
2024-01-05 05:49:00,9089,22.34078255367487,38.50220677822616,-92.34277396453132,0
2024-01-05 05:50:00,1564,49.57027131508079,33.30710117882462,-98.03085122814336,0
2024-01-05 05:51:00,4258,85.5717745289607,31.660341456653878,-91.3338874271443,1
2024-01-05 05:52:00,3500,222.34262948518855,31.570406751044555,-99.7774017258014,0
2024-01-05 05:53:00,5566,21.339944532235627,32.70358913815704,-94.6786830929822,0
2024-01-05 05:54:00,7881,34.15072281906867,34.46227132180053,-92.23349045056055,0
2024-01-05 05:55:00,4636,18.120987170141532,38.760228650812266,-97.62051566687326,0
2024-01-05 05:56:00,7030,117.51469637718859,30.895356521577366,-92.9244693978867,0
2024-01-05 05:57:00,1223,11.295658995904482,39.1524204443475,-92.79132175346588,0
2024-01-05 05:58:00,7297,65.17095292705801,39.254947103400866,-93.62156334085854,0
2024-01-05 05:59:00,1350,16.025993703264547,37.27236390669293,-96.35747268602995,0
2024-01-05 06:00:00,8314,57.15757542937494,39.00283613625947,-92.14935201850777,0
2024-01-05 06:01:00,2928,173.45387708939498,37.69986630177962,-93.71566282324629,0
2024-01-05 06:02:00,8743,32.74457291647259,35.283009651557535,-94.09611790857457,0
2024-01-05 06:03:00,9540,68.09270195363253,36.00750226225944,-91.80838730833136,0
2024-01-05 06:04:00,5732,22.350166916620225,36.282244764775825,-97.5536195690549,0
2024-01-05 06:05:00,2017,48.7921373287496,31.26893280983111,-97.67512046443927,0
2024-01-05 06:06:00,3226,11.497164121524555,31.930541375175103,-96.13553112851065,0
2024-01-05 06:07:00,8206,110.79879588576004,35.233687238701606,-99.26866931331453,0
2024-01-05 06:08:00,8170,36.036631018607125,31.152283127709417,-96.62606530648137,0
2024-01-05 06:09:00,7207,44.30825272906178,39.64979296046111,-95.93727921466132,0
2024-01-05 06:10:00,3419,58.51036998536099,35.07127278514422,-95.0494181713948,0
2024-01-05 06:11:00,7240,7.6389163538413944,33.8008614481306,-97.45986535899078,0
2024-01-05 06:12:00,2893,27.324057280858902,31.575400375915592,-90.9315755229516,0
2024-01-05 06:13:00,6322,62.50463670392003,34.16533897475186,-97.14921632223228,0
2024-01-05 06:14:00,8718,46.52920918320791,33.02426186992549,-91.48449222487204,0
2024-01-05 06:15:00,7878,481.71154752649505,30.879271712020348,-95.55047563755845,0
2024-01-05 06:16:00,2125,192.2348152851929,39.67005295238022,-92.8184330407627,0
2024-01-05 06:17:00,4117,62.77739301174531,32.649780960489466,-98.890976120161,0
2024-01-05 06:18:00,5161,19.638675628048393,36.904702421335244,-94.5536277975839,0
2024-01-05 06:19:00,5042,33.28362667022853,30.913225018224228,-90.391741050572,0
2024-01-05 06:20:00,5433,105.43924314776638,39.13169009326772,-93.33748790635225,0
2024-01-05 06:21:00,9638,58.94596253687988,35.90751451560577,-91.79710739563022,0
2024-01-05 06:22:00,3658,195.60634231256182,36.56872000376612,-97.38929537822477,0
2024-01-05 06:23:00,4483,58.4810869943824,37.81784360668868,-91.9983107911152,0
2024-01-05 06:24:00,3944,61.30332855852876,36.05915328665083,-96.48746618797158,0
2024-01-05 06:25:00,8210,277.0539252996557,30.709074584132555,-95.14921899953686,0
2024-01-05 06:26:00,8653,18.236697958248445,34.29582423632152,-98.12042282293412,0
2024-01-05 06:27:00,9787,309.15956754099574,32.62030093331145,-95.1430161199513,0
2024-01-05 06:28:00,2986,117.87595150186382,34.867170206811835,-94.8429815669434,0
2024-01-05 06:29:00,2074,1387.793289475633,34.04325161681738,-93.77672821708157,1
2024-01-05 06:30:00,5305,27.073831371902692,38.265331172988475,-91.31366205722964,0
2024-01-05 06:31:00,4007,278.496020470329,32.47047552209771,-96.9514884526777,0
2024-01-05 06:32:00,1969,62.41913479133806,32.01301059277948,-90.15863224241512,0
2024-01-05 06:33:00,9772,45.3502549963462,39.58086295450575,-91.52310046244466,0
2024-01-05 06:34:00,3824,74.06197456335923,39.4951661388918,-95.97077380475024,0
2024-01-05 06:35:00,2211,61.88109654851253,39.93464964917601,-97.73336358067797,0
2024-01-05 06:36:00,1229,25.055266594091844,35.68380579546337,-99.28505422530979,0
2024-01-05 06:37:00,5284,47.863927091703324,31.131439605889987,-97.65635812064376,0
2024-01-05 06:38:00,4185,74.22542041327695,38.80167740737197,-91.15477078354958,0
2024-01-05 06:39:00,1501,35.689066608644936,31.451149842576406,-97.07968588577702,0
2024-01-05 06:40:00,1048,93.73217255011986,31.55594326029156,-98.62020183707922,0
2024-01-05 06:41:00,4566,40.615817532625044,31.93397567486088,-99.77325410573653,0
2024-01-05 06:42:00,4055,86.34451642334787,36.53418835393093,-97.02319656322175,0
2024-01-05 06:43:00,9880,76.53254936459237,31.071990532273226,-97.83847289864397,0
2024-01-05 06:44:00,1386,85.74110644254206,37.78281629011766,-98.97797654454692,0
2024-01-05 06:45:00,1969,14.17225468430407,30.58251595958054,-90.4891419878482,0
2024-01-05 06:46:00,6820,163.54412125798342,31.1044656067182,-97.32378124543354,1
2024-01-05 06:47:00,4052,22.96477235848177,34.344871416665285,-99.93823170502368,0
2024-01-05 06:48:00,8397,45.33804859843899,33.79171501949901,-90.55724416462796,0
2024-01-05 06:49:00,3302,28.621539954828485,39.89708268397434,-94.21486813715089,0
2024-01-05 06:50:00,3283,58.635978162980585,39.66863956718703,-99.17187036404921,0
2024-01-05 06:51:00,5366,48.85597218004222,31.896818073556254,-99.68578022611054,0
2024-01-05 06:52:00,1122,104.70984107628882,39.46665545078463,-98.92150936416091,0
2024-01-05 06:53:00,7799,57.04743056596125,36.92261904011966,-94.08509146704552,0
2024-01-05 06:54:00,4727,36.903810889029764,34.08843165533234,-99.38128395095539,0
2024-01-05 06:55:00,9450,9.048434869087378,37.396309321609415,-94.31859403167958,0
2024-01-05 06:56:00,5958,132.20099657786488,39.001409657065466,-93.47458980135299,0
2024-01-05 06:57:00,1524,91.60960984928731,31.80141553798975,-98.52423218494992,0
2024-01-05 06:58:00,9399,137.7064416722829,31.959842613776612,-95.11567257250276,0
2024-01-05 06:59:00,1148,45.35890202440279,34.0872076222766,-90.36120070366538,0
2024-01-05 07:00:00,9001,78.01748140952155,31.692117713350708,-91.63511553499676,0
2024-01-05 07:01:00,1437,28.406213943745144,33.603974857058155,-92.76635652522614,0
2024-01-05 07:02:00,4749,25.924713462906414,36.45691527062514,-94.82264875540662,0
2024-01-05 07:03:00,9186,41.11604314388474,38.128181253338546,-96.0572524406701,0
2024-01-05 07:04:00,5453,137.25039004165166,33.019349376853995,-95.48565263878777,0
2024-01-05 07:05:00,6336,41.480603240202655,32.81730683804838,-92.3538999214749,1
2024-01-05 07:06:00,5551,51.72359568846426,37.797429643891775,-94.45702038241595,0
2024-01-05 07:07:00,3823,69.57774927342017,33.81026226002509,-92.3534601470737,0
2024-01-05 07:08:00,6728,55.999496419757776,38.184753678688416,-90.30127029566998,0
2024-01-05 07:09:00,9677,150.55632047694056,39.93380320329213,-93.59485849228689,0
2024-01-05 07:10:00,9391,25.840208503745927,39.79668675983717,-93.96896442589794,0
2024-01-05 07:11:00,2982,60.32477213083113,36.62686954847289,-95.93838051490167,0
2024-01-05 07:12:00,7996,87.7268292693726,33.75213211377451,-98.03246046811262,0
2024-01-05 07:13:00,3311,10.566837922114948,30.654898594767626,-96.25799257752855,0
2024-01-05 07:14:00,8225,71.2396422301184,37.380406327170604,-94.79902809484635,0
2024-01-05 07:15:00,1604,208.93522057370697,39.77967241053244,-99.65144342678055,0
2024-01-05 07:16:00,9175,38.455786983184666,30.679844632156282,-95.24194975177707,0
2024-01-05 07:17:00,6785,18.448043825816633,30.061677106206403,-91.37850672585022,0
2024-01-05 07:18:00,5597,87.0979456566268,38.317761965817176,-90.23375637466376,0
2024-01-05 07:19:00,8759,65.33234720866126,31.022589620382373,-91.4445132768915,0
2024-01-05 07:20:00,8532,250.2465733672458,30.816229804455794,-98.28018253983463,0
2024-01-05 07:21:00,9740,84.5774728934526,39.10336068223179,-98.44986808234697,0
2024-01-05 07:22:00,1838,21.25204027105553,30.795608116718814,-96.06687798760449,0
2024-01-05 07:23:00,4815,20.31281152669162,31.140176547754262,-97.74569529408349,0
2024-01-05 07:24:00,1847,129.00086240565736,35.69573675269693,-93.24005495879388,0
2024-01-05 07:25:00,5709,78.01583550339966,37.56814173033291,-99.1544189552436,0
2024-01-05 07:26:00,5507,51.510236991660165,33.995722587142275,-95.56280750463321,0
2024-01-05 07:27:00,7575,64.87019053940148,34.205891606903904,-97.1964375378059,0
2024-01-05 07:28:00,5773,84.93921542097635,36.32625987151138,-94.04597113000179,0
2024-01-05 07:29:00,5468,79.26684345179139,35.05425294830781,-92.02934980206034,0
2024-01-05 07:30:00,6192,12.115951101278045,30.186282927777174,-90.7643685831853,0
2024-01-05 07:31:00,4320,184.32435694558504,31.135831862722,-90.36147265777915,0
2024-01-05 07:32:00,5698,197.0801961556996,35.81600015525403,-96.48805466026006,0
2024-01-05 07:33:00,5311,333.66196716765256,37.93662509697866,-91.4415221816953,0
2024-01-05 07:34:00,4673,268.4341293496803,37.63103145429956,-94.0803693128779,0
2024-01-05 07:35:00,2564,226.45489077542905,37.40056559293645,-93.07744585455877,0
2024-01-05 07:36:00,2840,40.99761353530866,37.71272616208134,-91.4886943333965,1
2024-01-05 07:37:00,7058,73.80079305024957,30.44443476324523,-98.69886790104918,0
2024-01-05 07:38:00,8131,175.38767186514622,38.95101564962589,-90.52592731967756,0
2024-01-05 07:39:00,1726,9.018227117500796,38.89283105211675,-94.52602909581775,0
2024-01-05 07:40:00,7697,43.87396834596544,35.31923989097614,-96.63996682458402,1
2024-01-05 07:41:00,1282,9.920755254324897,32.48594332268765,-96.6126873959051,0
2024-01-05 07:42:00,2081,72.26078823940259,35.921784727814334,-92.48999663321732,0
2024-01-05 07:43:00,4885,193.60266492232267,35.57885926375287,-93.21340136870018,0
2024-01-05 07:44:00,3881,55.63421082033022,32.2295720769021,-92.705199087315,0
2024-01-05 07:45:00,3970,30.90063674623631,36.031301789286694,-97.47004495575764,0
2024-01-05 07:46:00,7985,72.46944417744977,37.9729411610061,-98.2980378385672,0
2024-01-05 07:47:00,1947,82.47219161472387,38.06106864745256,-92.7814034697379,0
2024-01-05 07:48:00,5760,88.49506869006537,30.596978222799144,-97.01519270838506,0
2024-01-05 07:49:00,1066,16.20079794511997,31.971633118124643,-97.77563846413274,0
2024-01-05 07:50:00,9828,69.6501876129819,36.682233605931955,-97.85391496520216,1
2024-01-05 07:51:00,9505,65.63887365495445,38.598319454143024,-98.51599067439193,0
2024-01-05 07:52:00,1564,140.93446583906373,35.212170824492155,-95.73184344324822,0
2024-01-05 07:53:00,4670,50.62226333448568,37.07525668334981,-97.39051424975052,0
2024-01-05 07:54:00,3251,393.16292950368637,30.210720106569006,-91.06134524782917,0
2024-01-05 07:55:00,1804,59.28375066603404,36.084208118853994,-93.10860363148902,0
2024-01-05 07:56:00,5631,33.84936014869795,39.61909144436602,-92.56137955281989,0
2024-01-05 07:57:00,2235,20.02306402998459,36.61014607032738,-95.96389507898165,0
2024-01-05 07:58:00,7720,32.659742365842845,39.2227571660032,-93.99790481869229,0
2024-01-05 07:59:00,7906,24.557424712264563,35.66009458131074,-94.99202159295953,1
2024-01-05 08:00:00,7016,46.71096986784403,38.43378737775927,-98.32548539477484,0
2024-01-05 08:01:00,4549,294.9265926264451,31.241624082571477,-99.52146304949216,0
2024-01-05 08:02:00,8938,12.688436841811333,31.235132628868165,-93.1648154525916,0
2024-01-05 08:03:00,5141,13.611516608099533,31.201793291957944,-98.78827540772406,0
2024-01-05 08:04:00,7966,43.179441507074145,34.88849552036709,-99.42650846792766,0
2024-01-05 08:05:00,6335,13.972309101824264,33.30263560837115,-95.58132667328388,0
2024-01-05 08:06:00,6077,20.451648567538044,37.19185853741036,-92.61973629991432,0
2024-01-05 08:07:00,6611,76.64312329292672,39.02621914300397,-92.31131560767626,0
2024-01-05 08:08:00,9089,51.80031383240192,36.19374828573482,-91.26530393283947,0
2024-01-05 08:09:00,3892,84.64868852604634,32.13210556098579,-98.00785977501236,1
2024-01-05 08:10:00,6577,98.59869441183358,39.308768675291134,-90.14375606185348,0
2024-01-05 08:11:00,4618,209.05427916627795,35.27857338137983,-92.36790928035906,0
2024-01-05 08:12:00,2559,79.76089702257909,37.19945553135755,-98.42786654049827,0
2024-01-05 08:13:00,7683,182.17740818422624,38.90505850435177,-91.59278714004589,0
2024-01-05 08:14:00,2507,60.76867870146265,39.898319320989025,-95.01040727515144,0
2024-01-05 08:15:00,3063,80.67510681447365,35.06063949101674,-99.33453631960177,0
2024-01-05 08:16:00,4642,79.64032657306714,38.080627186836736,-98.6795822817074,0
2024-01-05 08:17:00,3000,72.57046355921341,35.66867065318242,-95.6610671809072,0
2024-01-05 08:18:00,2294,67.06588396191877,34.86453945995806,-94.69493188395919,0
2024-01-05 08:19:00,5065,337.30371937399485,35.3771251927629,-90.52507582986738,0
2024-01-05 08:20:00,9014,109.73805551937201,34.84275243821704,-97.84287527501837,0
2024-01-05 08:21:00,2603,34.904388866048215,34.210281187946805,-95.25895489757191,0
2024-01-05 08:22:00,2322,568.7408993702246,37.23720690513988,-97.74110530722612,1
2024-01-05 08:23:00,6956,37.447761221155716,32.49675815947659,-94.41599311073533,0
2024-01-05 08:24:00,3441,54.31342105000077,36.163814658060005,-90.90681927028218,0
2024-01-05 08:25:00,2098,23.792472682425647,37.1296017776443,-94.32249428837126,0
2024-01-05 08:26:00,6073,111.84483753608336,38.92090833390705,-94.89929461035047,0
2024-01-05 08:27:00,9488,295.9633225017049,33.318771489375855,-92.49870593081816,0
2024-01-05 08:28:00,4787,12.29059806036843,38.60599103516064,-98.5238645496901,0
2024-01-05 08:29:00,3096,41.37302426081982,39.452911713258636,-90.94385009565018,0
2024-01-05 08:30:00,3208,166.76967505638203,36.48679382741719,-94.22366027034165,1
2024-01-05 08:31:00,6988,18.928764302810418,37.71433007923013,-93.13690584852088,0
2024-01-05 08:32:00,1175,96.96811910720577,34.05706959818873,-91.81039239315601,0
2024-01-05 08:33:00,8169,14.858310290684498,39.521354197846925,-93.64962150106848,0
2024-01-05 08:34:00,7014,82.0994089615682,36.70861455086424,-93.58794814739419,0
2024-01-05 08:35:00,2667,59.01652881531286,33.10156808617768,-92.70378559034097,0
2024-01-05 08:36:00,9867,1506.5582005761041,34.04261347234023,-99.4776344355589,0
2024-01-05 08:37:00,2823,114.94665750888262,36.177555141315764,-96.17789491826751,0
2024-01-05 08:38:00,6147,6.21879626128175,32.34135164512295,-90.37063255120313,1
2024-01-05 08:39:00,2356,50.66593535298052,37.53914404340292,-97.42064144869858,0
2024-01-05 08:40:00,4072,124.49880004749497,32.24691516269643,-94.57744551726235,0
2024-01-05 08:41:00,4259,36.11984339170726,35.917891957709394,-98.24572537795835,0
2024-01-05 08:42:00,7199,34.58532364921409,36.970065129948274,-96.76725684721416,0
2024-01-05 08:43:00,1546,36.315890042190496,38.59747895661539,-92.82919957258501,0
2024-01-05 08:44:00,6231,94.36397251000041,37.339004157889335,-93.56905975932942,0
2024-01-05 08:45:00,8965,15.560412422955144,37.98825091552285,-95.85683638162101,0
2024-01-05 08:46:00,3083,31.13941375648153,39.12931801497848,-90.61923808572793,0
2024-01-05 08:47:00,3040,153.3894554696382,35.97771561222072,-92.249531845168,0
2024-01-05 08:48:00,5534,33.546766501194575,38.462800106620165,-97.3207617097116,0
2024-01-05 08:49:00,2752,31.59800677639374,32.31872231025172,-95.34553686429838,0
2024-01-05 08:50:00,2849,13.78585925991961,38.14733170791973,-91.21965494197242,0
2024-01-05 08:51:00,3642,104.15851506195885,32.216867413064804,-99.77535886541106,0
2024-01-05 08:52:00,2600,83.54951141970798,39.3462921874278,-94.1853371513129,0
2024-01-05 08:53:00,5402,144.36783041319853,33.29973337457669,-97.68039588843604,0
2024-01-05 08:54:00,4799,48.76762530586931,31.71837998175613,-99.36179882146769,0
2024-01-05 08:55:00,1618,74.87215834131766,31.48168760129202,-90.87138917977892,0
2024-01-05 08:56:00,2132,74.2449303262224,31.872722169378324,-91.8371697691627,0
2024-01-05 08:57:00,6491,13.131473267383859,34.47540308563166,-98.1470644119536,0
2024-01-05 08:58:00,6795,574.4684734134329,35.22149391080059,-91.6305351033908,0
2024-01-05 08:59:00,8633,145.19221284069394,39.137858325239186,-98.53572593391921,0
2024-01-05 09:00:00,2487,59.0863464243112,33.81014802927695,-95.23838640141162,1
2024-01-05 09:01:00,8848,43.63172177234544,32.17482308787054,-92.74226699521762,0
2024-01-05 09:02:00,6009,205.19367698048842,37.438211118393816,-94.66194403360129,0
2024-01-05 09:03:00,3113,60.094824065807394,31.34654407928606,-91.49219284857072,0
2024-01-05 09:04:00,2044,136.13164450357996,38.92283372015188,-93.83122138247084,0
2024-01-05 09:05:00,3431,30.629928669338252,34.09399635208804,-95.68048352812804,0
2024-01-05 09:06:00,8979,22.749671404895594,36.1384148365498,-90.7483790977085,0
2024-01-05 09:07:00,2582,46.44476477700831,31.861843426165226,-99.63705343027101,0
2024-01-05 09:08:00,2308,55.17872877963017,31.455291490798366,-95.11601141284288,0
2024-01-05 09:09:00,5917,83.3894364229229,37.98839374754856,-93.3921845980869,0
2024-01-05 09:10:00,9793,236.72498565807177,34.2970229191456,-91.63941609581966,0
2024-01-05 09:11:00,2620,166.0073147408995,39.8674281272621,-94.58843475066175,0
2024-01-05 09:12:00,8503,203.97690230975186,35.242979444524515,-91.14482280135978,0
2024-01-05 09:13:00,5766,26.2427711597489,38.4565291075769,-95.73723164302442,0
2024-01-05 09:14:00,6362,40.6529128328459,39.799636787214354,-96.82871414908135,0
2024-01-05 09:15:00,6192,143.7384849349317,32.811501615085014,-90.26187952545519,0
2024-01-05 09:16:00,7622,184.00215496984495,38.00881712155366,-93.32819041165757,0
2024-01-05 09:17:00,7093,114.64633323780217,30.22006163324646,-95.74221814988944,1
2024-01-05 09:18:00,7704,31.102389419046684,36.79754118061029,-91.21810263008736,0
2024-01-05 09:19:00,1100,19.266774808116754,37.45201091117849,-93.16919585953362,0
2024-01-05 09:20:00,7657,68.92215262556974,34.77363712435502,-93.62065294278078,0
2024-01-05 09:21:00,6875,22.382405908556237,31.62105210117502,-92.71462070180533,0
2024-01-05 09:22:00,5271,86.5429741844624,36.167205480784496,-92.61706890372884,0
2024-01-05 09:23:00,1237,190.696896854186,38.97528659435557,-95.07016613160894,0
2024-01-05 09:24:00,8226,65.96266655415126,39.31319199578269,-95.80692438602152,0
2024-01-05 09:25:00,9032,14.793246718501981,37.461023904196026,-90.90717318836364,0
2024-01-05 09:26:00,6218,32.80904240905686,32.63713258425602,-95.02752260437597,0
2024-01-05 09:27:00,5025,129.6298743736264,38.7032692605992,-97.84178362100462,1
2024-01-05 09:28:00,7073,87.69995835466945,38.88823066701695,-94.78397214174942,0
2024-01-05 09:29:00,3542,95.00147333339866,33.67242205745221,-99.65577900086359,0
2024-01-05 09:30:00,2537,320.2054620384002,31.829817365436806,-92.76681648039228,1
2024-01-05 09:31:00,1754,77.40637940295656,38.74659434133368,-98.73015940941191,0
2024-01-05 09:32:00,8396,75.00267370112765,38.85097315252814,-98.88275734657428,0
2024-01-05 09:33:00,8823,128.59596026562707,31.009060845512142,-90.53643856821351,0
2024-01-05 09:34:00,6507,16.89196552213678,39.66984292222488,-92.2744331854127,0
2024-01-05 09:35:00,5235,34.983963102626845,35.33080553078798,-95.85771223658693,0
2024-01-05 09:36:00,1540,26.08900238105367,39.93730194942936,-97.60423857594388,0
2024-01-05 09:37:00,6510,105.10018568741133,34.450082502166815,-91.56509519473047,0
2024-01-05 09:38:00,9461,21.777943041162157,35.33283339359548,-90.31416156389247,0
2024-01-05 09:39:00,8926,95.91361175569003,32.66082831971246,-94.91645895392915,0
2024-01-05 09:40:00,6131,43.95781038094479,38.9894744551537,-94.19923927753345,0
2024-01-05 09:41:00,9697,38.2385469597501,34.437121170725774,-97.56946508507677,0
2024-01-05 09:42:00,2129,135.8874818180361,38.14614053627384,-94.10749735938103,0
2024-01-05 09:43:00,4145,14.408740733328223,30.797342750950826,-95.99402364963586,0
2024-01-05 09:44:00,9553,33.49231982700426,37.88246628494812,-91.54421500549134,0
2024-01-05 09:45:00,4720,1022.0035298759743,34.90243142251475,-96.22886980176557,0
2024-01-05 09:46:00,5067,347.37973339590786,30.05407879733106,-93.51220851533235,0
2024-01-05 09:47:00,5195,8.895851522039495,32.26262938998795,-97.96533986560365,0
2024-01-05 09:48:00,8281,32.866150645617964,31.93730211443117,-99.09327164138696,0
2024-01-05 09:49:00,3509,58.13775846858702,37.5176458130944,-99.59644780074349,0
2024-01-05 09:50:00,6016,13.313693395926336,34.772021897932184,-95.84354562669427,0
2024-01-05 09:51:00,7533,410.7690058039353,31.597183966870976,-98.36471278608596,0
2024-01-05 09:52:00,5727,56.237355386976105,32.568029770452526,-90.06519809733507,0
2024-01-05 09:53:00,1681,45.33495433783807,35.04076805305885,-92.01616611573719,0
2024-01-05 09:54:00,4932,79.92312536164413,30.19638197319674,-93.06626848290792,0
2024-01-05 09:55:00,6560,78.659649595675,34.241255880993734,-91.96681532621861,0
2024-01-05 09:56:00,5016,23.234668448221093,36.7806140365374,-97.37252741394947,0
2024-01-05 09:57:00,8339,203.42242842035105,35.177545852858785,-91.2073601711476,0
2024-01-05 09:58:00,1719,64.2021012028444,35.980995410754986,-90.04363604996524,0
2024-01-05 09:59:00,1074,202.09675319996285,33.266181170116496,-97.10145530928511,0
2024-01-05 10:00:00,5157,30.703038750562005,31.830757240197556,-90.15351312766447,0
2024-01-05 10:01:00,9511,9.061822889027823,38.09741290355181,-96.79603453659085,0
2024-01-05 10:02:00,3149,229.8187396780161,39.05634871436361,-99.88276882303308,0
2024-01-05 10:03:00,7713,114.47958001949125,35.10740570374894,-96.3278594227269,0
2024-01-05 10:04:00,5207,175.60130889852937,33.05041212581391,-90.0248499908303,0
2024-01-05 10:05:00,8141,186.74277039411984,35.112048295179854,-93.6484874526253,0
2024-01-05 10:06:00,9652,55.6612832544862,38.78985520637396,-93.04527465083925,0
2024-01-05 10:07:00,4936,37.8287027904426,36.91406347375117,-97.6165284791295,0
2024-01-05 10:08:00,2075,49.8152908300643,38.586160862901174,-98.54079904703885,0
2024-01-05 10:09:00,4876,94.76750447829004,33.2837942307805,-91.14489562423438,0
2024-01-05 10:10:00,5615,72.02681317001283,37.11979128337496,-95.86607795321868,0
2024-01-05 10:11:00,8265,8.765460529948786,36.53048971511617,-99.95892415083976,0
2024-01-05 10:12:00,7379,48.49692852193235,35.71616460650417,-97.05754045918985,0
2024-01-05 10:13:00,5652,224.50476529899439,35.282248652305086,-98.04267891685765,0
2024-01-05 10:14:00,7792,54.52653829596112,35.50977883139597,-93.96227742491716,0
2024-01-05 10:15:00,8456,504.9909928669998,38.49671089726699,-92.43876830052638,0
2024-01-05 10:16:00,5674,20.8835621866106,39.159945010041454,-95.02501500516222,0
2024-01-05 10:17:00,1541,77.36475921117139,31.128604643852384,-98.14100973764141,0
2024-01-05 10:18:00,3161,20.38213307511302,35.68771577590334,-99.42035536417197,0
2024-01-05 10:19:00,3251,23.206315129469626,39.184084224732345,-96.86465995422162,1
2024-01-05 10:20:00,5569,23.42310529865056,31.347399851590943,-91.94036633505218,0
2024-01-05 10:21:00,3744,497.5419998090421,34.128593732969065,-95.80486464864036,0
2024-01-05 10:22:00,7041,42.430010624187965,30.89080171350904,-97.4774889750644,0
2024-01-05 10:23:00,5675,27.04120008253351,31.134764020097375,-99.79275222557061,0
2024-01-05 10:24:00,2560,54.45049140507516,39.04110812559533,-95.0393794775606,0
2024-01-05 10:25:00,2164,43.71038042144679,34.46179584830493,-93.15177891812485,0
2024-01-05 10:26:00,6419,122.90987124618678,36.887396540045984,-98.09670536625099,0
2024-01-05 10:27:00,3722,7.104511241661876,31.389144232435335,-94.62811160434013,0
2024-01-05 10:28:00,1470,21.018140207137016,30.21947482392756,-95.79261273313699,0
2024-01-05 10:29:00,2468,127.29477933172147,38.904839573488644,-92.96052323377236,0
2024-01-05 10:30:00,8925,33.49416998436538,35.74545639549022,-91.39395097289245,0
2024-01-05 10:31:00,1808,25.66296178224151,30.199877555710067,-96.92951115643167,0
2024-01-05 10:32:00,9363,24.539856647805884,39.92339480927987,-90.95228922755207,0
2024-01-05 10:33:00,7719,112.57783210970018,34.92192383013758,-92.93048201727754,1
2024-01-05 10:34:00,6073,107.76631826019369,34.758765081652754,-99.62833887155715,0
2024-01-05 10:35:00,9012,142.25483976691268,36.20914184322621,-92.08757102442368,0
2024-01-05 10:36:00,2645,17.069649877113292,30.07904534195462,-95.05372936476168,0
2024-01-05 10:37:00,9249,16.089682715655275,35.6913837370644,-90.54539108187873,0
2024-01-05 10:38:00,2129,170.26393092170997,36.294839039896566,-96.76368502759104,0
2024-01-05 10:39:00,2353,67.02890711760114,32.96953568103073,-94.08786340863627,0
2024-01-05 10:40:00,1767,29.786471925321745,37.268524097682985,-90.43853816868908,0
2024-01-05 10:41:00,4895,46.65784151542691,33.774318162179675,-97.28840266972398,0
2024-01-05 10:42:00,9874,15.889642645460027,37.1777313445814,-95.28046455600288,0
2024-01-05 10:43:00,4454,32.14945865286078,31.438251784525143,-92.47504515468314,0
2024-01-05 10:44:00,8329,64.02122737440949,39.13697816041018,-93.08901314886415,1
2024-01-05 10:45:00,2790,77.82571620370129,38.794573736562604,-91.61296733412483,0
2024-01-05 10:46:00,1885,50.027310710302835,31.506264760877706,-94.80203320571516,0
2024-01-05 10:47:00,8734,45.163758438127715,39.38453937085521,-96.81078808117523,0
2024-01-05 10:48:00,4906,113.66515928724222,35.57780272767274,-94.64915390120196,0
2024-01-05 10:49:00,5492,49.33450234143389,37.016496783649686,-96.50039968359933,0
2024-01-05 10:50:00,3073,34.913889543867796,38.402937923765286,-98.23569463060883,0
2024-01-05 10:51:00,1312,25.475137669603097,30.835699470800037,-94.4503029737565,0
2024-01-05 10:52:00,7269,9.322263756358556,31.692843574661666,-99.51619446213404,0
2024-01-05 10:53:00,6317,104.57650136767654,32.90390921485962,-99.63424697006283,0
2024-01-05 10:54:00,1810,235.94173974144326,34.77204481387014,-99.35426460559371,0
2024-01-05 10:55:00,7841,23.890705785400108,33.46054506298741,-93.27388827156068,0
2024-01-05 10:56:00,3032,15.33206441359684,35.05846376942053,-95.93013149458857,0
2024-01-05 10:57:00,8129,29.290854392412633,31.859170273437364,-95.05884817646242,0
2024-01-05 10:58:00,3705,73.00545127425025,36.82154139933165,-96.56601137240838,0
2024-01-05 10:59:00,9788,32.94040663612618,30.55734881183731,-97.46363775448856,0
2024-01-05 11:00:00,3147,32.372467973809364,33.61449506207961,-96.41694837592415,0
2024-01-05 11:01:00,1615,50.253323292866106,31.790332446711226,-98.0662183046339,1
2024-01-05 11:02:00,1947,60.38911242325715,37.29933271870681,-93.21242091841043,0
2024-01-05 11:03:00,6677,78.9055969453462,38.83653338829912,-98.98264505470539,0
2024-01-05 11:04:00,5651,40.643834390103564,30.78786209203475,-94.83099284589571,0
2024-01-05 11:05:00,8866,39.92664092613241,37.850378558664,-95.23173005903944,0
2024-01-05 11:06:00,3013,7.98858814341542,38.95722293722102,-96.98076382254936,0
2024-01-05 11:07:00,4697,139.1685268782644,39.73970216614055,-98.9771061055124,0
2024-01-05 11:08:00,1490,70.27171405416361,35.79386250945089,-92.96642289527139,1
2024-01-05 11:09:00,5350,247.41418491845505,33.27391886007407,-94.30459638400129,0
2024-01-05 11:10:00,3428,91.02286503462769,33.2197359986733,-91.9052364880926,0
2024-01-05 11:11:00,5987,50.724214490415314,33.78970079294453,-97.6447629438583,0
2024-01-05 11:12:00,9733,12.354068927597245,36.12667407327627,-92.0843588447408,0
2024-01-05 11:13:00,5920,10.657212123174066,34.90230012139125,-97.08054275997699,0
2024-01-05 11:14:00,3926,155.7649632415926,36.536350264068346,-98.87409268971334,0
2024-01-05 11:15:00,8282,95.73160201455372,30.39313873529576,-98.65083711386367,0
2024-01-05 11:16:00,5376,236.37036916601937,31.058815503811136,-97.78941519625721,0
2024-01-05 11:17:00,5868,138.55236481627202,39.76539499426761,-93.17571103885908,1
2024-01-05 11:18:00,7986,37.67019792529746,39.95385502186238,-97.56038264928448,0
2024-01-05 11:19:00,7862,5.473487437936544,37.4665881713939,-93.96129045378287,0
2024-01-05 11:20:00,5423,99.93502424481844,32.5639715018103,-97.43477220275815,0
2024-01-05 11:21:00,7870,19.764753858744108,39.5338173440055,-96.34776534675744,1
2024-01-05 11:22:00,9159,45.4084387453987,32.13702793791703,-91.1027874046265,0
2024-01-05 11:23:00,3073,82.44331320256569,37.314313224276056,-94.99637960624946,1
2024-01-05 11:24:00,7170,29.05976354487547,31.15258311692039,-93.99748179338432,0
2024-01-05 11:25:00,1701,23.922828101855572,36.48904498559834,-98.10723170589398,0
2024-01-05 11:26:00,9113,40.158042580417934,37.59515003356136,-98.68493930184054,0
2024-01-05 11:27:00,7825,7.05558307791622,38.59640144588083,-95.86819741951952,0
2024-01-05 11:28:00,8867,19.420137211069353,37.3430613968801,-91.44614500867075,1
2024-01-05 11:29:00,5264,19.14149818059192,39.234853553554515,-97.5907633905246,1
2024-01-05 11:30:00,8968,43.12711910932746,35.20923257900725,-93.78307544806775,0
2024-01-05 11:31:00,9146,21.175447499736926,36.77428606893328,-91.2790378237372,0
2024-01-05 11:32:00,8776,32.59565187226068,33.69550085088352,-90.65589576093592,0
2024-01-05 11:33:00,9558,34.98905796972133,30.103894492893126,-90.06209732756312,0
2024-01-05 11:34:00,9719,458.3740987129437,37.56692955467341,-92.37042839987375,0
2024-01-05 11:35:00,5886,117.86869473983103,38.69860647871206,-99.24989882219562,0
2024-01-05 11:36:00,4935,48.405694876734536,31.73924477009727,-91.28538006697207,0
2024-01-05 11:37:00,5619,85.54804703837883,30.28640751665291,-91.14363124796415,0
2024-01-05 11:38:00,6191,137.10074741014643,31.645018455014636,-94.42717160798274,0
2024-01-05 11:39:00,7875,72.80389449374096,38.95289293239289,-99.32568339114245,0
2024-01-05 11:40:00,8856,19.416258827734012,32.9551038937133,-95.23334688734171,0
2024-01-05 11:41:00,6401,47.6075063571183,32.33704114853672,-97.89299964121882,0
2024-01-05 11:42:00,4022,20.575635999307625,30.145898248432164,-95.578929324711,0
2024-01-05 11:43:00,6738,39.28806670758411,32.97055147210066,-92.75873522349448,0
2024-01-05 11:44:00,6984,46.57827862765413,37.15639077022236,-93.32449353442861,0
2024-01-05 11:45:00,2770,156.42546539966386,39.590892883762194,-92.20008160396637,0
2024-01-05 11:46:00,9989,24.677202188226236,33.12741232437633,-95.23477259365491,0
2024-01-05 11:47:00,4215,22.777377553468547,32.40685320210693,-94.89207916677769,1
2024-01-05 11:48:00,7694,26.657384435660386,38.88069020462634,-90.64310762089666,0
2024-01-05 11:49:00,3976,29.69545263600213,38.525048508322286,-93.68816316235156,0
2024-01-05 11:50:00,4737,39.719067296449346,33.28160420143686,-92.52459369368907,0
2024-01-05 11:51:00,1752,75.89291493532149,30.68805153757054,-93.3548276346813,0
2024-01-05 11:52:00,2392,24.900600866318744,39.919894404667424,-93.59514586430191,0
2024-01-05 11:53:00,7789,61.245612242347285,36.80704287461785,-90.86457850565183,0
2024-01-05 11:54:00,1677,62.00728107657776,39.265804970841344,-96.4351420562081,0
2024-01-05 11:55:00,1105,94.9809002833592,33.418744743194615,-95.72309668277892,0
2024-01-05 11:56:00,5753,44.22213031777986,36.47685419082994,-96.2024959691213,0
2024-01-05 11:57:00,2946,125.47225079878795,36.74497230206613,-92.34803094274513,0
2024-01-05 11:58:00,6544,78.96709179589652,38.72905467538919,-91.31580384645518,0
2024-01-05 11:59:00,2095,75.50356912996044,39.93058037116004,-96.42497599835542,0
2024-01-05 12:00:00,7985,31.478729387335818,31.086661785239865,-98.57652931037676,0
2024-01-05 12:01:00,2782,71.84876319442456,36.311168454304315,-95.05893380040654,0
2024-01-05 12:02:00,5541,77.65592747412359,33.36439948362586,-90.15671453325584,0
2024-01-05 12:03:00,4257,30.03641821987247,38.11658427060122,-97.96318234982625,0
2024-01-05 12:04:00,7213,180.23876846716098,37.54147984746442,-95.47999061946234,0
2024-01-05 12:05:00,5869,752.57894380999,38.92518524223914,-97.28613196705498,0
2024-01-05 12:06:00,2561,28.300206698513364,33.43702877280483,-90.77321116364821,0
2024-01-05 12:07:00,5006,34.11763788684523,31.84530344157765,-94.49082692433466,0
2024-01-05 12:08:00,4981,34.98694397965653,30.218016771511643,-94.21255540933626,0
2024-01-05 12:09:00,6682,14.738121077778384,32.55506683718211,-99.917387533699,0
2024-01-05 12:10:00,6782,22.730541125960524,33.67171539755231,-93.47220244547808,0
2024-01-05 12:11:00,1943,128.66703926727422,39.46066985947992,-96.93647578591951,0
2024-01-05 12:12:00,5550,50.29906357228025,34.91372633847253,-94.86583656180802,0
2024-01-05 12:13:00,1600,372.0455660598951,35.56439504108789,-94.68932617133402,1
2024-01-05 12:14:00,7376,40.91496778348622,38.80128762048115,-94.07775473228648,0
2024-01-05 12:15:00,2524,82.79360519033834,38.85069513764141,-91.76460609444558,0
2024-01-05 12:16:00,4766,22.10284117168427,35.27915826563202,-97.01065361420667,0
2024-01-05 12:17:00,1250,48.902019917972716,31.13703498733332,-97.4383861579619,0
2024-01-05 12:18:00,1078,59.60986704731302,32.7051616468123,-92.0419115215738,0
2024-01-05 12:19:00,4123,6.658642420377406,34.56888200006122,-92.81281429338905,0
2024-01-05 12:20:00,8064,23.927717097647474,37.511694951778864,-97.74385062157717,0
2024-01-05 12:21:00,9417,103.12382376605913,37.11681748329112,-99.99163643624435,0
2024-01-05 12:22:00,2209,97.77485456752254,36.42708235299765,-93.34063682243318,0
2024-01-05 12:23:00,6153,15.66806595650455,38.80245559802344,-98.42821973094263,0
2024-01-05 12:24:00,5898,38.05521659266532,38.026464083071254,-90.43003718190604,0
2024-01-05 12:25:00,3178,5.105845216166968,39.821142408076305,-93.95592716604604,0
2024-01-05 12:26:00,8610,54.41081506455308,38.89158520933155,-91.50348178476162,0
2024-01-05 12:27:00,9895,192.53922278878306,31.956564278434286,-91.94378481747908,0
2024-01-05 12:28:00,3544,201.06373282513374,30.576165655203955,-94.42202275323004,0
2024-01-05 12:29:00,6522,194.04086731160587,34.145109440443235,-95.6164928638242,0
2024-01-05 12:30:00,3370,92.47774596749252,36.17504450901279,-95.03201591904141,1
2024-01-05 12:31:00,4281,173.85203736412385,36.431034996950395,-91.97011259543122,0
2024-01-05 12:32:00,5710,45.183738149669345,32.675127615183584,-93.59549294454999,0
2024-01-05 12:33:00,1328,32.39905753910586,38.59880964448671,-97.94282818991745,0
2024-01-05 12:34:00,6579,170.82082825357918,33.29246463645427,-93.90644880334412,0
2024-01-05 12:35:00,5228,72.85415471062234,39.19114606383143,-95.95333421063884,0
2024-01-05 12:36:00,7794,9.068096964201947,34.716014013032215,-99.38702492715754,0
2024-01-05 12:37:00,1120,184.30240171041808,30.10390666041836,-96.18730806230423,0
2024-01-05 12:38:00,7749,43.822599158643094,31.62041311194746,-97.72398468771274,0
2024-01-05 12:39:00,1964,28.018760397060237,31.023192566549977,-91.61415466215831,0
2024-01-05 12:40:00,5224,145.31510935351153,30.440257958003077,-98.95000538077358,0
2024-01-05 12:41:00,4675,126.98452470558516,37.14017310810676,-96.39376550696575,0
2024-01-05 12:42:00,6694,20.970558133213498,31.923158730604023,-93.04508018692255,0
2024-01-05 12:43:00,3076,46.661163858032175,38.38619794406486,-91.02608082259698,0
2024-01-05 12:44:00,7865,22.011629718422554,32.6446882881443,-96.64683289941684,0
2024-01-05 12:45:00,6643,22.60238149797875,30.323271064908415,-93.93561474200685,0
2024-01-05 12:46:00,9524,2.7380434644253104,38.20675343975229,-96.26350409930178,0
2024-01-05 12:47:00,6249,19.806457922190617,34.661458505309874,-97.97118864618109,0
2024-01-05 12:48:00,2316,46.00972147460368,35.99505440268994,-96.74282199018644,0
2024-01-05 12:49:00,2196,3.2114099396768188,33.36227288641563,-93.64097836768694,0
2024-01-05 12:50:00,4170,13.848093215354755,30.46040396155642,-92.83660661387717,0
2024-01-05 12:51:00,1355,100.18833363420707,33.701770891641246,-96.29394394531282,0
2024-01-05 12:52:00,1028,13.299106543000189,35.18286370293572,-98.47467950815013,0
2024-01-05 12:53:00,2013,46.65440165376936,30.116866035366186,-98.60442487644129,1
2024-01-05 12:54:00,3024,10.450346101309126,35.74290032203819,-91.87385900436736,0
2024-01-05 12:55:00,9490,82.22320441032578,38.93042154559173,-93.46726479041078,0
2024-01-05 12:56:00,6839,39.41892381769422,32.17840522420026,-92.7196919336955,0
2024-01-05 12:57:00,6791,21.809067907997918,39.26769161148399,-95.11745782367781,0
2024-01-05 12:58:00,1754,3.878701654973409,30.97608518823586,-95.4268021904647,0
2024-01-05 12:59:00,9961,22.334541910797633,38.254363502228216,-97.8884986874284,0
2024-01-05 13:00:00,4735,106.1381639888052,38.40324358302157,-98.31660296784305,0
2024-01-05 13:01:00,2238,257.2527471635702,32.57759862898139,-98.46086655445873,0
2024-01-05 13:02:00,2906,43.848582801915285,39.57843407908467,-90.08211352558669,1
2024-01-05 13:03:00,8399,49.39840232683173,34.16598725711778,-91.7910826495867,0
2024-01-05 13:04:00,8961,27.73059760357235,31.412560874655938,-93.73870392930517,0
2024-01-05 13:05:00,5601,186.65898853482003,35.91714450827167,-97.85596083369374,0
2024-01-05 13:06:00,2460,42.92013137006812,39.96614704045266,-96.62341192423185,0
2024-01-05 13:07:00,8669,133.45024533363824,38.992915489592946,-96.49214283753409,0
2024-01-05 13:08:00,2416,69.97996728323338,32.786028261151024,-95.2232659398556,0
2024-01-05 13:09:00,8766,61.73835003219243,35.76986599378375,-95.78003205709499,0
2024-01-05 13:10:00,2428,19.682776673478887,31.153676596768165,-90.65846815843418,0
2024-01-05 13:11:00,5378,324.6003178595427,34.6184480433709,-92.79190337425716,0
2024-01-05 13:12:00,8529,236.49656557259252,35.230700676911816,-99.18594756010233,0
2024-01-05 13:13:00,5474,530.6993386648078,33.15278298331128,-96.40043199932555,0
2024-01-05 13:14:00,4071,18.18523585957803,34.84187082937006,-98.67037370504785,0
2024-01-05 13:15:00,1555,71.0959590606154,39.199384581811735,-97.20645445066026,0
2024-01-05 13:16:00,9547,24.697103241468458,35.001376371797306,-90.41106996645922,0
2024-01-05 13:17:00,2563,85.08592426210687,38.30990310567597,-92.94736454825009,0
2024-01-05 13:18:00,2040,73.12887009487856,33.17390429163434,-99.92147803950617,0
2024-01-05 13:19:00,3686,36.089918228106235,39.71404222372482,-96.71138707557475,0
2024-01-05 13:20:00,3553,43.43997962080308,30.934632334451855,-95.61298262965583,0
2024-01-05 13:21:00,2779,441.7606237258357,35.85586646841989,-93.97498570967232,1
2024-01-05 13:22:00,1075,47.68838043988475,37.89887795166803,-95.00272982015349,0
2024-01-05 13:23:00,5326,6.034079662620843,38.140409863102455,-99.30227249397066,0
2024-01-05 13:24:00,6835,31.939673617923145,31.98281110787042,-94.84452531316518,0
2024-01-05 13:25:00,6057,18.26032964631218,34.01645888684986,-98.69740723946926,1
2024-01-05 13:26:00,3349,21.763469214613792,36.24196172464103,-94.8080023126836,1
2024-01-05 13:27:00,3773,110.97973414229708,33.15882709772416,-97.53931390027894,0
2024-01-05 13:28:00,3262,133.07497964106676,36.5829601521348,-98.558077009243,0
2024-01-05 13:29:00,4229,23.49887117758848,33.787806713127026,-97.12077060894505,0
2024-01-05 13:30:00,1392,31.478830452686356,33.508663225852224,-99.00377921468672,0
2024-01-05 13:31:00,2108,27.162603333030308,31.080681714904095,-97.16016276680186,0
2024-01-05 13:32:00,5362,249.16223497751417,30.392528788530456,-91.33067295430477,0
2024-01-05 13:33:00,6188,137.1121018284146,38.352737900121824,-96.92829302836498,0
2024-01-05 13:34:00,9802,107.4408790170006,34.89544492156074,-95.29777965854511,0
2024-01-05 13:35:00,6057,19.451859830775582,35.62873133209007,-94.80191641780392,0
2024-01-05 13:36:00,4998,9.882254453699428,33.722210225284805,-98.21709240665542,0
2024-01-05 13:37:00,9864,186.88197820599166,31.367420454737704,-95.58215541007698,0
2024-01-05 13:38:00,7566,372.0085141815534,34.49571997691206,-91.47018878417384,0
2024-01-05 13:39:00,4677,9.425609547008433,32.289570780311685,-99.1947292622797,0
2024-01-05 13:40:00,6796,513.6215884727113,38.37683046777211,-90.77180378224419,0
2024-01-05 13:41:00,7363,49.10632507686309,39.867885380744895,-91.28886431083293,0
2024-01-05 13:42:00,9123,64.59741722851321,38.890961354758055,-91.4417048130845,0
2024-01-05 13:43:00,9222,14.615959610416272,35.28274265925631,-98.01457224329535,0
2024-01-05 13:44:00,8690,9.25571639550298,36.28131745182044,-95.15686401483515,0
2024-01-05 13:45:00,2400,5.675718255967759,39.48122542739238,-93.83844529494098,0
2024-01-05 13:46:00,5071,153.0588323173607,35.38681933588725,-99.00050075988253,0
2024-01-05 13:47:00,9808,50.2627109017905,36.385891232915505,-94.43154487464403,0
2024-01-05 13:48:00,3786,86.55520406972833,36.29229503742328,-91.59956786472176,0
2024-01-05 13:49:00,8169,169.54475820050965,37.081211518124654,-90.63446060881023,0
2024-01-05 13:50:00,1870,49.61039815532016,36.40285099578319,-97.21671473455396,0
2024-01-05 13:51:00,5196,295.7358261682644,36.70705398055573,-97.11260677534345,0
2024-01-05 13:52:00,3739,23.916914740852047,37.25894472232798,-97.29269382630089,0
2024-01-05 13:53:00,1940,35.95928314600814,38.09099229667949,-98.4654992688609,0
2024-01-05 13:54:00,1340,22.13540250517714,34.03054969263004,-95.69286246184429,0
2024-01-05 13:55:00,8422,125.9023059682115,37.45833984260578,-92.15531151753993,1
2024-01-05 13:56:00,5133,166.26120418850286,31.002037591539622,-92.879113593818,0
2024-01-05 13:57:00,1659,34.71172569155403,38.761881322415285,-90.9968064868204,0
2024-01-05 13:58:00,4457,13.556317142357656,32.900443079091914,-96.44258517290064,0
2024-01-05 13:59:00,3975,186.9070312691772,34.03460314087284,-94.27780748244791,0
2024-01-05 14:00:00,1453,22.629420962858894,38.03610412657508,-92.33464505417753,0
2024-01-05 14:01:00,9184,36.49586792902278,36.36987038091006,-91.0182669591371,0
2024-01-05 14:02:00,6442,18.666741001507226,33.086279898511684,-91.28245688010038,0
2024-01-05 14:03:00,1818,72.78126414665415,32.2539911112464,-95.34482405570427,0
2024-01-05 14:04:00,5868,25.280615656816163,39.5771444871059,-90.93142166315222,0
2024-01-05 14:05:00,1012,110.10201636880232,30.877763610315867,-95.55944240707088,0
2024-01-05 14:06:00,8727,31.194451431848886,30.043351086093413,-90.97167782011192,0
2024-01-05 14:07:00,1920,93.48907625833647,36.7293490228635,-92.23029193105293,0
2024-01-05 14:08:00,5920,21.656704388722954,36.144744270825186,-97.7835207780737,0
2024-01-05 14:09:00,3418,186.0960386779733,37.37613962951784,-90.7033232584689,0
2024-01-05 14:10:00,7475,33.11867750125162,37.316338316090466,-97.57535409066185,0
2024-01-05 14:11:00,3017,59.743966327880116,38.632591272660235,-90.9158003781915,0
2024-01-05 14:12:00,8957,16.64482939193682,39.22108590408457,-93.84890930550954,0
2024-01-05 14:13:00,5792,53.727226668614776,37.75024588257886,-93.32623892799343,0
2024-01-05 14:14:00,7830,17.274173463507363,32.32292801622097,-98.90666516982262,0
2024-01-05 14:15:00,3434,52.25340640234906,34.63496178298974,-99.3425897156078,0
2024-01-05 14:16:00,3868,20.873222104657767,36.41715240655889,-90.31658975659694,0
2024-01-05 14:17:00,2438,46.74222260669171,35.39365268844742,-96.63072274274268,0
2024-01-05 14:18:00,4543,87.0011225371521,31.58897512434625,-91.55628879802904,0
2024-01-05 14:19:00,2781,13.841365286547079,35.89273030624046,-92.95524549809903,1
2024-01-05 14:20:00,7343,52.27255383339521,38.865286494339756,-93.95861618846568,0
2024-01-05 14:21:00,3263,82.13051183176466,34.18517223265098,-93.14790047886989,0
2024-01-05 14:22:00,1211,81.78318970403548,36.68932824435404,-99.10612829788543,0
2024-01-05 14:23:00,9699,371.80979156248765,36.15934286276338,-95.87604753686229,0
2024-01-05 14:24:00,7159,25.932358721172438,33.77043136854516,-93.92923609398984,0
2024-01-05 14:25:00,8027,54.44502581409464,35.65271207147233,-91.32437045094687,0
2024-01-05 14:26:00,1331,313.4756830086373,32.10212033898861,-92.85312650398765,1
2024-01-05 14:27:00,7860,13.828667377202162,35.46107258695187,-97.47192733340286,0
2024-01-05 14:28:00,9044,5.487394160128965,37.988295904903794,-90.15073710109094,0
2024-01-05 14:29:00,9169,93.2768228714153,37.58947769591266,-93.56963409179846,0
2024-01-05 14:30:00,9742,154.9687620743798,33.579545498070715,-94.98683381906432,0
2024-01-05 14:31:00,6720,6.619217892303396,31.120852159065088,-92.18621186390105,0
2024-01-05 14:32:00,1727,39.654290924047444,37.99942565039866,-93.9729959552505,0
2024-01-05 14:33:00,5975,19.72848185269931,32.650390894945225,-92.90011453831431,1
2024-01-05 14:34:00,4243,74.41632044492471,30.530437672120676,-93.82866760751601,0
2024-01-05 14:35:00,1648,52.78105958038082,34.45192960216003,-98.21161975768214,0
2024-01-05 14:36:00,6095,202.1370905086792,37.39470529546548,-94.5664393916237,0
2024-01-05 14:37:00,7614,14.227043487228952,38.08493340489188,-97.16898846509946,1
2024-01-05 14:38:00,8135,80.32118774113056,39.822021492219335,-94.29711554790414,0
2024-01-05 14:39:00,2009,101.65779839722323,31.894076840301235,-98.74496456236798,0
2024-01-05 14:40:00,2550,57.4171267552299,32.93794850460533,-97.68034241359308,0
2024-01-05 14:41:00,9995,7.338290995790341,36.09490498479497,-91.91277406550775,0
2024-01-05 14:42:00,8492,82.72648885679493,38.11343697116025,-95.94729456359835,0
2024-01-05 14:43:00,4401,26.294098006633092,32.34075021242492,-93.26215114355057,0
2024-01-05 14:44:00,8447,9.551741545684196,34.09914450373759,-95.02151508933655,0
2024-01-05 14:45:00,6424,78.98063760108454,34.08400668452492,-96.59302759423002,0
2024-01-05 14:46:00,5241,117.58972684260512,37.72936733098321,-95.0482474958393,0
2024-01-05 14:47:00,4161,29.50619746306871,32.409322056789215,-91.86299853444166,0
2024-01-05 14:48:00,5155,125.69290200098727,39.687585546959276,-97.18399336235883,0
2024-01-05 14:49:00,8478,126.9611568463076,35.10463812635462,-95.78556388081768,0
2024-01-05 14:50:00,9719,53.653443982232474,32.82066836605314,-97.97416715551135,0
2024-01-05 14:51:00,7617,99.12073822093127,32.84284059718487,-96.48811034146891,0
2024-01-05 14:52:00,6660,144.94578390314607,30.182999867039705,-91.14890290956166,0
2024-01-05 14:53:00,9624,92.30021527715607,36.9243089075629,-92.14277487868412,0
2024-01-05 14:54:00,2176,5.54565741904624,37.75948302675598,-96.26384707256773,0
2024-01-05 14:55:00,8956,4.391415118781319,30.324277729236897,-98.67605415937689,0
2024-01-05 14:56:00,9592,158.5488106180786,35.85934539130953,-95.80029976100276,0
2024-01-05 14:57:00,3233,27.428493717396446,37.81672667770422,-92.28277594381889,0
2024-01-05 14:58:00,5700,33.24957373980546,33.76240048391002,-99.56199003042119,0
2024-01-05 14:59:00,6906,361.40311266796243,34.3274158285469,-92.54659318963292,0
2024-01-05 15:00:00,8860,26.21469458850857,33.6162489991214,-93.20090069191032,0
2024-01-05 15:01:00,8526,47.53830035352978,33.156507185664736,-99.35351057512152,0
2024-01-05 15:02:00,6559,55.28316533093514,34.911417236519206,-93.6435971069222,0
2024-01-05 15:03:00,7732,44.125746763344566,31.661006601332247,-97.01344153030945,0
2024-01-05 15:04:00,3513,209.36547801792076,34.406876812318586,-98.22714679665654,0
2024-01-05 15:05:00,8830,37.539615052238524,39.41825124272205,-96.15118048707006,0
2024-01-05 15:06:00,7944,112.09543922044341,30.274020977972132,-97.94612239321526,0
2024-01-05 15:07:00,8910,58.57222375450826,31.647434158530288,-91.75444121627291,0
2024-01-05 15:08:00,6649,143.5857392594084,37.77702390646421,-92.5799949417989,0
2024-01-05 15:09:00,2096,13.8467524876818,31.320570899137117,-90.19247049595683,0
2024-01-05 15:10:00,2951,5.734137467280802,32.71280899502746,-94.659251535766,1
2024-01-05 15:11:00,8799,56.24679078839846,34.548389240443555,-99.10794178224553,0
2024-01-05 15:12:00,9804,23.395640065100448,39.431622576411044,-96.32231378354692,0
2024-01-05 15:13:00,1595,236.24748353745184,31.835011873035693,-91.61362951078272,0
2024-01-05 15:14:00,8875,50.24617440597771,39.23084594004317,-96.03136789169268,0
2024-01-05 15:15:00,5439,68.01813291510894,37.185245127128525,-95.44324872935111,0
2024-01-05 15:16:00,6972,40.15050569385808,36.71144911743172,-95.88029137242485,0
2024-01-05 15:17:00,1858,28.464548498624882,37.23542524050032,-97.64621309931616,0
2024-01-05 15:18:00,6519,57.82994605861165,30.312466189693374,-99.2680478868163,0
2024-01-05 15:19:00,8385,150.6147783914101,30.989002610695195,-98.19439676099059,0
2024-01-05 15:20:00,9636,39.941390171068434,33.34841528740228,-96.36056922278779,0
2024-01-05 15:21:00,5317,37.2322142346535,30.739675331486776,-97.54562310807864,0
2024-01-05 15:22:00,4454,122.09712626900799,39.87589709495422,-94.27264800009485,0
2024-01-05 15:23:00,2030,10.12833206735672,35.80412208145177,-93.86094339088069,0
2024-01-05 15:24:00,8906,179.19459406180079,34.87343671142984,-94.29933925162892,0
2024-01-05 15:25:00,2447,24.377150102039742,37.85511784899044,-99.15080964096349,0
2024-01-05 15:26:00,3850,140.4092181129548,39.7695920681199,-93.33139680033538,0
2024-01-05 15:27:00,9106,73.24759177841925,39.551300000847746,-96.15420515318354,1
2024-01-05 15:28:00,8151,6.794131229618339,37.93064884788696,-91.21841222741892,0
2024-01-05 15:29:00,7952,55.25024002382156,33.771742369608766,-94.74385631014506,0
2024-01-05 15:30:00,5055,203.2184642782409,30.659594915779067,-99.15485331142169,0
2024-01-05 15:31:00,6402,40.30388415422119,30.98376977729081,-99.90781910499443,0
2024-01-05 15:32:00,2672,44.17876492812195,30.011523407945873,-92.97487707602306,0
2024-01-05 15:33:00,5532,25.345212051095633,30.019028432248557,-95.994892637223,0
2024-01-05 15:34:00,5924,180.4603639710784,39.36421798933462,-97.12004126321976,0
2024-01-05 15:35:00,7085,34.36652752715924,39.27016969207499,-95.52820959073556,0
2024-01-05 15:36:00,8734,327.5137424906031,36.675537997048025,-99.27607105776863,0
2024-01-05 15:37:00,5864,173.35387872440194,37.266767242203024,-96.08015665257356,0
2024-01-05 15:38:00,2221,206.83961064034827,35.13208456650038,-96.85300241697695,0
2024-01-05 15:39:00,3860,59.15572589663218,32.37842256088332,-91.99810860567652,0
2024-01-05 15:40:00,9428,33.571376051668445,39.14385049108809,-98.25145992314584,1
2024-01-05 15:41:00,4253,88.09581881219869,32.7769146735935,-92.43683096471864,0
2024-01-05 15:42:00,4782,257.7503886847601,37.39671260949635,-94.9959746744233,0
2024-01-05 15:43:00,7957,321.5781558572394,32.4543568472388,-99.18112050914573,0
2024-01-05 15:44:00,1766,8.523295730320484,38.701484180491775,-90.30321451640219,0
2024-01-05 15:45:00,3681,816.3126170413765,36.51239434425481,-92.65790350631747,0
2024-01-05 15:46:00,8710,70.25578093593313,36.42695020556732,-97.39905732710955,0
2024-01-05 15:47:00,8482,119.00091972789721,30.973672367419198,-94.18246711399169,0
2024-01-05 15:48:00,6086,22.30290428489913,34.194689031692015,-91.00064470186028,0
2024-01-05 15:49:00,8964,20.818114457668127,35.24908507549599,-90.69193032152398,0
2024-01-05 15:50:00,3665,12.951101643833448,32.9403628841111,-92.68841959801819,0
2024-01-05 15:51:00,4513,299.96091502704496,38.80974611833466,-92.72329845397255,0
2024-01-05 15:52:00,1495,27.43793830338555,38.37669941511221,-97.22638752975901,0
2024-01-05 15:53:00,6822,49.80457320682674,34.9362091234253,-90.10238048807932,0
2024-01-05 15:54:00,3072,40.39219044141183,33.40031202644115,-97.56518795161838,0
2024-01-05 15:55:00,8795,19.671528049699845,38.01542272005644,-99.10593569016538,0
2024-01-05 15:56:00,9529,44.74793028980448,31.968914475412387,-90.22619826365539,0
2024-01-05 15:57:00,4949,59.614570183136934,30.715163150936327,-98.47154535798107,0
2024-01-05 15:58:00,7033,190.33352287463876,30.457104860719475,-94.78386521647771,0
2024-01-05 15:59:00,9328,18.93289080301223,30.38683260898,-95.31756596173948,0
2024-01-05 16:00:00,3555,30.462583555216185,34.888886564701785,-91.51793976494486,0
2024-01-05 16:01:00,7370,94.64257176132195,32.553136360993605,-96.03340773704451,0
2024-01-05 16:02:00,5415,57.13351771271615,36.90375121361947,-94.97818540069956,0
2024-01-05 16:03:00,6959,58.195715133059856,36.53891574040505,-99.56262300562076,0
2024-01-05 16:04:00,6993,20.67503163154959,35.42020007144025,-97.92162690873641,0
2024-01-05 16:05:00,6021,118.92130753531931,33.52843281427963,-91.67004341694364,0
2024-01-05 16:06:00,3907,224.44348887413105,38.5045624498573,-95.21638797620818,1
2024-01-05 16:07:00,3914,204.62244709473825,37.097027533000535,-97.69068279988605,0
2024-01-05 16:08:00,4870,44.987528715107885,32.715261240316586,-96.31092656386657,0
2024-01-05 16:09:00,6085,4.124907021636976,35.0168866231351,-97.14904376926714,0
2024-01-05 16:10:00,7546,68.97408364190436,31.562712088242634,-94.4377919267508,0
2024-01-05 16:11:00,1395,60.359014068405436,33.28776291101907,-99.48553981777994,0
2024-01-05 16:12:00,1938,19.72489203154297,39.97140182863534,-97.75030149253949,0
2024-01-05 16:13:00,3510,24.006934803125656,32.23844220267196,-96.45035004090367,0
2024-01-05 16:14:00,5636,20.174970492538442,36.98302355718138,-90.71785896336274,0
2024-01-05 16:15:00,2649,71.8459490142972,32.384186457770284,-93.76721790489611,0
2024-01-05 16:16:00,4690,23.988975706151404,39.381345390058115,-94.9574634438747,0
2024-01-05 16:17:00,4435,64.39831442333917,33.101328449903676,-98.09176546220554,0
2024-01-05 16:18:00,4201,587.8907498428672,33.466890746467094,-94.42146979810555,0
2024-01-05 16:19:00,5179,45.33865967045502,35.93859773066187,-90.7099044946656,0
2024-01-05 16:20:00,9405,17.115190659167865,35.881117711149344,-94.3369069543437,0
2024-01-05 16:21:00,4237,12.764342421536252,35.7907638979718,-98.3522594304522,0
2024-01-05 16:22:00,4862,75.94951455396219,35.732546684062406,-90.0288100280216,0
2024-01-05 16:23:00,1058,404.5978119360382,33.12186893720209,-95.01142415077126,1
2024-01-05 16:24:00,5938,22.162463243331405,34.344102233385414,-96.80444736614476,0
2024-01-05 16:25:00,3971,6.328314081298445,35.934334431409766,-94.96623867663762,0
2024-01-05 16:26:00,9314,301.10706901248346,36.71270123667116,-97.363092047605,0
2024-01-05 16:27:00,4345,676.0414689937363,32.53129013523595,-99.69626832214377,0
2024-01-05 16:28:00,3486,116.36429453711301,37.01475061702941,-91.10478711716286,0
2024-01-05 16:29:00,1561,83.9779554799043,39.232762501126366,-95.71125569164448,0
2024-01-05 16:30:00,4981,58.36553252765707,37.57927703343789,-92.47107299754514,0
2024-01-05 16:31:00,7261,107.88013699593861,30.842328028227218,-90.28744620107106,0
2024-01-05 16:32:00,2737,103.00784311912258,34.69126220090021,-93.67412423521041,0
2024-01-05 16:33:00,4554,72.45653100102763,34.352638355390745,-93.08383661403474,0
2024-01-05 16:34:00,8095,21.066640656504735,33.36503312018264,-90.56759052402141,0
2024-01-05 16:35:00,9266,72.07411037729858,34.91320139903003,-94.83445553983428,0
2024-01-05 16:36:00,1294,49.480900396065856,34.39633773399879,-96.80100122100737,0
2024-01-05 16:37:00,9212,24.482308477306287,30.061704771673604,-90.78615743346573,0
2024-01-05 16:38:00,6330,71.90601932493018,32.3655527809207,-99.31005891222063,0
2024-01-05 16:39:00,5655,33.5757022238825,32.137821452823474,-97.85392046260206,0
2024-01-05 16:40:00,2109,58.42449424866407,33.492595412427995,-96.58735352710822,0
2024-01-05 16:41:00,4771,86.18432102687918,31.74456741724305,-92.1788837886961,0
2024-01-05 16:42:00,9563,99.30079891261946,30.67801443711512,-90.96098553281448,0
2024-01-05 16:43:00,7123,34.41325725298051,31.966128550350128,-95.48213450239201,0
2024-01-05 16:44:00,8647,85.66050419348323,38.54186786419465,-97.13872308325095,0
2024-01-05 16:45:00,2174,108.11340331225703,37.97039340864529,-96.46789275682144,0
2024-01-05 16:46:00,2164,144.58752786220936,34.42096197425745,-93.43452685764208,0
2024-01-05 16:47:00,9712,74.05890814320941,38.778150339787636,-98.41992883396419,0
2024-01-05 16:48:00,5466,100.01785129886191,32.32665618120784,-94.52569214128783,1
2024-01-05 16:49:00,6538,35.82334933605063,35.842091411992314,-94.11556701981421,0
2024-01-05 16:50:00,8111,718.3233034382719,31.42924875546411,-92.92144249591207,0
2024-01-05 16:51:00,9434,51.20761766817154,38.3340068954939,-93.96102091716125,0
2024-01-05 16:52:00,3800,167.53374433145584,31.305815574918526,-99.03044378533868,0
2024-01-05 16:53:00,5607,33.55684009018579,30.318601589784432,-93.11201112279065,0
2024-01-05 16:54:00,8262,79.42028968493085,32.734442300681955,-99.78252569360156,0
2024-01-05 16:55:00,2541,76.51021611400934,39.009350893470234,-96.0969119638794,1
2024-01-05 16:56:00,3765,92.55600165339399,31.294570819264433,-95.82937062286364,0
2024-01-05 16:57:00,5491,23.382716581920306,33.3067026869554,-98.83369518009863,0
2024-01-05 16:58:00,4083,80.59547027785854,33.16414993012193,-99.90142860564627,0
2024-01-05 16:59:00,6356,33.68744914584274,38.01646274096891,-99.28838158652098,0
2024-01-05 17:00:00,2857,123.89785735850337,34.21525399780025,-95.53700037615222,0
2024-01-05 17:01:00,1769,22.686523739686393,36.115670496146834,-97.59645758032246,0
2024-01-05 17:02:00,2422,74.13589157604285,34.04383005832875,-99.31019602196876,0
2024-01-05 17:03:00,9598,53.07427304253862,35.51457015136869,-97.43594589052398,0
2024-01-05 17:04:00,3972,348.9420462696863,30.624407240174317,-94.71177645561019,0
2024-01-05 17:05:00,2872,166.96552180347206,33.74029438140135,-92.5786116104904,0
2024-01-05 17:06:00,6599,215.40012331549383,38.551058377399535,-95.87998653001789,0
2024-01-05 17:07:00,3269,25.240374875299626,36.910675631822414,-93.868510396234,0
2024-01-05 17:08:00,6275,37.21221250946478,39.8182904414662,-94.03235325829928,0
2024-01-05 17:09:00,5749,54.37647886745096,37.87919537376143,-91.03685492268983,0
2024-01-05 17:10:00,7571,171.49579569134377,34.51509714891774,-98.20605726888138,0
2024-01-05 17:11:00,6072,79.52538620398249,36.76280457699543,-95.23569556498447,0
2024-01-05 17:12:00,6463,25.811559273933344,37.75913675688289,-93.68170268482483,0
2024-01-05 17:13:00,8450,26.92599520835473,32.69683659921341,-94.80277674945333,0
2024-01-05 17:14:00,9420,179.91266579864615,30.600178906155843,-95.49658414138149,0
2024-01-05 17:15:00,4959,82.1330138934427,34.058472679985485,-90.26541017282238,0
2024-01-05 17:16:00,2313,57.53890656806719,31.44673162102515,-90.57986165529564,0
2024-01-05 17:17:00,8847,52.9640186255016,32.77241119762502,-93.88544554947114,0
2024-01-05 17:18:00,2070,133.67288525857253,39.46845495474133,-95.60424290641731,0
2024-01-05 17:19:00,4285,19.0225438632178,38.47082593222518,-92.44617878693433,0
2024-01-05 17:20:00,9949,57.504377271336416,35.924638345676605,-94.8706525358322,0
2024-01-05 17:21:00,4095,61.04560610188242,34.01256706532372,-90.0443037855566,0
2024-01-05 17:22:00,1320,15.706738926522304,32.64330360207852,-93.14062704777447,0
2024-01-05 17:23:00,3321,44.371554114034645,35.714582797186665,-99.31839940353109,0
2024-01-05 17:24:00,1555,537.2827057625396,35.33160249672893,-95.98089345599377,1
2024-01-05 17:25:00,5939,23.68856075003429,37.80780808381533,-92.69735302184866,0
2024-01-05 17:26:00,6432,61.932182748052305,39.28020188764057,-91.57630755730975,0
2024-01-05 17:27:00,2386,6.840572622501529,33.28937301330019,-91.86630500027071,1
2024-01-05 17:28:00,5763,47.51699757204037,32.06297110756794,-90.22762275665563,0
2024-01-05 17:29:00,7854,18.64588460605854,34.027996159457054,-95.10879505007492,0
2024-01-05 17:30:00,8637,38.404675246205606,34.375413024132044,-98.59932957788794,0
2024-01-05 17:31:00,5841,83.61030517523763,30.398702894843623,-93.47756819001472,0
2024-01-05 17:32:00,4867,17.71185307343542,38.616965321995224,-99.29251092841372,0
2024-01-05 17:33:00,4793,69.47969990049327,39.955923386674954,-90.26476695691231,0
2024-01-05 17:34:00,8373,25.03378646267257,39.232086927115226,-92.41466929757031,0
2024-01-05 17:35:00,3513,14.36143716286816,38.6066497948691,-90.17851653573382,0
2024-01-05 17:36:00,4803,145.86828370329545,39.92600303459541,-96.22747008983059,0
2024-01-05 17:37:00,3327,20.875822820649994,39.07808431974886,-99.8420330499726,0
2024-01-05 17:38:00,9809,35.73610042434155,36.88367620743317,-94.78710301895721,0
2024-01-05 17:39:00,3165,30.85387642590099,31.667566487721675,-98.78816728666156,0
2024-01-05 17:40:00,4308,67.82182627861617,31.56350123336868,-93.20372303308004,0
2024-01-05 17:41:00,7452,56.39059057541315,30.487797465633527,-95.0244857505145,0
2024-01-05 17:42:00,9067,46.28269443167089,34.118308671876164,-92.46553023764815,0
2024-01-05 17:43:00,8642,26.876804943926903,38.088240770900036,-97.08931207076026,0
2024-01-05 17:44:00,7404,41.87534944848866,34.902959447989105,-91.70834435664527,0
2024-01-05 17:45:00,1992,73.24731897356284,33.66321705711582,-93.49179454529283,0
2024-01-05 17:46:00,6424,61.42966700266939,31.0923586419875,-90.12290277084017,0
2024-01-05 17:47:00,5381,167.63166173124333,30.517533090905882,-98.2144296746841,0
2024-01-05 17:48:00,4174,117.0979378068534,33.99179143423607,-99.48827247668044,0
2024-01-05 17:49:00,5782,165.0857530525218,30.999253801837323,-91.48950061668694,1
2024-01-05 17:50:00,6560,211.3273836425722,31.03548172737983,-96.61548713783341,0
2024-01-05 17:51:00,8460,65.83065261896614,33.95348424970646,-95.68753635992812,0
2024-01-05 17:52:00,4078,128.2038299929768,35.02843456502716,-90.74331737683785,0
2024-01-05 17:53:00,3983,76.37778475979256,31.866828869745152,-95.59303188138479,0
2024-01-05 17:54:00,8259,205.7707357063256,36.84635686260437,-97.01980923672018,0
2024-01-05 17:55:00,7054,9.441767904236444,34.18692000682811,-99.405045054218,0
2024-01-05 17:56:00,3523,39.82276405636044,30.91922537738716,-95.57064661131025,0
2024-01-05 17:57:00,5581,82.2755350760698,36.37034124562715,-93.45048474055548,0
2024-01-05 17:58:00,6609,96.54032846394304,33.56944818695139,-97.30824942262781,0
2024-01-05 17:59:00,3001,53.643555472262676,30.523214770762664,-92.8222060269677,0
2024-01-05 18:00:00,2387,10.355312737995266,39.47981579667192,-95.21736051967545,0
2024-01-05 18:01:00,7552,45.71572770252473,35.7119695710567,-91.4189270788389,0
2024-01-05 18:02:00,2030,123.49550208698668,34.77720369030637,-98.3826252772401,0
2024-01-05 18:03:00,2220,39.81918223067481,38.59137394853835,-92.42920336734943,0
2024-01-05 18:04:00,7035,59.889525154274665,39.36740429313725,-90.67447423287996,0
2024-01-05 18:05:00,7523,371.1288383021543,32.203218681662115,-92.58602063838322,0
2024-01-05 18:06:00,9074,45.291648403342016,38.101445016750276,-95.94062670957304,0
2024-01-05 18:07:00,1834,46.64743533876038,38.31079926774265,-97.69544233055686,0
2024-01-05 18:08:00,2724,66.29887164720103,30.54402794677599,-99.0163258330181,0
2024-01-05 18:09:00,7598,69.23723968372914,37.11944115178272,-93.57630302248388,0
2024-01-05 18:10:00,3413,62.46572525127539,30.62967881799577,-98.57145684398456,0
2024-01-05 18:11:00,6993,80.89894488267443,35.94673246389901,-91.61695984371276,0
2024-01-05 18:12:00,5498,16.60883121852441,36.69236777138674,-90.39262657304556,0
2024-01-05 18:13:00,3105,48.36590803325116,33.6705868835097,-98.64210821757088,0
2024-01-05 18:14:00,3568,15.984537851107637,38.80787496657658,-96.23947048792134,0
2024-01-05 18:15:00,1209,57.7409764992498,38.005117069674725,-90.62727894530731,0
2024-01-05 18:16:00,5911,99.94058449147015,39.25959713621396,-95.29295417820099,0
2024-01-05 18:17:00,3220,47.52724710747943,33.14889526630982,-94.64583943633865,0
2024-01-05 18:18:00,1233,21.18220314745853,30.21527800061811,-92.52484001036171,0
2024-01-05 18:19:00,1792,35.48398487012361,38.11461266997552,-97.89466589091236,0
2024-01-05 18:20:00,4110,330.6330366020207,32.22977355996441,-90.20850929251392,0
2024-01-05 18:21:00,3166,232.68764789166704,34.671560405670554,-92.19116468992317,0
2024-01-05 18:22:00,9526,31.746551223201337,38.1732117186403,-98.38626630191177,0
2024-01-05 18:23:00,6193,31.58909284458098,32.16135178675291,-98.88930422831228,0
2024-01-05 18:24:00,2214,48.97053871850488,33.11908762786324,-90.65045773012315,0
2024-01-05 18:25:00,5419,188.60943821038876,34.39079986337789,-93.14972200123117,0
2024-01-05 18:26:00,8314,9.47864520150971,32.71824850165441,-99.61432693876883,0
2024-01-05 18:27:00,9475,31.337888882293363,34.613214230028284,-98.58012779476559,0
2024-01-05 18:28:00,1212,82.37806114525154,30.095966444945265,-99.52170754774147,0
2024-01-05 18:29:00,2658,73.39674708331957,32.121879727513274,-90.25918293581068,0
2024-01-05 18:30:00,6024,35.60018043073831,38.325533596629754,-95.0214910078099,0
2024-01-05 18:31:00,6917,42.42375610149595,34.13481958513,-95.37851561338096,0
2024-01-05 18:32:00,6141,76.01730819648233,36.364057677419396,-90.44221233821143,0
2024-01-05 18:33:00,2794,36.219719195934694,32.32287927635542,-94.95364004531521,0
2024-01-05 18:34:00,6988,18.850812276435395,36.49878664448666,-94.82245153040273,1
2024-01-05 18:35:00,9296,45.35842896600582,39.99973867646257,-90.15902836646666,0
2024-01-05 18:36:00,6578,65.98033293679553,35.95287639396805,-98.88567783252705,0
2024-01-05 18:37:00,6551,6.524439316685198,36.28358562641909,-90.1424520321201,0
2024-01-05 18:38:00,4845,80.81989624535728,31.115198244619975,-98.34322100179094,0
2024-01-05 18:39:00,7906,144.6295533696784,34.03381471665985,-95.27088536384949,0
2024-01-05 18:40:00,1378,38.196502771327594,38.6072489848289,-96.62386320378666,0
2024-01-05 18:41:00,4293,38.89572661269666,38.34271973658332,-90.4457875140138,0
2024-01-05 18:42:00,4329,26.090799678833864,35.223991103613216,-95.14496691178773,0
2024-01-05 18:43:00,5808,46.88115258335172,39.034541497377724,-99.76985483209154,1
2024-01-05 18:44:00,8937,31.244024395622958,31.42937018205718,-97.78308865706012,1
2024-01-05 18:45:00,1224,232.20150995499648,36.581894046615254,-95.69187953913799,0
2024-01-05 18:46:00,1737,61.84346549362123,32.48883576502195,-93.23609592371012,0
2024-01-05 18:47:00,1235,6.375665182340425,36.455614051052365,-94.3809700164505,0
2024-01-05 18:48:00,1711,96.59573947834646,30.87399689105196,-91.5009070626338,0
2024-01-05 18:49:00,6988,304.6427634428258,39.43609095104939,-91.71566411967083,0
2024-01-05 18:50:00,2888,90.83712341923203,37.86332039590493,-94.09490699477539,0
2024-01-05 18:51:00,8173,179.47152667775507,32.009615648958906,-94.28685063543008,0
2024-01-05 18:52:00,2259,107.46672048206258,36.372765685720374,-97.21835283992436,0
2024-01-05 18:53:00,6246,147.08106006956913,37.591456405374714,-90.42094135005492,1
2024-01-05 18:54:00,8271,140.09114252200564,32.09445821829361,-99.23148662261319,0
2024-01-05 18:55:00,1748,141.705656619497,30.933303077139772,-96.02969741550757,0
2024-01-05 18:56:00,4551,74.93912307831587,33.517797660957,-93.39164110373972,0
2024-01-05 18:57:00,7400,9.825363626788802,31.35754341195232,-90.54336899914287,0
2024-01-05 18:58:00,7643,18.36984100801295,35.65711705104229,-94.98470229616991,0
2024-01-05 18:59:00,9701,18.709725648991856,34.24114909573415,-91.04080673493378,0
2024-01-05 19:00:00,2823,4.36843043129985,34.62424338100905,-98.95200222003913,0
2024-01-05 19:01:00,7852,35.347770056716975,35.42863477341207,-94.6841582526941,0
2024-01-05 19:02:00,8777,224.85893346182235,39.82052145942602,-96.83949440258961,0
2024-01-05 19:03:00,5232,12.982780439137205,37.92635666401109,-92.0430323809262,0
2024-01-05 19:04:00,7519,113.07769733920524,36.29471494982851,-95.55005188098082,0
2024-01-05 19:05:00,2777,92.67548308231433,33.63705614479336,-95.24747513859573,0
2024-01-05 19:06:00,2222,68.71508530082373,30.270693531369652,-99.35217905475312,0
2024-01-05 19:07:00,8630,178.14192114531593,31.165276107187516,-95.6198993876121,0
2024-01-05 19:08:00,2777,52.388436897578615,37.30867250539384,-99.19171303067553,0
2024-01-05 19:09:00,8490,250.01591248085143,33.69203928241923,-97.0043788190966,0
2024-01-05 19:10:00,5859,44.72393373064162,33.34437435842645,-98.73118531116411,0
2024-01-05 19:11:00,9893,76.96601042120874,38.88978358590849,-96.6551907556264,0
2024-01-05 19:12:00,9118,47.38937101077739,34.845088905137715,-97.72611655185749,1
2024-01-05 19:13:00,3989,21.67592436987178,38.9957705741311,-97.14820046066203,0
2024-01-05 19:14:00,9343,14.202450171763791,38.866385104022,-98.51614159899036,0
2024-01-05 19:15:00,2325,97.051511694597,30.801812917145543,-95.60392386985338,0
2024-01-05 19:16:00,6127,210.0376407247353,39.453629784335355,-95.02423526527936,0
2024-01-05 19:17:00,9998,69.69680388648098,30.769548836075575,-91.63352306836086,0
2024-01-05 19:18:00,3722,91.28183050527481,39.635061152472126,-94.6117459734395,0
2024-01-05 19:19:00,5656,11.53837352178499,34.5261491759939,-97.71242470996093,0
2024-01-05 19:20:00,2325,80.25891264607431,37.608606757545765,-92.64104303368006,0
2024-01-05 19:21:00,5133,6.823785207262255,37.06144367189853,-97.02753253255055,0
2024-01-05 19:22:00,3869,16.517484227614325,35.184949743245284,-92.4360345345402,1
2024-01-05 19:23:00,2242,207.30534737181463,36.194548188356436,-96.12835941793898,0
2024-01-05 19:24:00,9539,55.34852671969623,39.49918181499195,-94.86324937413815,0
2024-01-05 19:25:00,2831,60.69346293841292,39.2735149066324,-94.96244431909804,0
2024-01-05 19:26:00,2569,94.99281607834257,36.54326050259087,-90.44364160579637,0
2024-01-05 19:27:00,8246,121.28343097506685,36.57718678934525,-98.46334684833865,0
2024-01-05 19:28:00,2918,41.644634236727335,32.46938693391838,-90.61444401441523,0
2024-01-05 19:29:00,7416,73.17965036368348,38.28623494718124,-94.38011412661137,0
2024-01-05 19:30:00,4232,50.93181927351297,36.32603333002077,-90.06311418630341,0
2024-01-05 19:31:00,4758,11.799004101599154,38.2624879199843,-94.2686172398128,1
2024-01-05 19:32:00,6997,38.301670521126645,36.57852410287977,-93.43623890600145,0
2024-01-05 19:33:00,3355,82.52055014740012,32.99320026031615,-92.50425796902749,0
2024-01-05 19:34:00,2824,37.15199466975204,31.894814027308133,-91.78210820727152,0
2024-01-05 19:35:00,8280,37.49068483907229,30.769658442231556,-95.22436390252196,0
2024-01-05 19:36:00,5060,119.36652735403185,35.85994932260127,-93.21406112915741,0
2024-01-05 19:37:00,6324,64.14325162802994,32.84051357508735,-93.85117004097927,0
2024-01-05 19:38:00,1404,77.62388315068944,36.30509514590814,-95.9291300292751,0
2024-01-05 19:39:00,2721,10.75398710769223,30.586564448837716,-91.79202383585971,0
2024-01-05 19:40:00,6316,85.4832124179582,33.75663065005627,-98.075514467823,0
2024-01-05 19:41:00,4845,18.021361145119172,32.60553215369776,-98.32869288622622,0
2024-01-05 19:42:00,5210,53.27562356667275,33.70334078001113,-92.63561785503384,0
2024-01-05 19:43:00,1064,18.85534976051584,30.54283429756587,-93.62514686284366,0
2024-01-05 19:44:00,7382,138.78492705194986,37.241814188334466,-96.8233953446363,0
2024-01-05 19:45:00,1968,340.2252564160769,31.166973331429734,-93.6487009548347,1
2024-01-05 19:46:00,1368,47.10715195168147,30.144026263481532,-92.29352811586381,0
2024-01-05 19:47:00,9424,46.67041371640724,39.46289101389333,-97.8303382179466,0
2024-01-05 19:48:00,3242,153.04770431395906,31.9287638236505,-94.18605868195161,0
2024-01-05 19:49:00,6002,96.7264637313059,38.280612984454606,-91.75334099482386,0
2024-01-05 19:50:00,4083,50.84171910899539,39.64470599757124,-95.88761461573593,0
2024-01-05 19:51:00,9073,78.90226114251283,35.341211995687615,-94.28263292428032,0
2024-01-05 19:52:00,9880,415.6374910932336,35.26118160047547,-99.21464295727532,0
2024-01-05 19:53:00,2469,27.886134541966488,33.674172449834096,-91.69531272341342,0
2024-01-05 19:54:00,5725,30.3900121630948,34.25594864775395,-92.03873631111134,0
2024-01-05 19:55:00,5259,120.86307309622596,34.8207539695334,-95.43745547003381,0
2024-01-05 19:56:00,4622,451.4363482570032,31.52094403720629,-98.80751589811763,0
2024-01-05 19:57:00,1823,65.18412475212736,33.64736723940359,-93.3960121591081,0
2024-01-05 19:58:00,4431,9.879271507977462,38.161084426094455,-94.27019880187285,0
2024-01-05 19:59:00,7528,80.67123467577413,31.823981195814724,-90.80520102528196,0
2024-01-05 20:00:00,5151,32.29949052301581,37.29853246954115,-97.20191470195888,0
2024-01-05 20:01:00,5213,87.89666647459241,36.5158660026819,-99.67673535632225,0
2024-01-05 20:02:00,8420,14.022663312708758,30.572977752826592,-97.45260389952257,0
2024-01-05 20:03:00,9989,12.481034062288865,30.224288684376805,-95.72093020616937,0
2024-01-05 20:04:00,1779,40.57407914831557,33.52528462578349,-98.44555560394808,0
2024-01-05 20:05:00,3892,284.93181079748587,36.92170277131841,-90.20265055985278,1
2024-01-05 20:06:00,6534,13.85135291085365,33.304179273606614,-97.77608974010447,1
2024-01-05 20:07:00,4306,39.63269806137702,36.677333006004936,-93.22139145672261,0
2024-01-05 20:08:00,3902,12.631530222142514,36.65458143027982,-95.4588731364392,0
2024-01-05 20:09:00,4718,72.95714373327392,38.06554622624269,-94.44852145173326,0
2024-01-05 20:10:00,1021,68.13590783737656,30.994856147038448,-90.67320007631193,0
2024-01-05 20:11:00,2500,13.145605609201198,35.771288911874635,-94.68446158347855,0
2024-01-05 20:12:00,4641,197.89374919992048,30.624971195733146,-96.94773510118414,0
2024-01-05 20:13:00,6212,7.986828253896745,31.75947140273338,-97.79185692492987,0
2024-01-05 20:14:00,1191,264.1330382114791,33.255009028561425,-91.08007129935494,0
2024-01-05 20:15:00,9587,215.82521135958007,37.07389240429466,-90.13274934328453,0
2024-01-05 20:16:00,8174,74.1282661034451,39.73877975004081,-97.48167841105048,0
2024-01-05 20:17:00,6114,133.7685834206015,33.42520814385911,-92.78066261863452,0
2024-01-05 20:18:00,5662,45.69049403872634,35.211444854026844,-94.94247514167701,0
2024-01-05 20:19:00,5326,11.70046961541235,32.59055595422436,-93.0141700204093,0
2024-01-05 20:20:00,5335,69.16434854977737,36.75489620609615,-90.35785427229357,0
2024-01-05 20:21:00,9281,11.34846575650586,33.66585867950447,-97.23913271578753,0
2024-01-05 20:22:00,9648,54.00733693457438,34.815961734382775,-92.6005401794036,0
2024-01-05 20:23:00,6494,15.849808383426902,35.67812875850629,-95.62053189367818,0
2024-01-05 20:24:00,9536,144.80872474914685,36.862423299072766,-93.47465886632865,0
2024-01-05 20:25:00,3711,79.85151380705388,30.600516612897533,-95.93348084115362,0
2024-01-05 20:26:00,8595,107.5875843571396,35.54901093786594,-92.91664019834023,0
2024-01-05 20:27:00,7273,76.7299726602257,34.31164097814436,-96.62498421672467,0
2024-01-05 20:28:00,7284,358.10051325486677,31.33765086479667,-95.11644902407261,0
2024-01-05 20:29:00,9817,151.77509382950538,32.08036668331361,-92.91206355098443,0
2024-01-05 20:30:00,4994,299.9518125781624,38.838900911001375,-99.57293202107739,0
2024-01-05 20:31:00,2678,22.196833828984406,38.71776009100237,-96.71910468726124,0
2024-01-05 20:32:00,9414,31.734826090073323,30.333302544236748,-94.53815297373251,0
2024-01-05 20:33:00,1743,4.838907387764913,36.89401491236252,-99.25864821933344,0
2024-01-05 20:34:00,1462,36.8778816676207,35.54187313137354,-92.96843228999023,0
2024-01-05 20:35:00,2568,52.691338254585524,39.39815843147248,-91.86713043508303,0
2024-01-05 20:36:00,2736,84.29411622507266,39.08005711022416,-98.36672690438141,1
2024-01-05 20:37:00,8903,32.10647150784518,35.79561912852362,-92.66536998939719,0
2024-01-05 20:38:00,8002,114.02310692603808,31.389549213185035,-93.53799865239567,0
2024-01-05 20:39:00,9856,106.3082597132754,34.598150236693,-95.89121521136894,0
2024-01-05 20:40:00,2356,34.002290502266874,37.25164366929006,-98.3501186795519,1
2024-01-05 20:41:00,2014,20.93804616523071,39.51736635089871,-90.45121637715812,0
2024-01-05 20:42:00,2054,58.31782654217145,33.638294057525826,-95.35989022537554,0
2024-01-05 20:43:00,2764,60.29940184536423,37.846714759535516,-98.16356547714841,0
2024-01-05 20:44:00,7009,29.733110251651624,36.83340753281723,-92.8183575423163,0
2024-01-05 20:45:00,5458,42.131322146272524,30.78292777142262,-93.92102044450453,0
2024-01-05 20:46:00,1667,13.225420972367806,35.579768502862876,-91.83802010099286,0
2024-01-05 20:47:00,4370,107.61397881525711,31.83508833539386,-90.03903288297553,1
2024-01-05 20:48:00,6976,109.36958718870223,36.83549292177764,-99.55132833721075,0
2024-01-05 20:49:00,2394,57.33935453096398,36.100848469406394,-92.60684241072471,0
2024-01-05 20:50:00,9290,117.39003357208914,39.73048091633833,-90.10869110893279,0
2024-01-05 20:51:00,5070,62.2498741887585,39.3538266512481,-94.61768361037902,0
2024-01-05 20:52:00,7982,274.86115250754676,30.09372833598881,-92.8429794575757,0
2024-01-05 20:53:00,9613,14.933271287803748,30.800294301716995,-95.58889485007668,0
2024-01-05 20:54:00,6599,66.80583530450124,37.69134311429561,-96.43226285991486,0
2024-01-05 20:55:00,4650,134.74023621624386,36.85643072976077,-93.03541908163096,0
2024-01-05 20:56:00,4620,242.76648781411478,38.00945598516891,-90.11910595892442,0
2024-01-05 20:57:00,4190,120.61155505304473,32.668149226683234,-99.08333584314686,0
2024-01-05 20:58:00,9789,19.336985210951177,38.49322768762477,-95.77878519578061,0
2024-01-05 20:59:00,1391,10.432764273406237,34.424194719881356,-90.59381197069551,0
2024-01-05 21:00:00,2075,46.06820155601022,32.619084846744414,-98.87201707452192,0
2024-01-05 21:01:00,3650,78.39172003673683,30.106077475848924,-93.49066688453115,0
2024-01-05 21:02:00,3384,140.43363849924438,38.71364034819594,-95.69835189370129,0
2024-01-05 21:03:00,1809,18.25666182531192,35.35343849240172,-96.23107582520788,0
2024-01-05 21:04:00,9047,100.55834024400603,39.753820837519925,-97.90560225912182,0
2024-01-05 21:05:00,6501,3.7523103215994404,37.146813895672594,-98.23665727308831,0
2024-01-05 21:06:00,7895,26.062727980599423,30.804171434897786,-94.83713300321008,0
2024-01-05 21:07:00,2159,129.0600015639031,35.881911864021426,-96.22562786841225,0
2024-01-05 21:08:00,8574,16.589822008124358,30.171245398233474,-95.08455616128992,0
2024-01-05 21:09:00,2531,18.109141925055386,35.57781854212932,-98.04062541367352,0
2024-01-05 21:10:00,6481,32.28416869677247,33.50201663099081,-96.49798247929365,0
2024-01-05 21:11:00,8548,65.1695418941746,36.43295834718766,-90.0358232914677,0
2024-01-05 21:12:00,5976,17.899004096813186,35.415742062462705,-96.31929171885042,0
2024-01-05 21:13:00,6695,52.86366826876403,32.613503234144886,-95.87290837939801,0
2024-01-05 21:14:00,9445,35.43930413419044,31.62350609105824,-99.80123937753012,0
2024-01-05 21:15:00,4548,173.80465560305447,34.0471148634175,-96.1917420314947,0
2024-01-05 21:16:00,7163,33.656938899121165,39.868363148496044,-92.36608658887238,0
2024-01-05 21:17:00,7671,56.167566675208754,34.35698640549272,-94.84403203942689,0
2024-01-05 21:18:00,6264,64.47884057245837,37.48787137822291,-93.42954583645758,0
2024-01-05 21:19:00,2231,35.88296637431787,30.569735256053708,-94.4344786155769,0
2024-01-05 21:20:00,3423,117.88402643222702,33.78865764417404,-98.94508939625746,0
2024-01-05 21:21:00,9071,145.12763219437642,35.80323037199004,-96.67855608585191,0
2024-01-05 21:22:00,5261,33.48288591692497,37.51196513328482,-93.05766917982636,0
2024-01-05 21:23:00,3908,73.1945017685174,35.2838365731706,-94.52061095700081,0
2024-01-05 21:24:00,5712,21.59519981372955,35.15295545800781,-93.2503893100494,0
2024-01-05 21:25:00,7755,95.94755110396021,37.63906912597169,-96.39819511746913,0
2024-01-05 21:26:00,4883,68.91149927470745,33.132877173189,-98.06310915640749,0
2024-01-05 21:27:00,4515,37.94202575208861,30.906105208713925,-91.70185963133767,0
2024-01-05 21:28:00,4403,75.93915320130613,33.47150471017406,-96.23698840608944,0
2024-01-05 21:29:00,5598,98.77609925395141,31.589962354494347,-93.44989005916737,0
2024-01-05 21:30:00,6008,186.86525826527986,39.65944204133433,-96.18753637062792,0
2024-01-05 21:31:00,7222,81.24604766435634,35.77511547476692,-90.72746442723461,0
2024-01-05 21:32:00,5009,132.74239438119693,34.46600431327619,-90.08060685375182,0
2024-01-05 21:33:00,3735,366.81416677896175,39.12051878156567,-93.51071199347601,0
2024-01-05 21:34:00,5491,19.414772784569788,39.00361387367103,-93.97848790928111,0
2024-01-05 21:35:00,9593,176.14763228463832,34.156972790742095,-91.5917302041343,0
2024-01-05 21:36:00,1974,22.665668884332774,38.7472736224981,-94.83768204748611,0
2024-01-05 21:37:00,1223,26.750401730342897,30.640259331430123,-91.30494099477093,0
2024-01-05 21:38:00,5613,53.957695745882006,38.85719145332547,-95.87061711951675,0
2024-01-05 21:39:00,7777,28.616090576092567,33.10583528555432,-99.6810291173472,0
2024-01-05 21:40:00,9427,24.21005300615719,35.65122284340622,-90.73409662294439,0
2024-01-05 21:41:00,5211,51.39779447132076,32.69688583272391,-92.78471528911538,1
2024-01-05 21:42:00,1225,39.12458405723889,39.847995571693396,-94.89232879063805,0
2024-01-05 21:43:00,9183,28.069884553850198,30.717799833362804,-90.55106262067349,0
2024-01-05 21:44:00,5277,21.060177828843344,34.46955286780651,-91.13231955412826,0
2024-01-05 21:45:00,2341,227.0452399310924,36.209881548335616,-98.91574022716833,0
2024-01-05 21:46:00,5036,16.4413533286747,36.1561225233729,-93.7560255513358,0
2024-01-05 21:47:00,9401,46.16954739957813,37.38758389764844,-94.61895862263995,0
2024-01-05 21:48:00,4727,166.98812158887858,37.24415326322043,-92.23526228267131,0
2024-01-05 21:49:00,4928,122.67606943619197,37.93142705200304,-96.9923206796594,0
2024-01-05 21:50:00,3803,68.97298783487467,32.342874094896914,-99.9188434756631,0
2024-01-05 21:51:00,7558,29.263999070578755,33.70506493401895,-98.14600398923538,0
2024-01-05 21:52:00,1393,53.58375446379951,33.82033115980273,-97.89059416032795,0
2024-01-05 21:53:00,7839,17.741909946354635,39.55839660910142,-97.0858362825363,0
2024-01-05 21:54:00,9795,41.053060340961345,34.093118570852084,-96.29607151691127,0
2024-01-05 21:55:00,1581,40.43647358438874,32.21869210704677,-92.93445206070098,0
2024-01-05 21:56:00,1132,44.53595842327582,36.32344426391751,-99.25755125029062,0
2024-01-05 21:57:00,3838,24.828448979985307,34.272669148252284,-95.13452724339042,0
2024-01-05 21:58:00,4385,10.01534988151689,32.50080063115748,-95.01356318626812,0
2024-01-05 21:59:00,4770,190.91976376428124,37.15135474458201,-93.8413021443969,0
2024-01-05 22:00:00,3268,152.89778058380406,31.919252866477283,-96.89452542707394,1
2024-01-05 22:01:00,1975,130.92888395022283,36.333540406593485,-97.40211104493949,0
2024-01-05 22:02:00,8605,79.7119298063212,34.30530709737077,-95.16115089302944,0
2024-01-05 22:03:00,8213,64.73892008686035,33.19167164330672,-93.40392011072421,0
2024-01-05 22:04:00,3835,27.284386371754028,39.45982267487301,-99.55407928704048,0
2024-01-05 22:05:00,3738,30.361449540387106,33.2440750781478,-97.0641815834895,0
2024-01-05 22:06:00,5134,234.00803920132847,33.475073741499685,-92.12689685066765,0
2024-01-05 22:07:00,7833,293.8023742146321,38.70638364133171,-95.15810457979823,0
2024-01-05 22:08:00,9353,45.38794762653663,31.290433628754933,-90.4817419659901,0
2024-01-05 22:09:00,2909,54.804054329560046,31.080687496460612,-91.32458270732597,0
2024-01-05 22:10:00,2963,113.55888980175312,32.82707784084502,-96.56055021298005,0
2024-01-05 22:11:00,6153,59.9473431088514,35.9163592327446,-92.73729004504773,0
2024-01-05 22:12:00,1966,64.65300303942723,33.84300160110138,-97.25691513844221,0
2024-01-05 22:13:00,1889,51.428924002308904,36.08554480835675,-98.24703510139913,0
2024-01-05 22:14:00,4061,21.37376200922683,31.597506310444345,-91.18979633553579,0
2024-01-05 22:15:00,7461,37.59938220408063,32.61450848767347,-96.49750719961834,0
2024-01-05 22:16:00,7166,47.766939387023356,35.651623338124715,-97.96581957331367,0
2024-01-05 22:17:00,7967,4.39250341561746,32.17149202258732,-90.35023500351173,0
2024-01-05 22:18:00,9101,59.59151872117037,34.22804630490445,-99.68971193709498,0
2024-01-05 22:19:00,8379,557.0003562020279,35.726478769916895,-96.33100650290197,0
2024-01-05 22:20:00,8280,35.53900841887048,39.736509022809145,-99.61582105804214,0
2024-01-05 22:21:00,2067,56.437068454291875,30.798866578775932,-94.95899703074892,0
2024-01-05 22:22:00,5223,23.55914407522138,34.60413978570905,-95.98824578860781,0
2024-01-05 22:23:00,5607,18.285359455765285,33.96270960742131,-92.79331127912627,0
2024-01-05 22:24:00,4985,40.04117435309377,38.24241249451178,-90.45965511308643,0
2024-01-05 22:25:00,4179,102.4928678889951,39.00297119028434,-94.8031116085635,0
2024-01-05 22:26:00,5538,43.21754642309947,39.07013168531365,-97.14600422554132,0
2024-01-05 22:27:00,3362,37.559364762964606,33.751393130415934,-91.27824361193737,0
2024-01-05 22:28:00,3224,89.62154197373275,33.04655146895482,-93.9546021924773,0
2024-01-05 22:29:00,7371,66.69280782680556,34.491372504550846,-94.46515453785334,0
2024-01-05 22:30:00,2726,72.18800099658993,33.43986305971803,-98.11425338409417,0
2024-01-05 22:31:00,6791,179.521403634981,37.18850980568193,-99.5940848652889,0
2024-01-05 22:32:00,9073,158.32252172171073,32.13571048629583,-95.38595055167339,0
2024-01-05 22:33:00,9458,243.6517684759662,36.586840840738816,-94.71953073052734,0
2024-01-05 22:34:00,8013,16.23498349690737,39.26987533104501,-98.72906275074864,0
2024-01-05 22:35:00,1837,128.67057199688935,32.7991356969611,-99.40603371002378,0
2024-01-05 22:36:00,5584,283.10643807877415,36.76890616588824,-97.83919650215145,0
2024-01-05 22:37:00,1686,10.669017638471052,31.435611215573783,-99.36901684598304,0
2024-01-05 22:38:00,1356,53.51198263562407,31.21383942097259,-99.438617331531,0
2024-01-05 22:39:00,5647,31.71318918085091,31.15644478064866,-95.558337705789,0
2024-01-05 22:40:00,5418,53.28552582248593,31.38528169845349,-91.89755814635892,0
2024-01-05 22:41:00,7642,171.9112374849958,32.16164870309442,-93.36011772336148,0
2024-01-05 22:42:00,4391,13.521276663509806,35.62830495601794,-93.20586342721776,0
2024-01-05 22:43:00,5357,69.75490321168705,37.669856486155375,-97.37563436231693,0
2024-01-05 22:44:00,5879,31.04334781935267,31.26857023710916,-99.88895815060017,0
2024-01-05 22:45:00,6319,177.2642608276648,38.70014940590725,-95.49353408652773,0
2024-01-05 22:46:00,3739,83.1739686546717,38.42716284430226,-96.22875848126833,0
2024-01-05 22:47:00,5784,46.63043278223594,37.273880265028914,-90.52765000734962,0
2024-01-05 22:48:00,1877,26.625862847080732,34.25965799461473,-99.27980487620653,0
2024-01-05 22:49:00,3870,778.9305531536368,30.015572348255258,-92.23580677152113,0
2024-01-05 22:50:00,1292,72.23239000606974,37.34764941300297,-96.14583822423192,0
2024-01-05 22:51:00,9728,13.19773901249627,38.78986144676439,-91.70380172530557,1
2024-01-05 22:52:00,3686,24.270409924082056,33.35286376171862,-95.05092103672906,0
2024-01-05 22:53:00,1233,82.4849035850968,37.17987561221119,-91.7949819145471,0
2024-01-05 22:54:00,3374,26.31064802593493,30.620476143612816,-95.33151631846955,0
2024-01-05 22:55:00,3272,29.754842750948296,37.09494871471642,-95.98140491477514,0
2024-01-05 22:56:00,1966,146.3389954718205,30.68308520848893,-90.3629150137013,0
2024-01-05 22:57:00,1889,133.94237037852295,35.87186335888682,-96.31141905839667,0
2024-01-05 22:58:00,4863,30.839395136993144,35.97553285895294,-91.94699972507783,0
2024-01-05 22:59:00,7154,176.06534375739218,33.02156554423819,-99.32967397693675,1
2024-01-05 23:00:00,4400,26.826346436041067,30.791227270767315,-99.37351381958206,0
2024-01-05 23:01:00,9226,296.94328240587885,39.493347747124375,-95.61891806294062,0
2024-01-05 23:02:00,5542,93.46114632049972,35.35577404016613,-94.14429826518723,0
2024-01-05 23:03:00,4523,72.97972901849262,35.797581251238626,-93.9146701521881,0
2024-01-05 23:04:00,2763,37.15865305259841,36.15020889030474,-99.636139135782,0
2024-01-05 23:05:00,4291,29.705977727005813,38.91047926926155,-93.03260045995556,0
2024-01-05 23:06:00,3488,5.3308016562828255,30.602556445467577,-98.70073999892884,0
2024-01-05 23:07:00,2558,40.68478942537089,38.93287767852533,-90.44655020020278,0
2024-01-05 23:08:00,5690,54.0281120111532,32.396765086112744,-96.66451245322894,0
2024-01-05 23:09:00,7121,8.79249467541556,30.779502495963474,-97.38554968514705,0
2024-01-05 23:10:00,3276,124.38529041868354,36.572658521313315,-97.08733982630616,0
2024-01-05 23:11:00,5439,46.50819406965124,39.76975644256684,-90.62646559639296,0
2024-01-05 23:12:00,2103,183.9588501779674,30.57242066306596,-95.17158789482089,0
2024-01-05 23:13:00,8520,27.559287167928602,34.26121818037366,-95.65320249408094,0
2024-01-05 23:14:00,6409,187.99601800971647,35.297845253437856,-94.34101781884718,0
2024-01-05 23:15:00,8869,34.84707132678349,32.5211896410349,-90.69238096959023,0
2024-01-05 23:16:00,3956,51.92055860751626,39.82872149152968,-96.91660137070292,0
2024-01-05 23:17:00,8710,67.73582695249584,36.40963214603828,-98.19179989608791,0
2024-01-05 23:18:00,7017,52.370226425427845,38.44350672846711,-94.0450906721875,0
2024-01-05 23:19:00,4384,74.0215867117087,34.157776819717135,-95.08325227712076,0
2024-01-05 23:20:00,1028,7.968143735662946,33.53955887144818,-99.38031734498337,0
2024-01-05 23:21:00,9897,47.49442110476453,35.531578948810925,-94.78062675132558,0
2024-01-05 23:22:00,8756,50.379185397892165,34.352784426266396,-94.37582123816429,0
2024-01-05 23:23:00,7948,7.489628022088001,37.149480551367944,-93.05849389822117,0
2024-01-05 23:24:00,6755,103.80045727960466,32.65818090211795,-90.04457920407602,0
2024-01-05 23:25:00,4602,21.947354284709167,34.495910310923996,-95.78419051499085,0
2024-01-05 23:26:00,6062,140.0961851713917,38.9513274729406,-94.89796727012603,0
2024-01-05 23:27:00,9071,59.49853322862989,37.56107900343329,-99.24997687974655,0
2024-01-05 23:28:00,8244,30.74471541004916,31.680701650178943,-91.68411932429899,0
2024-01-05 23:29:00,7372,149.1111585782866,38.868648293915975,-99.01844202725965,0
2024-01-05 23:30:00,8105,287.6852652613404,35.89016590445188,-90.66169977706593,0
2024-01-05 23:31:00,4581,56.74154930112042,36.79287183272483,-96.51499658022877,0
2024-01-05 23:32:00,3762,215.91527624765405,32.94256565849266,-96.6241753198388,0
2024-01-05 23:33:00,1572,45.781194051293944,34.41544263635657,-96.7139101930506,0
2024-01-05 23:34:00,8705,142.92526303684662,38.06812478906251,-90.49510404167458,0
2024-01-05 23:35:00,1614,37.80807854067387,33.30676218763182,-90.19892193214243,0
2024-01-05 23:36:00,5050,338.9632787232456,31.650616155101932,-90.26759583246795,0
2024-01-05 23:37:00,1325,160.34172029872764,33.78304912983481,-92.95212849995677,0
2024-01-05 23:38:00,4740,87.38684370667335,30.692186674093882,-98.88941840240135,0
2024-01-05 23:39:00,1358,4.332430928315748,37.178564584849326,-96.13637772872855,0
2024-01-05 23:40:00,4777,85.52567655134064,31.477459087741977,-97.10690786046466,0
2024-01-05 23:41:00,6906,15.88010446779284,32.85125907060845,-92.91610461563573,0
2024-01-05 23:42:00,2721,77.73091133561286,38.81081005553892,-95.07345514489869,0
2024-01-05 23:43:00,2349,195.87940487921801,35.40497657956771,-93.83498651227856,0
2024-01-05 23:44:00,4696,108.74405121636991,33.21338440596476,-99.91268924267612,0
2024-01-05 23:45:00,4896,128.85817820370505,35.47666890014886,-92.17135937906002,0
2024-01-05 23:46:00,5260,37.598966017750904,32.182776596318895,-90.47948163315537,0
2024-01-05 23:47:00,7941,11.886452292718692,30.2517312970561,-93.30626710677305,0
2024-01-05 23:48:00,4808,25.24309975669502,36.03732478963803,-91.48062603249757,0
2024-01-05 23:49:00,6246,39.26225205989908,37.141259327847294,-95.21749611308341,0
2024-01-05 23:50:00,9384,53.83583803075209,38.79781765445979,-99.79791920711328,0
2024-01-05 23:51:00,4845,194.2464985260183,37.71883361064724,-90.09530777682788,0
2024-01-05 23:52:00,3577,113.36105131228544,39.26677700495515,-99.41167850007358,0
2024-01-05 23:53:00,1091,502.56511901938546,39.859534755428704,-98.07225796219556,1
2024-01-05 23:54:00,5234,20.059696892805583,37.44935447745798,-99.4755984941506,0
2024-01-05 23:55:00,9672,174.8568822266363,38.67923300830334,-93.75041599471015,0
2024-01-05 23:56:00,7592,131.02079844382484,36.73731503228185,-94.1676909730136,0
2024-01-05 23:57:00,9128,48.59097649305949,31.70937791208269,-97.90330345825433,0
2024-01-05 23:58:00,2075,20.88505772057631,31.817024263222848,-90.43346758699568,0
2024-01-05 23:59:00,3513,29.503851955799412,31.102594563152632,-90.8651370427033,0
2024-01-06 00:00:00,9168,28.118951967168865,39.429747199935235,-97.20189941408651,0
2024-01-06 00:01:00,7861,302.0727074429318,36.7275169783938,-93.41135235927187,0
2024-01-06 00:02:00,9990,124.99209037860638,37.899097504655245,-91.44766662825077,0
2024-01-06 00:03:00,1604,129.7560672933123,33.31157336824364,-96.40201893403164,0
2024-01-06 00:04:00,3979,59.60107729340453,34.60421710076758,-97.46417509322842,0
2024-01-06 00:05:00,8140,43.432325084478215,30.397795318366928,-97.43810057598584,0
2024-01-06 00:06:00,8065,76.50344701640071,38.89007400435098,-91.79543512471062,1
2024-01-06 00:07:00,5916,60.48923162909646,38.53003429411608,-95.3692978256027,0
2024-01-06 00:08:00,7800,49.59898170615705,37.84811334864294,-92.8466196822552,0
2024-01-06 00:09:00,1597,78.78234122766858,30.583020676811916,-93.49699211563642,0
2024-01-06 00:10:00,8320,18.804884667695525,31.742497355774336,-96.9377429654542,0
2024-01-06 00:11:00,9705,71.30807149278083,33.34170657754461,-97.91923296941428,0
2024-01-06 00:12:00,6622,48.87177579691162,32.63062675341672,-98.74214489821952,0
2024-01-06 00:13:00,2877,26.719235616638148,38.38459838531069,-99.7611438157075,0
2024-01-06 00:14:00,2699,103.60931796046768,31.9483575820062,-99.18743583021308,0
2024-01-06 00:15:00,6780,328.71223065188855,35.32124465338975,-97.43753325540044,0
2024-01-06 00:16:00,1716,195.9911904738482,35.71381097819312,-92.86400394169358,0
2024-01-06 00:17:00,5086,41.156631299745285,34.25011847162537,-98.45081063808962,0
2024-01-06 00:18:00,1665,106.10163764180203,32.40687931730459,-94.76604624170086,0
2024-01-06 00:19:00,8846,126.89840595174175,39.602942908811315,-97.54867931625446,0
2024-01-06 00:20:00,7611,61.50827772657165,34.13399242269023,-94.88190218215814,0
2024-01-06 00:21:00,2079,53.303670656158516,37.273099955366646,-92.49988824533509,0
2024-01-06 00:22:00,9419,76.99645854277951,31.84046487656229,-97.34018870543312,0
2024-01-06 00:23:00,9340,673.5611823164178,38.22811168536228,-96.52101188266306,0
2024-01-06 00:24:00,2069,70.6202754797171,32.15891823233667,-92.76999432041674,0
2024-01-06 00:25:00,6263,15.372483227222832,36.75306623573026,-94.53661904034004,0
2024-01-06 00:26:00,8951,19.176909766470672,35.064960014725216,-99.05433373547027,0
2024-01-06 00:27:00,2363,46.007683521102294,31.465571409814263,-92.41845730753153,0
2024-01-06 00:28:00,5508,15.691452337003808,30.24949196156077,-97.22561007431872,0
2024-01-06 00:29:00,2755,47.82183221003988,39.307482653818056,-96.14942265458129,0
2024-01-06 00:30:00,1519,505.32948617087635,31.256905135645397,-97.54823075709955,1
2024-01-06 00:31:00,6463,32.73901314105505,37.04951428686915,-94.56642979528195,0
2024-01-06 00:32:00,8233,18.40673535995486,36.52684958946984,-92.92231697375377,0
2024-01-06 00:33:00,2102,44.36370241295692,33.417200424485266,-91.96783638589466,0
2024-01-06 00:34:00,1597,49.207755044714844,31.853828995547286,-90.77877723173287,0
2024-01-06 00:35:00,4273,20.311202838518508,31.783282494554147,-96.40783348346034,0
2024-01-06 00:36:00,6781,15.825693163515234,35.85327853050239,-90.67385769333401,0
2024-01-06 00:37:00,7256,211.92894358034837,35.469212946240454,-93.83045255715194,0
2024-01-06 00:38:00,8258,90.08593384671508,38.75935020350232,-96.10405456007513,0
2024-01-06 00:39:00,9780,33.69198155941406,36.400030784119366,-91.1270595130218,0
2024-01-06 00:40:00,7554,17.194599108947745,38.19274976080525,-94.20370494699108,0
2024-01-06 00:41:00,9002,32.54287141683132,30.324130624526088,-95.4571647132023,0
2024-01-06 00:42:00,5846,16.02202085296222,36.70993147028595,-99.88498449672863,0
2024-01-06 00:43:00,5798,30.585244675115504,32.33708638429621,-92.82492109908414,0
2024-01-06 00:44:00,7605,431.34490215589005,32.5283895996571,-99.22652005301158,0
2024-01-06 00:45:00,3986,69.32839388738562,37.20576529089341,-97.10607171978066,0
2024-01-06 00:46:00,1400,29.42909606219125,37.93432958824941,-90.38305657483964,0
2024-01-06 00:47:00,3855,107.72003525141403,33.71735475138553,-98.44786894876948,0
2024-01-06 00:48:00,4412,21.540971458593024,37.900768168683065,-96.88215644126754,0
2024-01-06 00:49:00,1056,36.39295450386618,34.43744675352356,-90.67660640194848,0
2024-01-06 00:50:00,9022,8.549121713635559,38.57645348370381,-96.62316181893127,0
2024-01-06 00:51:00,2875,195.20866207253948,30.249037721785925,-96.7132502444634,0
2024-01-06 00:52:00,5543,44.62394516398698,30.834950708148508,-93.5204541310183,0
2024-01-06 00:53:00,5298,24.07648188280972,37.76351807267682,-98.68642760135158,0
2024-01-06 00:54:00,4768,104.53173986173155,36.240896278303325,-90.27248290272857,0
2024-01-06 00:55:00,6752,19.149533397486977,35.590202536355186,-97.249773549456,0
2024-01-06 00:56:00,5833,20.34968405854079,36.13978807338573,-92.1431116799221,0
2024-01-06 00:57:00,2353,37.37313081889702,39.30190627422151,-97.12385649978238,0
2024-01-06 00:58:00,5987,16.485515318638797,36.55537031438066,-97.24627590571507,0
2024-01-06 00:59:00,7597,28.404606313426196,36.474761166598356,-99.42487291939585,0
2024-01-06 01:00:00,5311,44.783618826402595,37.594708797062275,-98.80679340280683,0
2024-01-06 01:01:00,3934,49.014946616656644,38.666207056398264,-94.78032690552433,0
2024-01-06 01:02:00,1022,14.517654862780784,32.61912478238355,-94.23156817890957,0
2024-01-06 01:03:00,2209,42.76286800213642,36.167488592333044,-91.84156478935994,0
2024-01-06 01:04:00,9940,97.57948926337657,35.839749635524754,-99.39784810354081,0
2024-01-06 01:05:00,1804,115.28834528850516,31.348494814983425,-96.43849814325235,0
2024-01-06 01:06:00,9325,33.19745506692953,35.20316973910712,-97.99841149346177,0
2024-01-06 01:07:00,5416,45.20287601227269,30.695505147404653,-96.42122489278181,0
2024-01-06 01:08:00,9625,42.61388757163528,31.849595874023397,-96.45693333749485,0
2024-01-06 01:09:00,6141,13.576011654141103,39.129630819181806,-96.45720229246275,0
2024-01-06 01:10:00,5968,31.811931600866675,31.192431815423436,-96.90366566191614,0
2024-01-06 01:11:00,4671,121.052979528204,35.789162998467944,-92.36021902326041,0
2024-01-06 01:12:00,8292,122.99144402526838,33.23480695993074,-93.1029371304419,0
2024-01-06 01:13:00,8001,82.42527103525042,35.553132907266125,-96.58530771384898,0
2024-01-06 01:14:00,3098,3.814403395246433,32.34973542452403,-98.53511897580141,0
2024-01-06 01:15:00,9444,24.990289178194736,34.4437945467766,-94.81719632659008,0
2024-01-06 01:16:00,6061,87.14683320504281,38.67333433148261,-90.81152379695149,0
2024-01-06 01:17:00,4264,302.5941952781154,33.76216977819357,-98.76440659140098,0
2024-01-06 01:18:00,6435,53.80895571297898,33.530309380009356,-92.46970152050102,0
2024-01-06 01:19:00,9493,60.09177078913899,34.46118079269665,-94.00620937865881,0
2024-01-06 01:20:00,7691,48.75697507589323,31.004928442443152,-94.11409874955727,0
2024-01-06 01:21:00,3763,14.782944361498098,33.87347024588055,-90.65342826954523,0
2024-01-06 01:22:00,5005,77.6278620633818,30.069002506281656,-90.44059412702259,0
2024-01-06 01:23:00,4241,11.925182643917655,35.03397145148952,-97.561602611442,0
2024-01-06 01:24:00,4057,50.13696418651664,38.4794107915143,-91.91522967277632,0
2024-01-06 01:25:00,1550,59.68315273945702,35.52073103947632,-93.79200771846492,0
2024-01-06 01:26:00,6574,57.35719398118759,36.077251782060195,-95.91154409924842,0
2024-01-06 01:27:00,6411,14.903451659241135,30.305633712597665,-93.34378690172613,0
2024-01-06 01:28:00,2587,26.869003800582945,38.59514980116075,-90.4403322372207,0
2024-01-06 01:29:00,6920,108.71567700819847,33.850035528002586,-94.831246631726,0
2024-01-06 01:30:00,6260,58.72454720891516,39.74852680606707,-90.59920163401152,0
2024-01-06 01:31:00,5409,27.04564629197759,31.2046536953026,-93.57112764319761,0
2024-01-06 01:32:00,6783,18.70642291291135,39.44671884785238,-95.17090759195517,0
2024-01-06 01:33:00,1712,121.8523724366959,36.34290906336323,-93.55829559788576,0
2024-01-06 01:34:00,6406,56.506913374166885,30.52340300290594,-93.97458954939391,0
2024-01-06 01:35:00,8990,17.62364812900185,39.71699077836731,-95.78302659063938,0
2024-01-06 01:36:00,8420,45.211386963239576,30.138730681452643,-94.37539656542015,0
2024-01-06 01:37:00,7843,24.383150161047652,37.30700168690991,-92.96751327038922,0
2024-01-06 01:38:00,3433,73.80154563222295,38.89529948388095,-91.61133707590129,0
2024-01-06 01:39:00,4301,191.25713366760738,31.758115542301574,-96.95669264177282,0
2024-01-06 01:40:00,1270,18.525728202679485,33.43357190697809,-99.85352072995704,0
2024-01-06 01:41:00,2079,63.890724378054244,35.6122934053886,-94.48782098103527,0
2024-01-06 01:42:00,6322,62.73907809132417,36.79809285844963,-95.10715830780273,0
2024-01-06 01:43:00,9795,6.3947476580155795,38.71875867794594,-99.45801196797233,0
2024-01-06 01:44:00,6257,125.53899366184635,37.61070470878306,-93.67493589982645,0
2024-01-06 01:45:00,8982,445.38878384945093,33.63331143818938,-90.58599642656914,0
2024-01-06 01:46:00,7214,62.67962001688468,38.21719811786669,-95.97768213998899,0
2024-01-06 01:47:00,6006,212.6441275989753,39.660767210870134,-91.05639810773047,0
2024-01-06 01:48:00,4985,15.571447707360933,32.26986181241636,-91.86898641808155,0
2024-01-06 01:49:00,9791,26.608634570994763,30.740955934544296,-98.3828371212577,0
2024-01-06 01:50:00,9705,58.629807895022914,34.26619731941896,-92.1272016522986,0
2024-01-06 01:51:00,6991,23.25034429037046,38.813971039575506,-94.83293918460615,1
2024-01-06 01:52:00,7227,56.71835649498546,31.502915048791948,-90.8137147956868,0
2024-01-06 01:53:00,8833,148.9148558338594,38.8579818788201,-98.10573764540585,0
2024-01-06 01:54:00,3886,22.5770798163021,39.922130237361664,-98.74953553585239,1
2024-01-06 01:55:00,3653,155.6359137404021,30.540022308831563,-97.58719600447989,0
2024-01-06 01:56:00,5864,7.978147797042192,34.95256373855484,-99.40373289552699,0
2024-01-06 01:57:00,3514,30.91479322641118,33.2888549471325,-96.7991990116816,0
2024-01-06 01:58:00,4969,44.838530371501896,33.93679854931311,-97.16991101987175,0
2024-01-06 01:59:00,4284,21.607533657925714,34.51634752346308,-95.83784900662212,0
2024-01-06 02:00:00,8740,31.349131031546555,37.3970395645119,-95.37022797083948,0
2024-01-06 02:01:00,5566,220.5544998208085,35.91299703171176,-98.55279451484891,0
2024-01-06 02:02:00,3196,188.65725532081902,39.6120108821678,-93.80626071362602,0
2024-01-06 02:03:00,1789,112.17209578636437,33.32764599239534,-97.76432601190005,0
2024-01-06 02:04:00,4475,154.65740288643036,35.41504082482743,-98.78071331053752,0
2024-01-06 02:05:00,2309,29.359893599114645,38.13328530933697,-92.91188907324697,0
2024-01-06 02:06:00,1864,16.073301033757144,33.7302841699368,-99.7726473651715,0
2024-01-06 02:07:00,6389,24.3467690302231,34.652992006109095,-96.3163405935569,0
2024-01-06 02:08:00,4363,28.246857271082163,36.84974552685227,-98.55596720567982,0
2024-01-06 02:09:00,9215,29.68034472847665,38.607442186043066,-91.17207298005127,0
2024-01-06 02:10:00,4003,92.5860786342088,34.156814704238286,-91.75541603800663,0
2024-01-06 02:11:00,9502,75.42794875812092,35.3195047214674,-99.39473297640488,0
2024-01-06 02:12:00,2231,45.8024722082886,39.75122285290839,-94.49548930259809,1
2024-01-06 02:13:00,8959,48.711851442430465,30.42469161947004,-97.04644459639944,0
2024-01-06 02:14:00,3711,163.19116120861452,34.48228716659545,-98.07454461639848,0
2024-01-06 02:15:00,7581,15.001902717627875,36.359818511292005,-96.88461363879256,0
2024-01-06 02:16:00,8705,120.2620446062597,30.08427457562125,-91.84112640721013,0
2024-01-06 02:17:00,1421,6.610807433917144,35.967865015664145,-99.42144629122123,0
2024-01-06 02:18:00,1946,31.00363133037695,30.56199954663009,-93.51766615921474,0
2024-01-06 02:19:00,2834,247.29619167861367,38.57558396648183,-90.86629854676877,0
2024-01-06 02:20:00,2564,73.7618671155121,38.070860955085664,-95.51943652593597,0
2024-01-06 02:21:00,8332,34.23875860274851,30.322551367985962,-90.9848606981162,0
2024-01-06 02:22:00,5944,136.36298761264678,30.48804024557376,-90.93199570925768,0
2024-01-06 02:23:00,2308,98.99843844757298,37.536139315616026,-93.90404227977548,0
2024-01-06 02:24:00,3986,95.0701305389961,33.695448925783104,-95.44159466561398,0
2024-01-06 02:25:00,1386,44.64046916119535,35.75025787938325,-92.62336350972276,0
2024-01-06 02:26:00,7131,142.58596054363431,32.70328269765384,-90.83777361458453,0
2024-01-06 02:27:00,4258,28.67708450486762,31.729688761040997,-93.19964655590334,0
2024-01-06 02:28:00,7121,27.352718737330406,32.960771175475614,-97.90392819484339,0
2024-01-06 02:29:00,5811,355.7682919499956,32.46713700223988,-91.79944253546158,0
2024-01-06 02:30:00,7574,33.11822203298628,34.48307438239334,-90.48466640175836,0
2024-01-06 02:31:00,7697,7.15746167618864,37.46676165287686,-95.89725120828706,0
2024-01-06 02:32:00,4933,157.98423720847742,35.54129407926957,-93.02410323116577,0
2024-01-06 02:33:00,2439,213.0021354382772,36.09178307939719,-94.81833650964275,1
2024-01-06 02:34:00,7169,43.13133214634625,34.700785964580845,-98.87990813038756,0
2024-01-06 02:35:00,5480,6.72344032255621,33.24733640202816,-96.50157985701641,0
2024-01-06 02:36:00,1055,51.66507856500054,31.435088253604878,-98.36170391507511,0
2024-01-06 02:37:00,4324,433.67747879766335,33.54565459114001,-93.26426641643448,0
2024-01-06 02:38:00,7777,66.85720771512594,36.65198616213865,-94.17905300867007,0
2024-01-06 02:39:00,1105,117.84356699928792,37.33777422923821,-99.66465597916371,0
2024-01-06 02:40:00,4201,124.81242874841837,34.691815439082134,-99.38393085734538,0
2024-01-06 02:41:00,1669,144.21330372003328,36.44997274583046,-97.39207517780339,0
2024-01-06 02:42:00,9934,351.61258260532975,32.10541081884252,-92.55140467856799,0
2024-01-06 02:43:00,1966,160.79351137831745,38.60066320723956,-98.73163899939509,0
2024-01-06 02:44:00,1307,50.364320501463226,38.65936450676425,-97.95225898941605,0
2024-01-06 02:45:00,3138,17.887922508959836,33.203279272725254,-90.92373605131128,0
2024-01-06 02:46:00,1109,83.90743936016881,35.47712239294927,-94.53862495397571,0
2024-01-06 02:47:00,4632,44.99484567925111,36.066620284152194,-93.79150357522781,1
2024-01-06 02:48:00,7728,111.80836444467944,34.7243003878464,-95.4423385463492,0
2024-01-06 02:49:00,6684,23.037646690783323,39.111421535577875,-97.00229009479104,1
2024-01-06 02:50:00,7499,40.422552662178624,37.39716946793182,-97.50869714677012,0
2024-01-06 02:51:00,2915,55.21086097553223,36.725104926087326,-94.10780413738648,0
2024-01-06 02:52:00,1556,21.344460713003265,35.20093221535707,-95.29024703399078,0
2024-01-06 02:53:00,8619,56.81841050076281,30.84847329938742,-95.9696687640999,0
2024-01-06 02:54:00,1104,119.92371142413941,31.078213776200965,-93.05614835645656,0
2024-01-06 02:55:00,3047,368.7571893098631,32.99008862244019,-95.9584584177301,0
2024-01-06 02:56:00,1145,26.172001303559885,32.11522268368913,-99.63269619063593,0
2024-01-06 02:57:00,1873,135.0744331031541,39.52530971907994,-91.60330066662102,0
2024-01-06 02:58:00,1298,7.553292258605826,34.09812518651732,-96.81596559077633,0
2024-01-06 02:59:00,4238,54.188052914328914,38.76605438658752,-90.53598265082587,0
2024-01-06 03:00:00,9837,58.59500230571302,38.18079683666232,-91.20441906689285,0
2024-01-06 03:01:00,7382,123.2468770730375,38.12570272737095,-97.66083755756856,0
2024-01-06 03:02:00,3511,32.47010735203836,32.15707525146851,-90.34528985105557,0
2024-01-06 03:03:00,7596,69.73886752313511,34.473218130008156,-91.46439240536075,0
2024-01-06 03:04:00,1783,165.40832526643248,33.17951991647139,-90.14983546347742,0
2024-01-06 03:05:00,5992,17.685970547198583,39.704110038389196,-93.2205154485892,0
2024-01-06 03:06:00,1370,7.701989428436053,38.767443012956704,-90.69273250755758,0
2024-01-06 03:07:00,1486,160.69657219385496,32.49923660973093,-93.09906877948285,0
2024-01-06 03:08:00,8378,20.135584564184093,33.13520360810161,-91.44906609549109,0
2024-01-06 03:09:00,4196,86.22420392606989,35.289092375778246,-93.89570707320593,0
2024-01-06 03:10:00,5287,383.78704732532185,32.78605785131383,-90.70825627420038,0
2024-01-06 03:11:00,3261,126.01258162898112,38.24529966586911,-94.81913094370543,0
2024-01-06 03:12:00,9572,20.669562712052887,38.19231277904811,-92.63431274340876,0
2024-01-06 03:13:00,1238,12.65127044998035,37.24340437829265,-90.83039547906822,0
2024-01-06 03:14:00,7843,25.06641961178454,36.89310204756043,-95.77609881256099,0
2024-01-06 03:15:00,2105,64.89882384048357,35.473015074949416,-99.73597925096388,0
2024-01-06 03:16:00,2386,42.5246375454678,33.47112257108317,-98.86952886062548,0
2024-01-06 03:17:00,2667,213.12057821608434,38.36938452773242,-90.28088558250066,0
2024-01-06 03:18:00,3691,106.391678436747,38.588321712517725,-91.26797458776167,0
2024-01-06 03:19:00,8756,26.294604381974853,30.495094688641675,-95.16582560203663,0
2024-01-06 03:20:00,2996,127.23906413381542,33.986194139240794,-90.39100587931682,0
2024-01-06 03:21:00,2425,246.26747084274982,30.266275804502246,-98.14394454224377,0
2024-01-06 03:22:00,9023,39.84177848061375,38.394773946996345,-98.89033632502806,0
2024-01-06 03:23:00,7849,88.19778457395303,31.77093246522042,-93.98559922084685,0
2024-01-06 03:24:00,4247,22.76965055679137,36.738667648165325,-96.17879702965219,0
2024-01-06 03:25:00,3592,47.382501941469606,33.5737581769437,-96.60230364042994,0
2024-01-06 03:26:00,2490,22.37612248046608,38.16065453232165,-92.65848104835189,0
2024-01-06 03:27:00,2224,188.53623447154445,35.096869002537645,-98.49986865079707,0
2024-01-06 03:28:00,3587,33.05669936175751,33.24401924451557,-92.21550977209884,0
2024-01-06 03:29:00,8714,84.7780182545202,33.238706672507405,-96.40550384065803,0
2024-01-06 03:30:00,4064,103.05335959316567,33.26927242421578,-90.1326244204127,1
2024-01-06 03:31:00,8804,1223.018860276584,37.88579216919303,-91.91253913101416,0
2024-01-06 03:32:00,1832,41.857271609786196,37.11115598826674,-93.53776437901904,0
2024-01-06 03:33:00,3440,25.099676932070057,33.19214107346533,-97.70553730065895,0
2024-01-06 03:34:00,5795,50.794097761456264,34.90208088943603,-90.43573539986026,0
2024-01-06 03:35:00,2646,23.32404409619845,30.761533855293255,-99.670899602329,0
2024-01-06 03:36:00,1440,33.53305485645047,38.27500268359423,-97.76650219990665,0
2024-01-06 03:37:00,6956,113.00238913366753,32.65954809443746,-99.63224290962879,0
2024-01-06 03:38:00,3367,27.89122534010202,38.89225141838697,-90.3348382025818,0
2024-01-06 03:39:00,7696,95.77205180856993,35.96796693012926,-91.28550480353974,0
2024-01-06 03:40:00,6190,99.13159283061177,35.67820162216042,-90.47892334198598,0
2024-01-06 03:41:00,5663,70.0614826191444,31.627187423142217,-92.84965014233411,0
2024-01-06 03:42:00,8062,106.64534206581007,30.695353595900166,-99.72575934203202,0
2024-01-06 03:43:00,5331,40.67439315031508,35.526165809818266,-90.68497959674366,0
2024-01-06 03:44:00,4034,7.368836801305109,34.67989123255224,-95.79047228319183,0
2024-01-06 03:45:00,4262,57.93160915447719,31.196830335772628,-96.31799130945255,0
2024-01-06 03:46:00,3107,59.044561087879785,38.35587722518187,-97.15867637060347,0
2024-01-06 03:47:00,8036,37.70692451518781,34.17240119175715,-97.13202172716277,0
2024-01-06 03:48:00,5320,104.36331572132363,32.60457800390887,-91.99371447981086,0
2024-01-06 03:49:00,6938,117.24970746472319,37.882720931463886,-97.4362052163087,0
2024-01-06 03:50:00,3747,67.90823234039674,39.13064156776937,-97.77837942561483,0
2024-01-06 03:51:00,5677,60.258196577808576,33.0596270318904,-93.01980372161147,0
2024-01-06 03:52:00,8972,184.70868487462923,37.75949885401647,-97.1253693395932,0
2024-01-06 03:53:00,5264,18.652716280187796,36.525196570085136,-99.86869062346925,0
2024-01-06 03:54:00,4133,39.19792880721184,39.89727783754092,-90.68233612923343,0
2024-01-06 03:55:00,2465,148.089854480967,32.03992707411228,-96.86436113016502,0
2024-01-06 03:56:00,5109,93.29579516859937,39.60678994506455,-92.35622548131902,0
2024-01-06 03:57:00,3211,43.16243239477911,33.152720567098896,-95.31012672678517,0
2024-01-06 03:58:00,6539,80.68665038175169,34.119542980709724,-98.6592018144354,0
2024-01-06 03:59:00,2689,31.556887298777085,33.58825814145535,-93.38071761526396,0
2024-01-06 04:00:00,8727,64.15361574031526,32.68450697088376,-97.68440173036656,0
2024-01-06 04:01:00,8764,108.64175545916069,36.93222581430294,-97.12082125064968,0
2024-01-06 04:02:00,5541,198.71438660740623,35.891453207258444,-99.67593635937372,0
2024-01-06 04:03:00,4541,105.73182354867566,33.056919456920966,-99.83596649886293,0
2024-01-06 04:04:00,1818,213.4986282744918,31.32212456518276,-94.86380542785643,0
2024-01-06 04:05:00,5521,12.901731079552071,33.17375637733207,-99.4220509111753,0
2024-01-06 04:06:00,2124,5.973228936864722,33.812313116838496,-97.90582427995741,0
2024-01-06 04:07:00,6660,6.156698131611626,33.8065344312107,-90.761928482329,0
2024-01-06 04:08:00,6641,166.67680789624922,33.572595337625906,-99.17144541398514,0
2024-01-06 04:09:00,2129,99.85183540478648,30.487225062231367,-97.09210501378301,0
2024-01-06 04:10:00,2702,26.620605997227983,34.64033107901517,-92.73471837861831,0
2024-01-06 04:11:00,3001,37.15528527906035,38.36208097245307,-91.15674912536511,0
2024-01-06 04:12:00,7912,76.43780861879291,31.803662918585186,-99.53788850482374,0
2024-01-06 04:13:00,4878,26.488083453076847,31.456573434274528,-98.1456048059066,0
2024-01-06 04:14:00,8232,24.11421163244021,34.71851055244811,-96.12116559861909,0
2024-01-06 04:15:00,7331,28.37260524251487,33.70603012150011,-96.39005764796909,0
2024-01-06 04:16:00,7035,26.03640035786353,35.61280640713551,-97.1147426519456,0
2024-01-06 04:17:00,7523,57.065001585807714,39.47074309662989,-97.57692409678789,1
2024-01-06 04:18:00,9111,288.0233765609313,37.60886250332805,-97.31341165227956,0
2024-01-06 04:19:00,9736,19.943213273227528,36.87058153181298,-98.66574422787822,0
2024-01-06 04:20:00,3401,50.74299988593373,34.15936944393679,-98.36673377462859,0
2024-01-06 04:21:00,9974,86.54077650704805,32.87359836381635,-93.93233100181074,0
2024-01-06 04:22:00,1539,93.27518741230399,35.40264103295881,-97.07808878239352,0
2024-01-06 04:23:00,6615,32.921406769694286,38.854435276612826,-96.00314729623811,0
2024-01-06 04:24:00,3956,101.36209593152311,38.767425105113716,-95.88033609293684,0
2024-01-06 04:25:00,9077,83.0986927841983,34.45514948749217,-98.90262503288979,0
2024-01-06 04:26:00,4722,34.76951002841684,32.462203532365365,-91.80506210143514,0
2024-01-06 04:27:00,6087,14.115533930928787,32.253444502508756,-90.43640332327466,0
2024-01-06 04:28:00,7460,17.403726912742812,30.339884167593755,-97.3645814270769,0
2024-01-06 04:29:00,3170,115.10623057988938,38.426642462959464,-97.05589814284889,0
2024-01-06 04:30:00,4391,227.48039699729327,32.64838033833288,-93.06846186781785,0
2024-01-06 04:31:00,7942,54.63939217792936,33.589991410061664,-99.19411618764583,0
2024-01-06 04:32:00,2616,221.82871473639432,38.09216140934065,-90.92677064228127,1
2024-01-06 04:33:00,7458,51.81188305496251,31.200240517729103,-98.79410692768408,1
2024-01-06 04:34:00,3756,17.38342915598414,34.612340788142994,-92.67937529089569,0
2024-01-06 04:35:00,7853,44.27999013895029,31.22341379921333,-97.08484924073827,0
2024-01-06 04:36:00,8709,242.7074801545814,34.41848569511325,-96.76735281719716,0
2024-01-06 04:37:00,2936,29.860435988543408,30.471395736287327,-98.5915535471229,0
2024-01-06 04:38:00,4091,47.65786967934164,35.17622826013455,-93.53662171007043,0
2024-01-06 04:39:00,1968,178.6868278074427,37.95709719071389,-92.05005638796902,0
2024-01-06 04:40:00,8297,166.79938600755273,36.762966747911506,-90.49758424527917,0
2024-01-06 04:41:00,4203,74.13786182480072,35.091690095774005,-96.68450565368451,0
2024-01-06 04:42:00,7499,93.1906982188686,38.287587121491555,-93.78819089816173,0
2024-01-06 04:43:00,6173,158.04024753182313,32.27787974959193,-95.85007051718647,0
2024-01-06 04:44:00,1889,74.33330920084454,38.30796284984279,-94.42156327259214,0
2024-01-06 04:45:00,9984,196.47008286661182,32.763634795881764,-98.370682707729,0
2024-01-06 04:46:00,8382,106.9049035360777,33.62486341200762,-94.18247108952855,0
2024-01-06 04:47:00,4531,47.092012275909944,31.284302016604926,-91.50917730770153,0
2024-01-06 04:48:00,1801,84.31166892397843,31.017547563622188,-91.36346845780476,0
2024-01-06 04:49:00,9234,37.13493901562986,39.321115187855796,-95.16610672394376,0
2024-01-06 04:50:00,4349,20.789705656082628,31.899782471849775,-97.64253534553545,0
2024-01-06 04:51:00,9005,17.43636787005881,33.33296155061947,-91.63321025925337,0
2024-01-06 04:52:00,4201,44.4078520676123,35.29151698949933,-90.00571483167533,0
2024-01-06 04:53:00,1349,74.66267805757911,33.47867132603128,-96.2284035807471,0
2024-01-06 04:54:00,1583,330.64685554518667,38.70133283378779,-90.75631294834598,1
2024-01-06 04:55:00,4377,82.77117406335721,39.00714763446773,-90.165398758666,0
2024-01-06 04:56:00,7028,66.12139179386077,33.25990457393521,-96.04386714197895,0
2024-01-06 04:57:00,8694,49.420355580892235,30.920276961667135,-92.83715583049653,0
2024-01-06 04:58:00,7196,38.192183119010224,32.10158234007177,-94.18907496820931,0
2024-01-06 04:59:00,8083,62.22507595678031,34.74392920735064,-92.77806311303289,0
2024-01-06 05:00:00,4401,41.439632919025804,32.88481042233728,-98.4584726540805,0
2024-01-06 05:01:00,4185,39.45454464841804,34.534722375315454,-96.33280160342849,0
2024-01-06 05:02:00,6285,124.06116671630636,37.587034997208725,-99.37201959246866,0
2024-01-06 05:03:00,7772,22.032773666628724,34.20638433775689,-93.86783863252876,0
2024-01-06 05:04:00,9490,42.52446446896768,31.969974562079386,-90.73303571097277,0
2024-01-06 05:05:00,4347,27.45049006608645,33.57967640584933,-94.39716754367575,0
2024-01-06 05:06:00,1788,61.411962440686516,37.42981218148533,-99.29668379469712,0
2024-01-06 05:07:00,5945,128.2215649685009,34.24062120213778,-90.69622600100848,0
2024-01-06 05:08:00,3889,77.47763116853739,32.495378529710386,-98.67035089353537,0
2024-01-06 05:09:00,6273,43.77660487289242,34.27411639207332,-91.17058570960305,0
2024-01-06 05:10:00,4272,139.82357581032983,34.548066876826596,-92.85772754248477,0
2024-01-06 05:11:00,6234,131.98747697550863,32.96377204777048,-93.63632244728227,0
2024-01-06 05:12:00,7902,56.7978921120081,39.95685089193039,-94.13152402375033,0
2024-01-06 05:13:00,8612,268.53924838817153,37.67626018888657,-98.6885078515854,1
2024-01-06 05:14:00,3492,83.04554049934227,36.92454986954093,-94.99156247625284,0
2024-01-06 05:15:00,7745,80.8362872870747,38.54866984570144,-98.03306961645937,0
2024-01-06 05:16:00,5240,16.400680716377106,36.66419195765446,-94.28216127902691,0
2024-01-06 05:17:00,3322,10.138144893272385,37.90980343055112,-95.52656255594279,0
2024-01-06 05:18:00,6298,58.173883090252595,34.12525644518723,-93.20324438210505,0
2024-01-06 05:19:00,2861,148.00626856828032,35.00371769909328,-90.1750297013779,0
2024-01-06 05:20:00,7620,75.83094167173576,30.469963833028494,-96.38984596384277,0
2024-01-06 05:21:00,5047,141.30008299711352,32.806463914088155,-93.83286503660037,0
2024-01-06 05:22:00,8581,36.1067651204978,33.68012409233316,-91.35593073466404,0
2024-01-06 05:23:00,8320,59.29327126637971,36.2547022541933,-99.07073366449089,0
2024-01-06 05:24:00,2098,55.51701251823886,34.64211284793903,-91.99753938732553,0
2024-01-06 05:25:00,6247,9.011565809881638,36.078382624232994,-97.60575029269697,0
2024-01-06 05:26:00,2734,326.6598290112696,37.13327334513882,-94.59723981409162,1
2024-01-06 05:27:00,5663,180.83076011279758,30.427186676676705,-90.08498561465017,0
2024-01-06 05:28:00,6909,138.1629368586309,32.58277747003615,-90.1594792123174,0
2024-01-06 05:29:00,4416,197.33977705563782,31.709038725447325,-96.84202360518405,0
2024-01-06 05:30:00,7302,34.229026332347054,31.874551191709713,-98.68237043836034,0
2024-01-06 05:31:00,8593,120.99808187679062,35.031253956319915,-90.61814963237106,0
2024-01-06 05:32:00,1680,34.150353775498026,37.39978776499925,-91.06470565001074,0
2024-01-06 05:33:00,9163,63.30726972882548,32.72777033925377,-93.83968103762582,0
2024-01-06 05:34:00,3070,9.56170076226138,38.24449238135712,-99.67589611162477,0
2024-01-06 05:35:00,7668,47.050130959008754,38.924565172085735,-92.48719675908107,0
2024-01-06 05:36:00,9001,11.819429934085397,33.505338720203525,-98.39144786758598,0
2024-01-06 05:37:00,3191,15.578026012463651,36.813565389542255,-90.56978728299492,0
2024-01-06 05:38:00,9859,51.74344830016139,31.17049294085108,-95.6487393020292,0
2024-01-06 05:39:00,8586,26.903815415462507,37.44028285485822,-93.8488439182665,0
2024-01-06 05:40:00,9872,76.62753787892487,31.65023875476619,-97.18920061394324,0
2024-01-06 05:41:00,3846,291.47464211407373,36.87415803771021,-95.24924117589357,0
2024-01-06 05:42:00,3463,29.32054145949548,34.21900003460185,-92.45364496780397,0
2024-01-06 05:43:00,7837,41.89768856360649,39.284563216185404,-95.07983437528797,0
2024-01-06 05:44:00,5922,106.11363637063252,34.644605818323974,-91.52802670531062,0
2024-01-06 05:45:00,5392,27.940963215491937,30.309028174675948,-92.86972564000428,0
2024-01-06 05:46:00,4183,26.69842528819138,34.806690362458966,-99.22640427695454,0
2024-01-06 05:47:00,4167,35.00724669517511,37.95498743859993,-93.93164595704589,0
2024-01-06 05:48:00,3997,131.74662000247767,36.470843308868496,-93.87400567339685,0
2024-01-06 05:49:00,7521,9.316481285931387,39.66315196614674,-96.19101647608917,0
2024-01-06 05:50:00,4227,23.394847925215927,38.43272490064746,-96.77276072458329,0
2024-01-06 05:51:00,7564,252.3678978498016,35.26551662897563,-99.37112405989694,0
2024-01-06 05:52:00,3024,2.4616727993502527,32.06520565605398,-95.53843521561443,0
2024-01-06 05:53:00,1329,48.068647266976264,30.03774629822123,-96.6340354214854,1
2024-01-06 05:54:00,3486,252.12705780953047,39.80502397001368,-90.48937190315749,0
2024-01-06 05:55:00,2155,368.7012245142962,39.3831969830267,-93.25825618154649,1
2024-01-06 05:56:00,5477,121.43208287805847,32.74143994075193,-95.39938589432316,0
2024-01-06 05:57:00,3185,176.23847650913376,36.38215786223727,-92.45388019378115,0
2024-01-06 05:58:00,8086,21.144653286994732,37.292395628861534,-92.21230362408474,0
2024-01-06 05:59:00,3317,22.95519340636854,35.78013461032595,-95.19544108425514,0
2024-01-06 06:00:00,4621,303.1307146302245,38.42961674838098,-99.24242197926243,1
2024-01-06 06:01:00,5491,41.93662121772158,30.77824648432014,-92.19448867751521,0
2024-01-06 06:02:00,3511,8.355623448811844,38.964940341502135,-99.09715957212157,0
2024-01-06 06:03:00,8842,82.96450903948728,33.92019011166492,-91.52493173494912,0
2024-01-06 06:04:00,9641,45.10543855336362,34.806900215747916,-96.65843107391383,0
2024-01-06 06:05:00,8848,59.21244392815642,34.44733650421672,-93.61759035571619,0
2024-01-06 06:06:00,6404,5.04663595961283,35.31286222969355,-92.59595547087949,0
2024-01-06 06:07:00,6393,3.8643466297231246,35.98168471885754,-99.64807534674,0
2024-01-06 06:08:00,2293,73.88866309385816,37.10343432979192,-96.15385694154801,0
2024-01-06 06:09:00,3465,40.32087965041725,35.24940339075204,-93.95856992000606,1
2024-01-06 06:10:00,4175,34.57523124838248,36.8477325600889,-91.5185575270306,0
2024-01-06 06:11:00,8849,80.6794266412885,33.382974435907,-92.8223031681959,0
2024-01-06 06:12:00,9444,25.056150503953422,39.36680870257987,-91.03858835791053,0
2024-01-06 06:13:00,9210,41.869566316844626,30.64531019799769,-99.17277328845422,0
2024-01-06 06:14:00,3759,34.856628780231375,35.45540608561093,-99.28177997794188,0
2024-01-06 06:15:00,6255,132.34947863711778,30.873961760217146,-92.86475059224027,0
2024-01-06 06:16:00,9414,8.340520433364155,34.427670360369305,-96.01471759002185,0
2024-01-06 06:17:00,1002,28.57827819219619,32.5758235765283,-95.18368738749061,0
2024-01-06 06:18:00,9130,162.35116874172482,39.369034495826476,-93.95683964390977,0
2024-01-06 06:19:00,2259,23.638127067590087,30.130753863859432,-90.1405853825269,0
2024-01-06 06:20:00,9190,61.556344755074505,33.91203631141457,-99.32833844463066,0
2024-01-06 06:21:00,5323,289.8723543784546,37.820427497069545,-98.91105110573815,0
2024-01-06 06:22:00,6773,63.9685149030546,31.88461412651466,-91.70686764385522,0
2024-01-06 06:23:00,3568,464.2869886271606,38.155882046662526,-99.79475738843765,0
2024-01-06 06:24:00,2885,221.38263247939014,38.59725087824824,-95.49545159271597,0
2024-01-06 06:25:00,8060,28.455344277986192,37.080029996457704,-92.25881710368164,0
2024-01-06 06:26:00,8844,15.424843365223628,32.09069182426171,-98.04731178965908,0
2024-01-06 06:27:00,7111,29.846933496136703,32.72038656581562,-98.12989886934426,0
2024-01-06 06:28:00,3338,79.84233679014221,31.66934728695362,-96.8974765566732,0
2024-01-06 06:29:00,4758,77.18924953506254,31.840637372013997,-98.49989661085056,0
2024-01-06 06:30:00,5810,106.11573048736655,30.364922964753752,-93.21447146278109,1
2024-01-06 06:31:00,7791,21.64115577742461,38.573150811982664,-97.99862448502533,0
2024-01-06 06:32:00,8171,25.070887406771433,35.285022874278354,-97.73142460954186,0
2024-01-06 06:33:00,3731,95.44339020247892,33.27759223887052,-94.25064851908206,0
2024-01-06 06:34:00,1869,399.7744309303307,32.895769960634084,-90.32658921603957,1
2024-01-06 06:35:00,6166,18.229619623421545,35.446962964475865,-90.86117427631459,0
2024-01-06 06:36:00,1093,50.78320008975849,33.26684821789949,-91.35503270373079,0
2024-01-06 06:37:00,3987,38.098966350856,38.63717975010348,-94.6907616667218,0
2024-01-06 06:38:00,9627,63.1411833625802,32.10957435036911,-97.0224818429428,0
2024-01-06 06:39:00,5947,16.49022760567641,38.82301791412853,-92.94232821726735,0
2024-01-06 06:40:00,7651,59.627910984000806,36.64092453003429,-96.10422720220802,0
2024-01-06 06:41:00,7979,185.07906399812944,39.5662922045497,-92.22091016568791,0
2024-01-06 06:42:00,7794,10.76188698003352,30.151072416356936,-99.83808514422687,0
2024-01-06 06:43:00,7524,147.82549616580516,30.590955657111564,-94.70459959033198,0
2024-01-06 06:44:00,4144,16.528619337219897,35.00894593936573,-96.62649505002628,0
2024-01-06 06:45:00,4587,70.67860292476011,39.123788300320484,-97.50950894164221,0
2024-01-06 06:46:00,1076,89.01556089281894,37.30794951530145,-93.38163162375623,0
2024-01-06 06:47:00,9959,79.45383133163423,36.22135932519333,-93.4162666638889,0
2024-01-06 06:48:00,7553,39.1155705746293,30.31602155660184,-99.62932822056405,0
2024-01-06 06:49:00,9297,105.89949233081984,33.54163788412609,-90.52301113984113,0
2024-01-06 06:50:00,7694,15.52987669140481,33.458528929028574,-96.3814696384948,0
2024-01-06 06:51:00,3873,136.26120699701784,35.420856822599056,-90.82592185601015,0
2024-01-06 06:52:00,4346,34.29387949414537,32.57827779346762,-94.1628001182992,0
2024-01-06 06:53:00,8024,75.33909055148183,32.6715571517776,-93.47409527126615,0
2024-01-06 06:54:00,4148,38.41988928499439,36.2086080007676,-90.39484421680021,0
2024-01-06 06:55:00,1244,252.67521507051444,39.44567543314157,-91.77802720334026,0
2024-01-06 06:56:00,3625,84.65939983058455,36.601791036366954,-98.59964989969751,0
2024-01-06 06:57:00,4849,104.87068108055679,36.68130123981035,-99.94779037406666,1
2024-01-06 06:58:00,8737,120.00842647129701,39.862148133881156,-96.91412619658244,0
2024-01-06 06:59:00,9333,42.90597851426976,31.5347816706979,-95.11462405612376,0
2024-01-06 07:00:00,1892,72.913456545804,30.338347742003606,-92.67850108836606,0
2024-01-06 07:01:00,6487,64.41099797297217,37.45513950746298,-93.38951619627298,0
2024-01-06 07:02:00,8251,104.05302512797054,34.38787433189872,-96.87143828589923,0
2024-01-06 07:03:00,8310,34.96672427182577,34.288233547520065,-94.58004010836643,0
2024-01-06 07:04:00,3399,26.935058157339025,32.25303376363032,-93.49066683975227,0
2024-01-06 07:05:00,5640,178.00584281203476,35.06863040519038,-94.86249797956197,0
2024-01-06 07:06:00,3960,119.90644449778118,34.42172343724873,-93.11025703957769,0
2024-01-06 07:07:00,8325,23.585761321389036,33.45450007846328,-95.14781746051665,0
2024-01-06 07:08:00,2469,365.8540332317723,34.42745159338419,-94.70314993016387,1
2024-01-06 07:09:00,4374,30.833035308489414,33.8383477072289,-90.5922470720264,1
2024-01-06 07:10:00,9847,61.47454638378444,39.39896358089537,-96.10841872370719,0
2024-01-06 07:11:00,9234,175.6839696959739,39.80251657475836,-92.44292668872336,0
2024-01-06 07:12:00,8923,174.0171414472938,38.39900932511754,-96.65323453834174,0
2024-01-06 07:13:00,6122,26.964950316316642,39.90414091012125,-96.6814546460904,0
2024-01-06 07:14:00,6387,91.58267085732189,32.6571942902918,-90.73328403124926,0
2024-01-06 07:15:00,8631,40.03623528946278,38.4292510991894,-93.0132849457735,1
2024-01-06 07:16:00,8226,83.05991478600282,34.066290119026206,-90.71041712022429,0
2024-01-06 07:17:00,6108,48.150673011680254,37.46136397777754,-90.05418537990474,0
2024-01-06 07:18:00,3224,36.497468250977754,32.01392640630473,-99.99796834805599,0
2024-01-06 07:19:00,3110,20.855697116497936,38.11956089741307,-90.16849750971392,0
2024-01-06 07:20:00,1957,178.60405784780866,30.834644261569196,-98.99129280321405,0
2024-01-06 07:21:00,8146,25.951253694141883,32.705577067164036,-99.29588520062104,0
2024-01-06 07:22:00,1560,237.07341786605198,38.21952616847156,-92.32190195244422,0
2024-01-06 07:23:00,8413,40.69880527654665,37.47159221821852,-96.49815399379494,0
2024-01-06 07:24:00,2312,88.64611466618469,35.01246754991289,-90.82188063499947,0
2024-01-06 07:25:00,2821,254.48713083812993,36.72792774290209,-94.55493431068382,0
2024-01-06 07:26:00,6646,35.49557454498655,31.855740244959296,-96.13888356248657,0
2024-01-06 07:27:00,5945,87.51820128030721,36.6776362234628,-99.26562626406749,0
2024-01-06 07:28:00,6374,89.48163697232226,30.079761673414925,-95.35364148223296,0
2024-01-06 07:29:00,3651,28.034225334829188,38.33215867381506,-97.22102265949988,0
2024-01-06 07:30:00,5701,68.18734929248608,35.16287607998944,-99.23386898898724,0
2024-01-06 07:31:00,3877,114.98326887374279,39.438784516095815,-93.29611470225852,0
2024-01-06 07:32:00,6582,299.1509685783468,34.78164267322782,-90.22663116502282,0
2024-01-06 07:33:00,6390,36.056954587702975,34.33087282326341,-96.21085514603455,0
2024-01-06 07:34:00,5083,77.15961025801211,34.50052812397814,-97.02735079404833,0
2024-01-06 07:35:00,1745,48.08314482910793,33.59728620275296,-99.10039809689492,0
2024-01-06 07:36:00,9749,66.24509441901147,31.66675083842654,-97.7685477889492,0
2024-01-06 07:37:00,1941,30.211018936754204,38.42062726945505,-97.15027750201594,0
2024-01-06 07:38:00,5023,46.106712921783,33.89085407758295,-96.55824387163935,0
2024-01-06 07:39:00,3296,249.18906823463766,35.29108428188859,-93.66032951755516,0
2024-01-06 07:40:00,1939,62.01824066432921,30.198869164634363,-98.85127321936126,0
2024-01-06 07:41:00,2610,58.91557818255052,30.60253872713999,-99.41576086576816,0
2024-01-06 07:42:00,7300,23.28018171533004,35.971832294778444,-90.69418182707793,0
2024-01-06 07:43:00,2725,162.5515319894868,38.79228082513609,-92.008113081875,1
2024-01-06 07:44:00,9853,127.3527326850313,34.93395828026075,-97.21777913084644,0
2024-01-06 07:45:00,8187,62.0079065180246,31.649745806050632,-93.61207810179316,0
2024-01-06 07:46:00,1032,365.44792940797515,31.161273143659688,-94.07507720200094,1
2024-01-06 07:47:00,6985,32.05348818362906,38.99788001392924,-92.56989416466631,0
2024-01-06 07:48:00,4414,19.253625754565782,37.01637854015257,-91.40705521283073,0
2024-01-06 07:49:00,2156,49.65378846569102,39.66195554511457,-96.42247949672644,1
2024-01-06 07:50:00,4126,23.401004522422106,30.823486213438997,-93.39168017274676,0
2024-01-06 07:51:00,9252,69.45400159210205,39.026128550234134,-91.9795909260901,0
2024-01-06 07:52:00,2543,58.744379866958404,38.456323125268156,-93.0070569512429,0
2024-01-06 07:53:00,1271,172.93205508445985,38.93185182924154,-90.77864411465444,0
2024-01-06 07:54:00,6295,34.6148169551763,30.057629566071395,-95.05312547281402,0
2024-01-06 07:55:00,5076,76.09784860248239,37.41903480527195,-91.97359406704781,0
2024-01-06 07:56:00,6902,65.70890628068851,35.48938114161639,-90.9025860215887,0
2024-01-06 07:57:00,3709,125.52865995266966,35.7317943375842,-94.42947125119147,0
2024-01-06 07:58:00,6221,17.629678163999397,34.692019873527556,-99.82706467256627,0
2024-01-06 07:59:00,9529,22.247334467094603,37.42676917748219,-91.81991631339147,0
2024-01-06 08:00:00,7722,30.602395107281943,39.998392904764046,-91.53966028510213,0
2024-01-06 08:01:00,9201,18.46077474832651,37.10538359274163,-96.00149339214548,0
2024-01-06 08:02:00,5144,100.71852280150031,36.78050416039323,-97.70921926518989,0
2024-01-06 08:03:00,6606,101.68644013996908,36.544377156800806,-90.21850733057937,0
2024-01-06 08:04:00,7766,162.72534714028706,36.952116698473574,-94.48376417607082,1
2024-01-06 08:05:00,1730,47.19402546333185,33.421124674308324,-94.83820314490167,0
2024-01-06 08:06:00,5890,34.38453850663725,33.202197436664186,-90.53925705761232,0
2024-01-06 08:07:00,2648,21.175352045127894,37.843379782705064,-95.91902887703995,0
2024-01-06 08:08:00,5228,201.05166049497802,30.530880173529656,-91.5186400177536,0
2024-01-06 08:09:00,3130,43.71770758528468,37.59247738203384,-92.99348915310254,0
2024-01-06 08:10:00,5366,26.42116252913634,38.13841585169568,-90.3228462787619,0
2024-01-06 08:11:00,2506,115.63334808001146,35.21597959586268,-95.71349057448649,0
2024-01-06 08:12:00,3158,38.891801150879004,39.10148095413015,-90.92374111683152,0
2024-01-06 08:13:00,3916,18.78449563341163,34.73087437147184,-94.31119282840912,0
2024-01-06 08:14:00,4229,22.934283174840175,31.780866680958443,-95.24123527575922,0
2024-01-06 08:15:00,7265,59.77111786648577,33.613986487066725,-96.9433645546974,0
2024-01-06 08:16:00,5136,18.68434177781934,39.058675059310865,-94.47301983681858,0
2024-01-06 08:17:00,3689,50.11961987181059,39.93738288324387,-94.27448054042746,0
2024-01-06 08:18:00,8190,22.993610231772617,34.21853966989484,-91.01608863992374,0
2024-01-06 08:19:00,3810,21.200198687665804,31.668465455936577,-92.95937870715679,0
2024-01-06 08:20:00,7152,33.5169523389205,32.86329280234138,-91.73526342151594,0
2024-01-06 08:21:00,1012,64.02552449910809,35.53296342513964,-92.30869963596281,0
2024-01-06 08:22:00,6938,75.1507876860236,35.720959182771466,-97.23353446497019,0
2024-01-06 08:23:00,8999,137.5965786721105,36.3005940669358,-97.94202434939824,0
2024-01-06 08:24:00,8219,24.95176424905178,38.35353372572547,-97.41518644277961,0
2024-01-06 08:25:00,6328,219.53440336824676,37.11214151688028,-98.53420575624666,0
2024-01-06 08:26:00,4621,829.6064431300814,32.60840226502507,-96.14038076507538,0
2024-01-06 08:27:00,4683,35.875464859954214,33.95044060696,-93.46099285423071,0
2024-01-06 08:28:00,8872,9.326110329716323,38.398165838040136,-94.63022507694797,0
2024-01-06 08:29:00,6310,9.567974900560388,36.33382670605711,-93.2078567127468,0
2024-01-06 08:30:00,1652,33.22112705571571,31.664180482447236,-96.43901546614315,0
2024-01-06 08:31:00,6799,27.272601668390177,33.25538804080318,-97.9472221341564,0
2024-01-06 08:32:00,9812,54.87943898325068,37.910909124309015,-97.97241851520809,0
2024-01-06 08:33:00,4790,90.76603734464696,31.720941233233805,-93.99137453293284,0
2024-01-06 08:34:00,2645,15.0883096068295,36.910506527207794,-98.3570524100857,1
2024-01-06 08:35:00,5512,45.99241754488481,35.63536536231573,-96.02832827693801,0
2024-01-06 08:36:00,5759,32.91804276990773,31.47474906401145,-97.87167257223956,0
2024-01-06 08:37:00,6874,418.0290600606658,36.888789240309364,-93.37239615271055,0
2024-01-06 08:38:00,4688,13.714001032862942,31.4234897065517,-93.84579161220294,0
2024-01-06 08:39:00,8689,25.56388377443211,33.98435579109681,-96.1887503322246,0
2024-01-06 08:40:00,2379,56.459978926099005,33.085599245245206,-98.71282480465494,0
2024-01-06 08:41:00,5243,25.736357465479824,36.900099526869575,-97.88183185553325,0
2024-01-06 08:42:00,7507,169.5445134144989,37.82362356606652,-95.27790941197667,0
2024-01-06 08:43:00,8819,19.690282949292822,31.683165819559136,-90.2791757556583,0
2024-01-06 08:44:00,9593,21.84817584923506,38.119967425989415,-97.29225238495796,0
2024-01-06 08:45:00,3653,184.81392170836486,30.072140559945577,-98.08809643094108,0
2024-01-06 08:46:00,6611,16.594852706548156,35.30058547342533,-97.79316581756629,0
2024-01-06 08:47:00,7127,125.78692048484132,35.16788889874674,-92.9186086383204,1
2024-01-06 08:48:00,4923,34.723968454596395,36.2382143075182,-90.85315834604478,0
2024-01-06 08:49:00,9459,29.41956559463795,32.39700530334675,-99.24828376080751,0
2024-01-06 08:50:00,6912,32.85671845311051,30.098568299302013,-92.50711458428782,0
2024-01-06 08:51:00,6130,17.804544331204614,34.547629161413994,-95.05393320340501,0
2024-01-06 08:52:00,6439,135.24182098104689,30.714062112582546,-91.74809533298694,0
2024-01-06 08:53:00,8880,62.55630334976713,38.92193886806868,-95.7849467722924,0
2024-01-06 08:54:00,7449,133.08166518749812,31.736663256891735,-99.94783748323208,0
2024-01-06 08:55:00,2725,177.03508954869167,34.252329674986605,-93.17203623270429,0
2024-01-06 08:56:00,8522,93.78705944690937,34.340003902403836,-91.92028568512694,0
2024-01-06 08:57:00,5784,12.771602122551517,35.52864647838205,-90.97978905846846,0
2024-01-06 08:58:00,2232,20.712027368642094,37.82532348770397,-94.30948710904966,0
2024-01-06 08:59:00,9808,127.85717609070434,34.721481505087795,-98.77951498756855,0
2024-01-06 09:00:00,9338,57.71425697103579,30.257532672204732,-96.30165355774444,0
2024-01-06 09:01:00,8446,104.62466356495558,37.7111041117509,-92.15749754878888,0
2024-01-06 09:02:00,5616,49.9524456932696,30.821733146208913,-95.05587034451986,0
2024-01-06 09:03:00,5725,35.52746337332587,36.41553292258864,-93.00755511819499,0
2024-01-06 09:04:00,4677,104.75808334752925,38.03429508651895,-99.953103166412,0
2024-01-06 09:05:00,7287,9.704358117698655,32.82690172481044,-99.26997660262565,0
2024-01-06 09:06:00,9480,39.656925658113074,34.491064816840314,-93.18836381551365,0
2024-01-06 09:07:00,2409,58.35099606705586,30.143358421858167,-97.09798119060686,0
2024-01-06 09:08:00,9205,67.26853430397799,38.038751995898856,-96.11813312292108,0
2024-01-06 09:09:00,1256,14.961839368727647,37.032610899208194,-93.57867088225508,0
2024-01-06 09:10:00,2721,15.593997739864909,32.313873943878434,-98.87985506403226,0
2024-01-06 09:11:00,2423,36.849734768952814,33.90226197865789,-91.67291644709383,0
2024-01-06 09:12:00,5953,51.27670940511661,36.95316501801111,-98.55565739836815,0
2024-01-06 09:13:00,3990,258.54211803825336,33.581631218512065,-92.66717455948732,0
2024-01-06 09:14:00,2195,22.69217736271124,31.624147755577,-97.0724863095604,0
2024-01-06 09:15:00,5559,33.34347407840061,35.18505528877908,-97.40029033868313,0
2024-01-06 09:16:00,5365,268.13774688944045,37.2356757028644,-91.78735301015125,0
2024-01-06 09:17:00,2244,158.23599553274414,33.20809507002946,-94.47798253746629,0
2024-01-06 09:18:00,7766,17.921515676951977,31.217722716444577,-97.94502215025106,0
2024-01-06 09:19:00,6302,107.28047218184251,38.29544161811977,-99.97453749088682,1
2024-01-06 09:20:00,2306,125.51220457623714,32.52801866447123,-90.26965120600198,0
2024-01-06 09:21:00,3402,66.40378757877966,35.128149541066065,-95.68613810877403,0
2024-01-06 09:22:00,1496,16.89140766876928,36.91343149489243,-96.02577205108138,1
2024-01-06 09:23:00,4399,30.09911010002405,33.170752003942205,-99.49685413782137,0
2024-01-06 09:24:00,1909,29.13785282820821,36.48636537372418,-91.05596530649038,0
2024-01-06 09:25:00,1372,92.65741740007824,34.597095064415285,-98.59412304062818,0
2024-01-06 09:26:00,7236,35.53661962316805,35.704366551238465,-96.64544288390192,0
2024-01-06 09:27:00,2344,41.89641731514457,35.90576103616942,-95.788961050142,0
2024-01-06 09:28:00,9515,29.90439527723268,38.24150686896886,-91.89894251219933,0
2024-01-06 09:29:00,3431,11.490827978588499,36.563262734353366,-96.40533367859288,1
2024-01-06 09:30:00,5670,731.4994389047108,32.6430669218441,-94.68537457647187,0
2024-01-06 09:31:00,3784,81.67856636786388,30.596043411384464,-95.71268530358427,0
2024-01-06 09:32:00,2695,237.9386955589496,30.01985544075133,-96.8815530487034,0
2024-01-06 09:33:00,2907,17.89273751496677,39.04417384766995,-90.53696915091047,0
2024-01-06 09:34:00,5814,249.31434396076702,39.421100518022065,-92.03123189173489,0
2024-01-06 09:35:00,1780,36.72751444577371,30.94111487664668,-98.25647040025203,0
2024-01-06 09:36:00,2019,92.78403729374274,34.87053618282248,-94.45293665112477,0
2024-01-06 09:37:00,2403,147.19382212317876,31.515952034605345,-92.03439880917512,0
2024-01-06 09:38:00,2426,247.38446891454646,39.48749086704085,-94.20210027371293,0
2024-01-06 09:39:00,9855,52.123761765348526,32.468325168225235,-95.0622070800407,0
2024-01-06 09:40:00,6868,19.9984364484329,35.01647095596999,-99.27940602560128,0
2024-01-06 09:41:00,1010,53.79745028359499,31.656201917329167,-98.939333114935,0
2024-01-06 09:42:00,7330,98.59769311161858,33.32761084503062,-97.54760464799318,0
2024-01-06 09:43:00,3825,31.948323957888718,32.66806360927181,-94.86603308805155,0
2024-01-06 09:44:00,8464,35.76216761881471,34.75426042972185,-90.12703315431453,1
2024-01-06 09:45:00,4003,11.608373651823552,34.19781962022149,-91.97733807923188,0
2024-01-06 09:46:00,8195,20.52892466552729,33.30797794600375,-98.89948999535702,1
2024-01-06 09:47:00,7720,85.1401410097586,31.05877617648412,-92.82740606301155,0
2024-01-06 09:48:00,4088,131.88660954819122,34.84487022006948,-91.89528660827271,0
2024-01-06 09:49:00,2789,164.31019347605547,38.50208018091553,-95.85736721658789,0
2024-01-06 09:50:00,4036,531.6336814537129,37.30223336585566,-96.69852376623511,0
2024-01-06 09:51:00,8377,241.81261168987297,37.20574884162669,-94.15384895962343,0
2024-01-06 09:52:00,8598,46.89818679489575,33.66091736745309,-94.80846445031545,0
2024-01-06 09:53:00,5838,21.419937694805714,37.084190806820516,-97.34786394203097,0
2024-01-06 09:54:00,6872,42.26056115100234,34.65531481399918,-96.0262216941706,1
2024-01-06 09:55:00,4653,31.463890283794047,31.502760908381692,-94.55562483710474,0
2024-01-06 09:56:00,5299,64.44957122737371,34.19049749978051,-94.20075633731258,0
2024-01-06 09:57:00,1973,133.0790049429822,31.327386310315973,-94.68250478362047,0
2024-01-06 09:58:00,8083,88.21401610367927,31.144828189065358,-91.53892488912774,0
2024-01-06 09:59:00,6494,264.0016367005608,30.230593084576107,-99.68254960212694,0
2024-01-06 10:00:00,4406,81.08726625557772,32.828543009694165,-96.6701631955878,0
2024-01-06 10:01:00,6150,15.247294208698035,33.30874784241945,-92.50166386153336,0
2024-01-06 10:02:00,4129,30.876888217322335,36.99443712938493,-93.48217396831468,0
2024-01-06 10:03:00,1104,81.66089022589594,35.38004784884784,-90.8173337081814,0
2024-01-06 10:04:00,8433,68.6258763323626,38.58449712053312,-94.11978971257643,0
2024-01-06 10:05:00,8689,201.99691581126115,31.764706267056564,-93.61849093792944,0
2024-01-06 10:06:00,4567,54.98377491017819,32.65956645859814,-92.9505283987723,0
2024-01-06 10:07:00,5348,45.768550732100415,39.410761111434155,-98.13799400873758,0
2024-01-06 10:08:00,5390,11.313733438780174,34.440452477798146,-92.46755988236535,0
2024-01-06 10:09:00,7811,24.368153375072755,37.89050943048656,-97.00110361458998,0
2024-01-06 10:10:00,2181,74.34914650698583,34.92167648649489,-95.7549881993436,0
2024-01-06 10:11:00,5644,67.33322805819937,34.71085657025748,-99.85993498427383,0
2024-01-06 10:12:00,6873,98.9769014673286,31.481162880296424,-91.56434068916471,0
2024-01-06 10:13:00,5394,85.67661916330358,38.511996109485864,-90.46507105874434,1
2024-01-06 10:14:00,4534,48.74633936523434,30.783552805476347,-99.39809048815209,0
2024-01-06 10:15:00,6844,20.051522761308338,33.10261094653042,-93.64799820229887,0
2024-01-06 10:16:00,6939,54.62940037516265,36.7346807172018,-90.39221323841898,0
2024-01-06 10:17:00,7475,52.23509930468185,35.0725755080803,-93.9309921174018,0
2024-01-06 10:18:00,2774,215.25464108536943,38.81378326971536,-92.02049012811925,0
2024-01-06 10:19:00,9283,206.06398239212976,30.39297952787916,-98.81871215166169,0
2024-01-06 10:20:00,1446,33.825692261324676,36.4940751949973,-97.55150227137571,0
2024-01-06 10:21:00,1108,29.314378739773673,34.77465470627125,-96.54265144078737,0
2024-01-06 10:22:00,4239,14.101987743466886,31.54311823467651,-90.18833350344622,0
2024-01-06 10:23:00,6931,46.298615777360304,37.43251907112594,-92.18222029635179,0
2024-01-06 10:24:00,5053,33.98070313271544,34.11306855406024,-91.14337130505359,0
2024-01-06 10:25:00,5537,740.5007130720062,35.31581904236683,-95.12923580314938,0
2024-01-06 10:26:00,7361,17.896776978973325,39.672660663631085,-92.83194643766623,0
2024-01-06 10:27:00,2245,57.89210320329,34.86230081025189,-92.68435057132427,0
2024-01-06 10:28:00,3720,28.706951072080155,38.233728655586425,-94.3107693915488,0
2024-01-06 10:29:00,9469,55.958875578761386,37.69577523341244,-91.22030849295635,0
2024-01-06 10:30:00,8741,39.118825624353654,36.627545915137986,-98.41748774042011,0
2024-01-06 10:31:00,6105,122.9154869786818,38.968121433503335,-99.42480310134884,0
2024-01-06 10:32:00,3922,84.8019146894473,32.516016469371806,-96.9594350431067,0
2024-01-06 10:33:00,3513,118.87411711292144,38.207712314676634,-99.11728189404315,0
2024-01-06 10:34:00,3801,25.738720521504053,33.777874883973425,-99.39683837344555,0
2024-01-06 10:35:00,7981,160.66206765602962,38.124908900812216,-95.80910203106228,0
2024-01-06 10:36:00,9221,33.72703357387506,34.93788684545511,-97.99494315308547,0
2024-01-06 10:37:00,7502,13.379890829257628,38.577092529432356,-92.09852502872762,0
2024-01-06 10:38:00,7038,45.51807999841181,38.948435376929865,-94.20215614034487,0
2024-01-06 10:39:00,7229,61.152180978956814,35.976438756841155,-96.39407149563594,0
2024-01-06 10:40:00,1364,15.64667887699639,35.07626956831245,-97.13455858192123,0
2024-01-06 10:41:00,2800,130.7903491569845,37.83280143332334,-94.36861843139734,0
2024-01-06 10:42:00,6958,24.2602662875064,32.66986203179173,-95.65997901240092,0
2024-01-06 10:43:00,8436,23.243886927911507,30.153486812489145,-99.44264819762681,0
2024-01-06 10:44:00,5793,54.59591994589444,34.070945827547696,-93.34809388817366,0
2024-01-06 10:45:00,9160,128.6767944004793,35.07774132896777,-95.00242412276711,0
2024-01-06 10:46:00,1179,16.186486016708184,32.97262719438756,-97.23100404977228,0
2024-01-06 10:47:00,4873,139.85809073056836,33.833618817377676,-97.09584896463844,0
2024-01-06 10:48:00,4960,6.300528196514956,31.330582329160947,-95.4721540672015,0
2024-01-06 10:49:00,2186,75.99503162841435,32.77289903367794,-91.72407537944365,0
2024-01-06 10:50:00,1773,17.64241297484384,32.400953479145734,-95.7694941968533,0
2024-01-06 10:51:00,5460,24.568112959170186,33.0098685382677,-91.60419168418848,0
2024-01-06 10:52:00,1352,310.4079860682147,32.99054110540652,-95.75136786460472,1
2024-01-06 10:53:00,7943,20.32470962808282,35.58968371047614,-91.70086834136511,0
2024-01-06 10:54:00,6202,51.612113270822725,32.505969401960726,-90.68470035815648,0
2024-01-06 10:55:00,6344,18.78932505848148,39.409612633398886,-99.79426121412206,0
2024-01-06 10:56:00,5507,117.82362654552037,35.112748303633346,-99.37749587777613,0
2024-01-06 10:57:00,5830,82.1825314661555,31.289660064097674,-98.65980704254241,0
2024-01-06 10:58:00,1117,94.61365996916959,32.79606270524284,-98.77879520633913,0
2024-01-06 10:59:00,1481,169.16411840993175,37.29757496135654,-95.45522116633353,0
2024-01-06 11:00:00,5287,38.946551345751566,30.136590383807274,-92.35965928455097,0
2024-01-06 11:01:00,7802,159.8934362338265,39.378179861969514,-90.38671584833378,0
2024-01-06 11:02:00,9298,242.2344556018953,34.45176921725806,-95.82219186032212,0
2024-01-06 11:03:00,5477,72.5622880360392,35.21079022950997,-93.11518863435951,0
2024-01-06 11:04:00,7533,18.060303909150047,39.88412235839528,-93.64493088185436,1
2024-01-06 11:05:00,1243,16.363319862728314,35.034030859993315,-96.06816465368158,0
2024-01-06 11:06:00,8012,84.96790786762979,39.477439944619725,-92.78876481096658,0
2024-01-06 11:07:00,1865,18.048727199559295,39.15231115793154,-94.08048916641108,0
2024-01-06 11:08:00,6329,14.24780999548071,39.413155286662125,-92.40060478862407,0
2024-01-06 11:09:00,1603,132.124150120293,38.12373057492364,-98.06351296430806,0
2024-01-06 11:10:00,6756,34.50838542507017,32.96398084557731,-96.39728614730151,0
2024-01-06 11:11:00,5018,613.6349187751969,33.46382483785982,-93.28778086216671,0
2024-01-06 11:12:00,6192,28.29073332326348,33.64984068180641,-98.75196537487082,0
2024-01-06 11:13:00,3015,33.20303694806842,39.79180839612195,-92.29602432010884,0
2024-01-06 11:14:00,4380,78.19546864447088,33.60755503972149,-98.66560227723785,0
2024-01-06 11:15:00,4770,66.99145375949087,31.086893092183804,-96.75545848965795,0
2024-01-06 11:16:00,6829,50.18994606141589,37.78328894635152,-97.62471326665064,0
2024-01-06 11:17:00,2613,49.010617951172456,33.66063291582053,-99.39014438382864,0
2024-01-06 11:18:00,2879,1398.0477410815004,36.20935911725844,-97.29343163109547,1
2024-01-06 11:19:00,6372,287.37007855291466,39.24360412263967,-90.88488790716265,0
2024-01-06 11:20:00,5108,126.91578663464833,35.75505576778044,-99.73071353051223,0
2024-01-06 11:21:00,9978,16.031889008955325,36.377001783578876,-99.83171069288514,0
2024-01-06 11:22:00,1148,50.70828341079723,36.42862564465136,-92.95733152085614,0
2024-01-06 11:23:00,2754,105.69359437005753,36.12399185758515,-96.33130085023137,0
2024-01-06 11:24:00,8378,115.37862541142545,31.597693774809542,-97.70258921125176,0
2024-01-06 11:25:00,7681,195.90059901653444,34.56415414748756,-94.91127848785811,0
2024-01-06 11:26:00,4756,28.75602089182769,30.076640199770583,-97.33324463049402,0
2024-01-06 11:27:00,6392,52.53418349679689,36.262648040753334,-96.0798207746718,0
2024-01-06 11:28:00,4052,25.661328072826095,35.75358295026239,-92.84663611306905,0
2024-01-06 11:29:00,6692,207.42023545768728,33.18137219240821,-98.8309293551696,0
2024-01-06 11:30:00,5218,109.81828940049809,35.238955031702034,-90.40343792038743,0
2024-01-06 11:31:00,5803,32.87319375915527,34.93057781908077,-99.57471315730946,0
2024-01-06 11:32:00,3377,68.36615528516116,32.50915215942251,-91.93462644671771,0
2024-01-06 11:33:00,6086,57.415218695118305,32.93287548092593,-92.7540880604859,0
2024-01-06 11:34:00,4182,22.64791946023356,37.625409966287506,-97.17910422872427,0
2024-01-06 11:35:00,4160,138.40251692349335,37.55732319181729,-98.81677148447743,0
2024-01-06 11:36:00,7576,58.966850316001796,34.697821502398426,-91.47625061805752,0
2024-01-06 11:37:00,9903,32.15859896987984,37.175089524159795,-93.20388373583066,0
2024-01-06 11:38:00,3586,22.262209461697363,34.50801280230936,-97.0911877646503,0
2024-01-06 11:39:00,3648,128.32888221425378,38.51374034896132,-99.83070828329727,0
2024-01-06 11:40:00,8313,71.38882654243393,33.328066822086136,-90.61509657631953,0
2024-01-06 11:41:00,2717,27.257983097046754,39.27292499845401,-95.95746833540038,0
2024-01-06 11:42:00,6308,33.18721365350475,35.42283650564671,-98.23733153010703,0
2024-01-06 11:43:00,8407,54.90036854830842,35.35687861079751,-90.88166054656618,0
2024-01-06 11:44:00,1870,58.19563709281501,36.70810384326044,-96.40979355647427,0
2024-01-06 11:45:00,4574,66.15856894573909,33.408560108146844,-95.36748359002402,0
2024-01-06 11:46:00,6827,9.307400885910047,37.24329570907135,-93.01381336616085,0
2024-01-06 11:47:00,8986,61.58463978202971,33.2042510263412,-91.80581172965609,0
2024-01-06 11:48:00,9462,16.13271598706634,33.975388299587856,-98.99822251253453,0
2024-01-06 11:49:00,9741,225.65430318160026,36.74703436793057,-91.01326095956198,0
2024-01-06 11:50:00,6769,154.92270675341135,33.78449101301381,-90.67460281876463,0
2024-01-06 11:51:00,6733,173.5959400694241,31.99974122688061,-97.4073027333588,0
2024-01-06 11:52:00,4240,4.6697540818723215,38.71901458775507,-95.02612060058046,0
2024-01-06 11:53:00,5893,40.48041061367345,39.22155380793886,-91.42124665787571,0
2024-01-06 11:54:00,1886,50.500969703542204,36.26731049807449,-95.12651668131282,0
2024-01-06 11:55:00,6854,97.02769749951625,38.11150771197853,-95.18025428582045,0
2024-01-06 11:56:00,6318,134.4072756831084,39.86652354774753,-93.81476810150723,1
2024-01-06 11:57:00,3258,197.28031584284213,36.14774751819826,-92.32560687303163,0
2024-01-06 11:58:00,5382,5.384340510388341,39.08792643250013,-93.34382614204296,0
2024-01-06 11:59:00,2785,24.500646830669154,33.592547497203476,-93.73433358093594,0
2024-01-06 12:00:00,8727,57.84684058238705,37.00472435887186,-96.28328665657163,0
2024-01-06 12:01:00,1295,125.14825173874264,30.558054662968463,-93.69926294370642,0
2024-01-06 12:02:00,3597,121.73075948856638,37.88971555610145,-98.96727126946699,0
2024-01-06 12:03:00,1680,87.78604019548223,38.29803144729567,-95.90441883150127,0
2024-01-06 12:04:00,5890,28.87393133752801,34.01175436473992,-98.1164871720852,0
2024-01-06 12:05:00,5298,32.79248292627055,36.3895501587733,-94.6243215825062,0
2024-01-06 12:06:00,1324,29.094559453708754,38.58361102392359,-97.3795481224242,1
2024-01-06 12:07:00,8952,20.469714856157314,38.8360816450905,-94.94065178170248,0
2024-01-06 12:08:00,1986,20.185042484080874,31.06531524316601,-92.226749682101,0
2024-01-06 12:09:00,4118,18.344077223688053,38.27487746532897,-95.66007305442707,0
2024-01-06 12:10:00,1760,76.39751252273255,32.742433519261006,-97.81271336999201,0
2024-01-06 12:11:00,8758,61.826401630708006,37.27306896337743,-97.77018325522103,0
2024-01-06 12:12:00,1906,21.611233883781008,33.251641534925554,-90.93745551801929,0
2024-01-06 12:13:00,6499,9.860307401573934,30.56329670630577,-92.19095235375056,0
2024-01-06 12:14:00,1364,37.73796966968397,32.09870709851108,-99.63427332370121,0
2024-01-06 12:15:00,8769,239.86002474963246,34.08671775827084,-90.57277191741629,0
2024-01-06 12:16:00,4413,54.92909990264103,37.412286200610424,-98.87434812785169,0
2024-01-06 12:17:00,9027,121.51974548129361,31.007036273123575,-93.47057614777945,0
2024-01-06 12:18:00,8939,65.36885679401641,38.1293412490016,-94.48496918422549,0
2024-01-06 12:19:00,4081,51.51460219128956,39.969510919624106,-99.53327152164437,0
2024-01-06 12:20:00,6448,12.51525264105391,37.88257643179125,-97.04826724728409,0
2024-01-06 12:21:00,4258,36.35439118759005,34.737365200288814,-92.2414639641366,0
2024-01-06 12:22:00,3107,31.983236285012197,35.681602108459465,-96.93120159537689,0
2024-01-06 12:23:00,8928,240.13916518987483,30.061605083026745,-95.19667606190959,0
2024-01-06 12:24:00,3933,65.5767134676492,32.092738378553975,-93.02049457492747,0
2024-01-06 12:25:00,3829,195.88657403728547,38.98988131460045,-99.28427156127039,0
2024-01-06 12:26:00,9633,168.58607116674807,30.21729402735186,-91.67394286510205,0
2024-01-06 12:27:00,6006,23.431609863645306,39.047949528969816,-99.584188201784,0
2024-01-06 12:28:00,2559,54.66149679001927,31.132526081281675,-97.37612551536536,0
2024-01-06 12:29:00,2741,294.38210406451094,31.330741299588343,-92.36932734371311,1
2024-01-06 12:30:00,6830,95.88784496436077,31.753499108569223,-90.88124848302982,0
2024-01-06 12:31:00,8523,90.26221760377652,37.99385324955196,-92.39656284799396,0
2024-01-06 12:32:00,1625,136.1260209898219,34.781865753423794,-97.73000641201617,0
2024-01-06 12:33:00,2690,88.26830690840227,31.451966302300423,-90.14276179219362,0
2024-01-06 12:34:00,9282,94.2881132509031,36.86801819665325,-95.86665772520286,1
2024-01-06 12:35:00,7310,73.8554992380254,39.40688366325777,-96.23548788965596,0
2024-01-06 12:36:00,4006,38.87078332770046,35.72451474247472,-91.34764500451857,0
2024-01-06 12:37:00,5302,18.951992588315825,30.987000057205385,-99.33791023577193,0
2024-01-06 12:38:00,2088,8.525389597624878,30.547506061775398,-94.4391857117019,0
2024-01-06 12:39:00,7007,39.276442179699174,37.95872359875761,-90.34374147866936,0
2024-01-06 12:40:00,5611,84.48756625064703,36.26083652374435,-98.99869664102198,0
2024-01-06 12:41:00,8928,69.30874524800349,39.22657339124601,-94.59150948888903,0
2024-01-06 12:42:00,5490,103.12186226502806,35.47250151047988,-98.67543382991694,0
2024-01-06 12:43:00,9378,48.13243778945414,30.623954032430532,-91.10022036534245,0
2024-01-06 12:44:00,2597,830.4768828601855,34.036868499986504,-94.12251613407385,1
2024-01-06 12:45:00,4747,414.5763728544307,36.57990688591418,-97.65396616186672,0
2024-01-06 12:46:00,3670,11.970015239052664,33.84885350937263,-96.92956986783304,1
2024-01-06 12:47:00,9431,105.26792857017372,39.99591396740233,-94.8336902671119,0
2024-01-06 12:48:00,3580,143.85062365999346,34.05378613673745,-92.74651894040821,0
2024-01-06 12:49:00,8432,6.537022583957288,35.462361264475504,-95.12505789607788,0
2024-01-06 12:50:00,9330,64.5141249245592,32.253920326236795,-98.10734056170102,0
2024-01-06 12:51:00,3506,91.55273587365036,31.521382043021916,-92.91868783161993,0
2024-01-06 12:52:00,5725,54.2920770927206,36.45305538563251,-98.81636268921673,0
2024-01-06 12:53:00,5300,80.31639524045363,35.88612746915682,-91.90592700977811,0
2024-01-06 12:54:00,9759,59.09010412726844,30.043388574062842,-96.04399883094885,0
2024-01-06 12:55:00,8002,110.23114281605001,32.84781534797742,-93.47289414737372,0
2024-01-06 12:56:00,7131,256.81149380158644,36.43579573012914,-96.55299846158795,0
2024-01-06 12:57:00,9831,117.98785601555507,38.122493457324495,-93.30926468449523,0
2024-01-06 12:58:00,5537,176.8518594883414,33.123686530398444,-91.10813088614854,0
2024-01-06 12:59:00,3335,18.96472880681529,36.47436369288854,-92.98595730144892,0
2024-01-06 13:00:00,5321,414.64527063637536,32.65257930150846,-93.28591015371411,0
2024-01-06 13:01:00,3985,74.80814120615672,36.90379894629236,-92.4258918803747,0
2024-01-06 13:02:00,1559,36.94513378791806,36.979479986624625,-94.99787989422137,0
2024-01-06 13:03:00,1713,82.7133102851345,31.3022346551959,-97.79707329505572,0
2024-01-06 13:04:00,5593,31.67057601495866,36.65089783977005,-91.84477949880896,0
2024-01-06 13:05:00,4988,62.68189599869895,33.335671816803696,-93.51518003171289,0
2024-01-06 13:06:00,7203,73.78264269050634,31.725949315926275,-96.86179119458022,0
2024-01-06 13:07:00,1256,27.4884522581156,35.00361232773774,-97.24129832172584,0
2024-01-06 13:08:00,9768,63.80195181896506,34.52296683908721,-95.0007107018231,0
2024-01-06 13:09:00,1037,27.08691691536156,37.738748110619966,-97.92694346712113,0
2024-01-06 13:10:00,9652,26.913059254206246,30.845155091612185,-91.21761167841063,0
2024-01-06 13:11:00,2832,19.866862405483943,37.89753268831781,-92.114267292028,0
2024-01-06 13:12:00,8600,37.57332057057834,31.060823621092958,-96.91685034688844,0
2024-01-06 13:13:00,6167,31.478580534285165,32.074590280790616,-99.5059645239548,0
2024-01-06 13:14:00,1432,87.69614187779315,35.15882118329671,-99.48131910464826,0
2024-01-06 13:15:00,5151,163.41695030643356,34.63174600022425,-97.02880241945111,0
2024-01-06 13:16:00,7411,105.8567695985536,39.88858974734048,-98.52492575702226,0
2024-01-06 13:17:00,2751,144.38711977386376,35.89473713262439,-91.26667752076432,0
2024-01-06 13:18:00,5997,132.7102434522472,33.274355952469136,-95.79217185923689,0
2024-01-06 13:19:00,6720,21.61319789142492,39.00148868543985,-96.51973506946504,0
2024-01-06 13:20:00,8616,39.09263464338319,33.12214956782503,-97.82100904802459,0
2024-01-06 13:21:00,1256,323.5677432292664,32.7377563518829,-91.58798978107085,1
2024-01-06 13:22:00,1671,31.669727492816346,34.943717951988596,-92.07532999456889,0
2024-01-06 13:23:00,1489,348.58483039201406,39.13174784473079,-96.15673470406986,1
2024-01-06 13:24:00,7889,35.97386387164794,37.08514255258839,-98.30642149659091,0
2024-01-06 13:25:00,3096,7.0458977707515,36.774832154673305,-90.48011752738998,0
2024-01-06 13:26:00,2682,42.636875506159555,37.26077265038763,-96.8414000151903,0
2024-01-06 13:27:00,3460,127.30289916852341,36.59640610775888,-92.28908278116292,1
2024-01-06 13:28:00,5529,288.1415129220589,37.597963596679456,-95.36950430367786,0
2024-01-06 13:29:00,6121,12.454616472437019,31.927620217291334,-92.18354034995616,0
2024-01-06 13:30:00,2975,124.99415529992288,31.772582867616016,-95.18390753889788,0
2024-01-06 13:31:00,4216,133.37274804416367,33.621633437914035,-90.74440196151667,0
2024-01-06 13:32:00,5515,200.6179574685566,38.50959778795833,-91.99576625957764,0
2024-01-06 13:33:00,6692,3.776515336945465,37.1445421549671,-97.39710962276914,0
2024-01-06 13:34:00,5939,286.2397140235471,35.664733428427695,-95.69622224794874,0
2024-01-06 13:35:00,6563,84.85144336406432,30.194474374781198,-98.99410193605762,0
2024-01-06 13:36:00,3963,86.37058193066805,32.35802283935867,-90.9652868683028,0
2024-01-06 13:37:00,5529,154.31541208970842,38.03513942549899,-99.30703678042178,0
2024-01-06 13:38:00,7786,7.353345008974773,32.424866930842185,-99.81758391754668,0
2024-01-06 13:39:00,7200,150.65595264675747,37.30290197190947,-95.03566934786538,0
2024-01-06 13:40:00,1976,586.9368991459291,31.84634264929884,-93.9687089350706,1
2024-01-06 13:41:00,8345,13.89250955959114,36.063675581993586,-97.76785607693073,0
2024-01-06 13:42:00,1045,51.193174768094906,36.28211366700502,-94.29450915253575,0
2024-01-06 13:43:00,2193,56.68221408011227,37.51966225686482,-91.04438118889257,0
2024-01-06 13:44:00,5512,77.98004136781928,34.383424008956396,-93.73884851104368,0
2024-01-06 13:45:00,5943,83.59966659420077,36.32674699085472,-95.44259163744694,0
2024-01-06 13:46:00,7282,27.896692114319535,34.86969788720285,-98.55571015608817,0
2024-01-06 13:47:00,1246,56.82352894422484,39.473380453983125,-98.31058270677713,0
2024-01-06 13:48:00,4219,312.3210001840661,35.218807270185074,-95.15645298391381,0
2024-01-06 13:49:00,9983,81.95355731893083,32.095978831281876,-95.36878641403734,0
2024-01-06 13:50:00,1636,78.90534799418747,36.678925491386366,-94.77611334278524,0
2024-01-06 13:51:00,4775,26.72106817426834,35.48467328208413,-94.92109571973936,0
2024-01-06 13:52:00,3421,208.33364422309114,38.03829497220147,-96.5872110396854,0
2024-01-06 13:53:00,5183,43.951123343784296,31.769115975932436,-93.04136369945792,0
2024-01-06 13:54:00,1712,7.027726459359868,32.60939602673905,-97.87788883081211,0
2024-01-06 13:55:00,6845,83.11300184776042,39.21629107397722,-91.47671164605208,0
2024-01-06 13:56:00,6323,110.71212074914473,39.300261132462964,-98.05603883908897,0
2024-01-06 13:57:00,7032,40.49568783165569,34.42256766474891,-95.84112600425789,0
2024-01-06 13:58:00,4644,5.858228107540747,30.477511821184297,-97.89256554307867,0
2024-01-06 13:59:00,8773,17.882034523153248,33.0655506862596,-93.81547194981813,0
2024-01-06 14:00:00,3108,48.66097262998875,32.47122654421278,-95.22362259427163,1
2024-01-06 14:01:00,4614,36.95036922306319,34.14676851994922,-96.25686015224872,0
2024-01-06 14:02:00,7957,84.9167510218879,33.17800618878587,-95.24866517405216,0
2024-01-06 14:03:00,6279,98.65969440622898,38.28992343852454,-95.78759546156024,0
2024-01-06 14:04:00,5332,35.310408260622246,30.03036019125454,-91.44834476905753,0
2024-01-06 14:05:00,4900,13.477449455354563,36.44631853511498,-98.75733501136716,0
2024-01-06 14:06:00,8939,233.50653689708523,36.642702251560436,-92.06818578710883,0
2024-01-06 14:07:00,7963,95.63881390284828,36.60626575289043,-93.44670416109044,0
2024-01-06 14:08:00,5568,106.84717313568201,35.2059468051457,-96.5167962265567,0
2024-01-06 14:09:00,8838,80.1696757420222,36.11104073109803,-90.80897938844556,0
2024-01-06 14:10:00,2845,163.59907269943204,38.1049431153709,-98.23054379354407,0
2024-01-06 14:11:00,1382,37.29667168626985,37.841967786883814,-96.89711712243475,0
2024-01-06 14:12:00,5112,125.00162344198694,30.346253771784106,-96.25158933461552,0
2024-01-06 14:13:00,8069,106.53793861036486,30.30436535737309,-93.52203718909271,0
2024-01-06 14:14:00,4810,103.0710512052085,38.38944812770491,-90.53588654977946,0
2024-01-06 14:15:00,2509,16.533253410017913,35.74729687530563,-94.0655213727205,0
2024-01-06 14:16:00,8573,62.7477929061125,39.57427335269192,-91.43693914373229,0
2024-01-06 14:17:00,2578,80.40325533689861,34.315915969164756,-90.95026710273667,0
2024-01-06 14:18:00,1879,323.4313349898096,31.767418213957438,-95.33536287363138,1
2024-01-06 14:19:00,3162,60.33120968514995,34.732349123878095,-95.2756587322606,0
2024-01-06 14:20:00,8714,161.0907292029737,34.36544307961523,-97.5000225272356,0
2024-01-06 14:21:00,2359,12.348461000463415,35.17177381438516,-93.98413485648634,0
2024-01-06 14:22:00,5431,26.66844972697737,38.0794723387695,-98.79972177335688,0
2024-01-06 14:23:00,9148,84.69852613008376,36.55583987936776,-93.65671268532317,0
2024-01-06 14:24:00,4960,83.96410299680882,31.85275327399375,-91.07102890368466,0
2024-01-06 14:25:00,4811,26.66304156193807,37.34477256355061,-92.39214311789019,0
2024-01-06 14:26:00,5242,141.9893892063301,35.918962132784316,-93.50811622661544,0
2024-01-06 14:27:00,5217,46.176914482187996,35.78310730537682,-91.61596006502894,0
2024-01-06 14:28:00,1080,45.11408003381886,36.78256882435635,-92.70184834894472,1
2024-01-06 14:29:00,3732,50.48008150785427,35.639654586565314,-94.70337990952133,0
2024-01-06 14:30:00,8833,208.22636277696634,34.57513736338093,-94.78935630183761,0
2024-01-06 14:31:00,3709,162.21997866826638,36.40380282814096,-98.92996861135416,0
2024-01-06 14:32:00,3422,358.9337976368968,37.23727069550575,-95.65585253034004,0
2024-01-06 14:33:00,4641,94.67755285612566,32.25766942831191,-94.7755054029989,0
2024-01-06 14:34:00,1667,376.4965889055435,34.97049894238113,-95.3008297610448,1
2024-01-06 14:35:00,3496,69.27667886568895,34.58172463265124,-92.23986121820303,0
2024-01-06 14:36:00,4499,48.11387652123399,30.399032706112884,-98.39037967796605,0
2024-01-06 14:37:00,9080,35.22884070262481,38.344386564240054,-92.0510108938552,0
2024-01-06 14:38:00,7823,45.77757342654791,33.77382023938424,-92.5833723317717,0
2024-01-06 14:39:00,2189,48.078013995869135,30.72689233201209,-90.99177672816032,0
2024-01-06 14:40:00,7604,27.504010580739845,34.57899097076481,-96.26545007325717,0
2024-01-06 14:41:00,9650,30.245888725154426,31.614808060915973,-98.23456610968385,0
2024-01-06 14:42:00,2025,100.23793638518536,37.044144146346646,-92.4137141303273,0
2024-01-06 14:43:00,8785,33.51160473556693,35.717715751676515,-94.11569148218952,1
2024-01-06 14:44:00,1071,9.970368113053713,32.701138069779354,-92.87507651741046,0
2024-01-06 14:45:00,6546,9.475915568152306,39.50473859150974,-90.03259529130835,0
2024-01-06 14:46:00,3685,6.703478471408775,32.91745348255581,-98.05460250378296,0
2024-01-06 14:47:00,8372,13.230248423573448,35.549969069769205,-95.88948394525862,0
2024-01-06 14:48:00,2848,16.445718136746972,38.0156782429105,-98.07303207275831,0
2024-01-06 14:49:00,3022,20.61414858172665,35.13892297954488,-91.3937681275593,0
2024-01-06 14:50:00,7338,72.6775420014278,39.60855675775285,-99.83018974609803,0
2024-01-06 14:51:00,4741,15.302291919147708,38.43854566979515,-98.64776881866088,0
2024-01-06 14:52:00,2298,21.770939672211675,39.21019014000896,-97.52129729029224,0
2024-01-06 14:53:00,5102,8.742361888081852,33.72702583754439,-92.2867679606761,0
2024-01-06 14:54:00,1904,28.207759522094662,35.483554174112584,-93.71545797131951,0
2024-01-06 14:55:00,4026,112.6053150080139,38.401662954934004,-96.1138766805635,0
2024-01-06 14:56:00,7709,53.33687581300672,39.03500034302746,-98.41299696815508,0
2024-01-06 14:57:00,5711,59.26318095582206,39.443635779685216,-96.78391303973761,0
2024-01-06 14:58:00,9021,54.49156947287323,38.791519932797556,-92.56579741119134,0
2024-01-06 14:59:00,6969,15.107337937399286,37.30754904075234,-96.18048300816517,0
2024-01-06 15:00:00,3620,36.279185538171106,30.2421480553193,-95.37404667715126,0
2024-01-06 15:01:00,3646,68.09987436458512,33.14953449475463,-93.91373984831604,0
2024-01-06 15:02:00,5865,143.9630820328334,31.289362848934303,-90.87112456829749,0
2024-01-06 15:03:00,8345,78.53973424792659,31.54758601340148,-97.4989473265603,0
2024-01-06 15:04:00,3289,131.7109131840046,32.90907187382892,-95.52003432890399,0
2024-01-06 15:05:00,8370,18.426014540499406,30.747404571885525,-96.89678655079295,0
2024-01-06 15:06:00,4872,12.141872383704753,32.43031812324216,-95.33813075159074,0
2024-01-06 15:07:00,8690,9.464795874231008,39.56978836539141,-93.03538442327101,0
2024-01-06 15:08:00,2440,123.60197659091976,33.11943578588196,-95.17935904562287,0
2024-01-06 15:09:00,1765,12.939722392643805,31.597130699240235,-91.65463654683585,0
2024-01-06 15:10:00,5092,157.85946779292573,37.18300180419808,-94.46741900659495,0
2024-01-06 15:11:00,3666,34.95336982617039,38.2850515005225,-96.14234828093831,0
2024-01-06 15:12:00,9655,289.6749988583337,33.14037849596483,-92.17678933921857,0
2024-01-06 15:13:00,6968,34.861432999821034,32.784973105783706,-95.68676096976623,0
2024-01-06 15:14:00,8641,36.825964145983754,32.417595479050334,-94.8444736386119,0
2024-01-06 15:15:00,3181,58.37979419002857,33.932612390663735,-90.0532963855582,0
2024-01-06 15:16:00,4888,36.067134731311235,30.87231757838892,-92.1356827090001,0
2024-01-06 15:17:00,1840,82.93581674151505,36.69129226556206,-91.44857814258926,0
2024-01-06 15:18:00,6899,19.207100989123337,38.22226325256459,-94.07148971941287,0
2024-01-06 15:19:00,5118,65.78121870808451,36.63682279739218,-96.51783533442095,0
2024-01-06 15:20:00,1565,25.76855290319555,34.21199689893049,-90.0873038685774,0
2024-01-06 15:21:00,7005,44.45410416465472,32.889622473442394,-97.5597990396049,0
2024-01-06 15:22:00,8226,13.802276059288541,34.094461645115736,-91.27183053989154,0
2024-01-06 15:23:00,6890,130.62048445690354,34.23837484887249,-90.88698665327385,0
2024-01-06 15:24:00,5311,38.25077707145339,36.66020828472507,-91.8244521885298,0
2024-01-06 15:25:00,8736,136.46594524270142,39.28060355650565,-98.85915983446871,0
2024-01-06 15:26:00,9848,26.128867645861735,30.70586489447939,-91.45886992978669,0
2024-01-06 15:27:00,3982,54.105706712617206,39.53353592883622,-93.36222060389191,0
2024-01-06 15:28:00,7083,137.8187140868269,39.10201283562034,-93.1917602523457,0
2024-01-06 15:29:00,1556,16.85274017296895,31.17732300342889,-92.13468422929392,0
2024-01-06 15:30:00,4019,22.5937515635847,31.83585031085334,-95.09462662837588,0
2024-01-06 15:31:00,3580,122.80161277765798,33.115956014469226,-97.32842799424857,0
2024-01-06 15:32:00,9146,210.0684643609481,35.59666040965192,-94.25067822634547,0
2024-01-06 15:33:00,9243,55.490424351741005,31.344761960786133,-98.91324545057913,0
2024-01-06 15:34:00,5019,20.706143466543335,32.00334953271887,-93.25194894739036,0
2024-01-06 15:35:00,4138,39.72850900374196,39.02675293939679,-95.1705906526939,0
2024-01-06 15:36:00,1671,391.38230419836873,31.093006307709256,-94.9766904907047,1
2024-01-06 15:37:00,1777,14.388726102243375,33.98878265139339,-98.14177905980476,1
2024-01-06 15:38:00,5927,92.57193338867688,37.63001777658709,-99.58717171994499,0
2024-01-06 15:39:00,4022,61.90007399548292,38.88583116890738,-93.88730215414664,0
2024-01-06 15:40:00,2860,17.177764921343453,33.360425625966876,-93.4116905751598,0
2024-01-06 15:41:00,4139,39.893735069362876,31.64437505357566,-95.01708047590618,0
2024-01-06 15:42:00,2074,8.98391596195016,37.37011659095562,-92.34268714053614,0
2024-01-06 15:43:00,7763,72.83673855729717,37.72557758673177,-94.3628377574228,0
2024-01-06 15:44:00,2986,84.18519926535427,39.80033444060544,-91.51803983162786,0
2024-01-06 15:45:00,7327,13.92704613494989,31.39541851443404,-97.11881405086648,0
2024-01-06 15:46:00,2046,95.26192078584134,37.09420882669351,-97.56891669096885,0
2024-01-06 15:47:00,3176,28.074611798120667,34.17292537734655,-97.38854666603163,1
2024-01-06 15:48:00,3338,25.643673264434636,39.14629437567454,-99.69481524736668,0
2024-01-06 15:49:00,1500,20.58683848482782,34.07830884333386,-90.99375927495153,0
2024-01-06 15:50:00,3233,105.8079656868842,34.45960375562666,-90.00813434752996,0
2024-01-06 15:51:00,5608,10.238545439840415,31.26796598186734,-91.83477450596348,0
2024-01-06 15:52:00,8234,11.14120920049335,33.2093678509088,-95.87403906510096,0
2024-01-06 15:53:00,8972,30.199942893305643,34.00840470392284,-96.46066443888836,1
2024-01-06 15:54:00,7610,31.262452822069758,30.17508754377851,-92.25317432132132,0
2024-01-06 15:55:00,1600,102.16751362405118,34.37574468442829,-94.9005489104778,0
2024-01-06 15:56:00,5284,49.84213732937323,33.36318551267306,-90.6054215021196,0
2024-01-06 15:57:00,5483,49.927574329824516,38.03839735800492,-97.20420354567962,0
2024-01-06 15:58:00,6901,10.806934306745301,31.07112613445793,-96.76182013569408,0
2024-01-06 15:59:00,7129,43.36419450630754,37.602111269228914,-90.01175089284732,0
2024-01-06 16:00:00,2754,4.914236400810322,37.14011543276734,-90.21825236064353,0
2024-01-06 16:01:00,3464,69.23161842571525,32.41782327783106,-91.14808244842649,0
2024-01-06 16:02:00,5482,107.47859719586177,30.83271668341797,-95.95371312379885,0
2024-01-06 16:03:00,8400,25.039879146124992,38.41833445755696,-91.62387264973258,0
2024-01-06 16:04:00,7806,79.46670644497158,32.49430042744913,-97.1660679677577,0
2024-01-06 16:05:00,9643,35.196770164255675,31.455601197070983,-97.45245329246355,0
2024-01-06 16:06:00,8396,187.18833741182706,33.59036601913192,-94.53562341835055,0
2024-01-06 16:07:00,8338,68.58087660690983,34.00882823659052,-91.39737106822443,0
2024-01-06 16:08:00,6241,19.324240444516423,33.26087979780088,-99.02526790959848,0
2024-01-06 16:09:00,8394,176.08597939680507,39.764811125069514,-94.34694112416267,0
2024-01-06 16:10:00,7437,124.83804214674382,38.8082066929635,-93.90261643126922,0
2024-01-06 16:11:00,5695,36.156490107338065,38.72975496459089,-94.20202239275086,0
2024-01-06 16:12:00,3588,89.61407164116115,33.9876759052077,-97.8150272594237,0
2024-01-06 16:13:00,2782,88.19299240525699,39.628696397384935,-99.35870855246863,0
2024-01-06 16:14:00,6947,35.67302732248165,36.840152962916974,-91.05008122678015,0
2024-01-06 16:15:00,7594,58.302639988478035,38.319946687050766,-94.25487594813657,0
2024-01-06 16:16:00,4520,69.72246302110106,35.00875125054362,-92.32095566794476,1
2024-01-06 16:17:00,4218,27.781381596030812,31.606172931993523,-96.3556299870182,0
2024-01-06 16:18:00,4757,209.88178912099522,38.868855049846765,-99.574977299865,0
2024-01-06 16:19:00,5016,7.559360290310807,34.86426739372175,-97.40434690814926,0
2024-01-06 16:20:00,3837,107.44090904429405,39.68554909085197,-99.2663434061946,0
2024-01-06 16:21:00,7000,16.145404470178253,32.548610114025244,-99.21758749518732,0
2024-01-06 16:22:00,8034,42.79700540246473,39.923789914312245,-97.85540655171883,0
2024-01-06 16:23:00,8309,11.042975382555214,32.22424681972149,-93.66421865725026,1
2024-01-06 16:24:00,5239,14.599327487460348,33.681667580234695,-91.8222908103001,0
2024-01-06 16:25:00,5428,50.04481954609771,35.94016522924926,-91.78642969072698,0
2024-01-06 16:26:00,5150,58.717598444201094,36.93323059184495,-90.62243471065347,0
2024-01-06 16:27:00,2446,157.55900654178816,37.20282169006407,-93.43618402985709,0
2024-01-06 16:28:00,7468,36.63209777020758,34.762524089277726,-99.80139058414412,0
2024-01-06 16:29:00,6790,101.12986242927336,30.76826956864102,-96.22597564885687,0
2024-01-06 16:30:00,5175,54.04076536593542,34.960481517161014,-98.88539553125709,0
2024-01-06 16:31:00,6080,97.31257556232076,33.34687952536396,-92.22535252780185,0
2024-01-06 16:32:00,1864,18.321198798444335,36.57655609018723,-98.80310895657007,0
2024-01-06 16:33:00,7860,59.66871235496183,31.822755841657116,-98.9407754542456,0
2024-01-06 16:34:00,9663,79.29848432241133,33.93912324751353,-99.7179136836604,0
2024-01-06 16:35:00,7217,33.22723308376236,39.66119154000533,-90.44497218008806,0
2024-01-06 16:36:00,6672,79.91285476940057,30.888673992303023,-92.14289942696914,0
2024-01-06 16:37:00,2502,87.87818048272798,36.02334157941161,-96.66689182312957,0
2024-01-06 16:38:00,5684,32.530229932948444,30.906482290485357,-96.23560663202298,1
2024-01-06 16:39:00,2410,118.56096866394546,31.569956559399596,-99.40571571287776,0
2024-01-06 16:40:00,4770,5.4579214159280385,36.04934388613057,-98.42083073973232,0
2024-01-06 16:41:00,5659,8.041632613865955,34.439955225777865,-96.8854862617973,0
2024-01-06 16:42:00,5001,19.40985291554988,35.484989969501704,-96.12132011267303,0
2024-01-06 16:43:00,4483,72.33802272705715,38.798721705950925,-93.8002358632975,0
2024-01-06 16:44:00,5562,25.662461123552642,38.17240242510972,-96.4966764961203,0
2024-01-06 16:45:00,1598,14.328497670763838,38.87981449428513,-90.45399486165786,0
2024-01-06 16:46:00,4041,49.96987865278763,36.162549208382124,-96.57205790015625,0
2024-01-06 16:47:00,9160,60.36267635082787,34.896431697140144,-90.58404640032107,0
2024-01-06 16:48:00,7391,28.888193400111206,34.59197581780022,-92.70140308107743,0
2024-01-06 16:49:00,8287,16.70196382909041,37.39808556222444,-91.00102459177658,0
2024-01-06 16:50:00,1066,54.98708833777185,35.21299878324963,-92.96842815073,0
2024-01-06 16:51:00,9123,120.89699825407132,31.05768796262219,-94.31415962978585,0
2024-01-06 16:52:00,3750,16.21200001584442,31.41939024058261,-94.90917216091748,0
2024-01-06 16:53:00,9661,265.32610912288675,33.57082767713903,-97.08661828286627,0
2024-01-06 16:54:00,7806,30.981014222214544,30.678233719711887,-97.01826013565609,0
2024-01-06 16:55:00,7429,28.884519470628206,32.3923121945993,-97.76794155996572,0
2024-01-06 16:56:00,9123,62.444789082124345,36.56400853213547,-96.14459171078528,0
2024-01-06 16:57:00,2631,60.539253562518425,30.124303122972467,-98.7302699191563,0
2024-01-06 16:58:00,7452,5.847729712519183,36.04092865581498,-96.12394934530401,0
2024-01-06 16:59:00,1774,49.000573974809605,37.7235692320183,-91.66256253047536,0
2024-01-06 17:00:00,7107,97.31943805834158,31.701537515310974,-91.2970771377213,0
2024-01-06 17:01:00,8804,152.61589594559655,31.809685632024085,-93.57169627076397,0
2024-01-06 17:02:00,5019,48.629831733601456,30.288563665134806,-97.431901994469,0
2024-01-06 17:03:00,1929,38.241052757745294,35.12450038833462,-97.59650521476424,0
2024-01-06 17:04:00,4012,112.69455360125208,36.54587556872717,-97.22071095670698,0
2024-01-06 17:05:00,6024,327.59244533207305,34.56909582084619,-94.99960773979386,0
2024-01-06 17:06:00,7264,59.95178890591244,33.894488096262116,-90.23555521008568,0
2024-01-06 17:07:00,8973,45.49446255842064,34.544128172936674,-98.90815513031663,0
2024-01-06 17:08:00,5729,191.87874948623238,37.81528218724655,-94.99487905568203,0
2024-01-06 17:09:00,8961,17.64073051423403,30.33514307345359,-93.17755638567552,0
2024-01-06 17:10:00,3819,58.12806824225542,37.838185608326086,-97.54339099744278,0
2024-01-06 17:11:00,7655,606.4679154658947,36.66342115666791,-90.30887723730359,0
2024-01-06 17:12:00,2184,85.91673993237808,32.414265541574196,-96.50978271172104,0
2024-01-06 17:13:00,9480,117.54048753484088,35.24739726240182,-90.67644388450996,0
2024-01-06 17:14:00,7343,39.30301523204087,30.492906706524444,-94.02644569669225,0
2024-01-06 17:15:00,1527,98.13092639547207,33.79588670339301,-99.95920567326175,0
2024-01-06 17:16:00,1916,184.1703456574209,31.74042479077135,-96.88887861900372,0
2024-01-06 17:17:00,4574,12.011010186643793,30.22300386020654,-99.7845135527804,0
2024-01-06 17:18:00,4319,49.5862916974791,33.57089497765966,-96.18524269953753,0
2024-01-06 17:19:00,2406,77.45887789848999,37.26112417394435,-90.67465968539933,0
2024-01-06 17:20:00,2241,51.60611825192088,39.21021867358404,-92.20982979637546,0
2024-01-06 17:21:00,6206,33.54426636602768,36.622635130906495,-93.79867869199333,0
2024-01-06 17:22:00,8249,220.34262225317914,34.0197012813039,-94.61447956069614,0
2024-01-06 17:23:00,4133,66.9287853759008,39.99496112401877,-96.2741807681129,0
2024-01-06 17:24:00,1798,27.082151795640574,32.8294350810021,-97.88460296869269,0
2024-01-06 17:25:00,2523,146.0910733807331,31.871314327081805,-99.37475082186451,0
2024-01-06 17:26:00,8209,219.1487039572569,34.63682269225918,-98.09853333275107,0
2024-01-06 17:27:00,5928,170.84307784735284,35.04911415441808,-96.48479917269256,0
2024-01-06 17:28:00,3888,36.03105764566287,33.548233800433266,-94.80008883370432,0
2024-01-06 17:29:00,3690,37.62195778454365,36.9549907904532,-97.95596104332144,0
2024-01-06 17:30:00,5091,19.296264210359347,31.838644119282172,-90.25671409431592,0
2024-01-06 17:31:00,8282,70.38579184199502,35.103397597508064,-99.2314985329371,0
2024-01-06 17:32:00,7249,163.78559300943252,35.00126958500788,-99.05208196394939,0
2024-01-06 17:33:00,1690,95.98395161932892,38.23786422681639,-93.17397638079676,0
2024-01-06 17:34:00,9719,314.8416454515481,39.26968198760805,-92.44938421702766,0
2024-01-06 17:35:00,2495,7.843070508946677,36.632658737106595,-90.27548530937561,0
2024-01-06 17:36:00,1892,62.814081273139514,33.053715903346415,-94.69555778526161,0
2024-01-06 17:37:00,9578,125.41878575845902,36.89611019868291,-98.34066071737718,0
2024-01-06 17:38:00,6873,29.698682391923697,32.51371129240501,-90.62071045228808,0
2024-01-06 17:39:00,5503,17.610236475592824,39.665443904795374,-90.19765606591218,0
2024-01-06 17:40:00,1897,16.327117147039317,38.22362119082713,-90.76486092319165,0
2024-01-06 17:41:00,1710,60.60643229061566,34.31190255466038,-91.28343821495213,0
2024-01-06 17:42:00,4695,15.924615764384653,37.84343517141596,-99.22425895415745,0
2024-01-06 17:43:00,3686,238.18320163575694,34.08655645361908,-91.45126884225223,0
2024-01-06 17:44:00,8188,91.37185139321004,30.74610158779748,-90.46773100993312,0
2024-01-06 17:45:00,6778,44.66811959902401,37.067688730006054,-94.47685522157096,0
2024-01-06 17:46:00,8768,50.37538517027705,34.04613833028441,-92.27412186035335,0
2024-01-06 17:47:00,6013,161.08390223565613,39.303198167838616,-93.39104359358556,0
2024-01-06 17:48:00,5512,208.7003576656329,33.06561214329287,-97.11941876851324,0
2024-01-06 17:49:00,1415,21.457670863199077,38.43332821454593,-94.12480190634449,0
2024-01-06 17:50:00,5180,26.228303851288594,36.80437845206764,-91.10626548232293,0
2024-01-06 17:51:00,5262,38.193589127589576,38.53324616127891,-95.03614719440908,0
2024-01-06 17:52:00,3515,29.23583261119669,32.91881877093556,-94.09854657163446,0
2024-01-06 17:53:00,6640,8.982173615665854,34.61345403318644,-94.68536275026229,0
2024-01-06 17:54:00,7616,24.170223792254703,38.2312901123543,-97.17595122695772,0
2024-01-06 17:55:00,1992,27.00947042011185,36.438188191845335,-93.5633689154132,0
2024-01-06 17:56:00,5370,16.4421176028207,33.59921899495335,-94.90529963546396,0
2024-01-06 17:57:00,2773,84.79870534003885,35.119956257093,-97.6745400522325,0
2024-01-06 17:58:00,4561,48.14313211471498,39.960980943632755,-91.04621847680347,0
2024-01-06 17:59:00,4816,101.21906760218768,37.41847995413882,-90.49954206064042,0
2024-01-06 18:00:00,7633,20.3936262672418,36.14522652780029,-99.44627344718225,0
2024-01-06 18:01:00,2756,102.91485907194748,38.279113804335154,-93.77651243199386,0
2024-01-06 18:02:00,3373,63.09993869526389,34.4203033877217,-95.84954309754805,0
2024-01-06 18:03:00,3576,31.548794301142635,39.500640046466856,-94.74045689708376,0
2024-01-06 18:04:00,5184,271.5875752466784,35.52021228695692,-96.26170274225021,0
2024-01-06 18:05:00,9899,61.11188177887899,33.268721496262884,-95.25641516412048,0
2024-01-06 18:06:00,3397,32.247889299680324,30.86019977571632,-96.76566066190348,0
2024-01-06 18:07:00,6969,72.31526972250609,33.756952192472234,-98.823967221042,0
2024-01-06 18:08:00,5535,21.189685757188933,35.6863837703657,-96.97967363375653,0
2024-01-06 18:09:00,7883,45.75184817203627,37.03248138733244,-93.29667736334207,0
2024-01-06 18:10:00,9127,415.3360984703169,38.75116692911073,-99.49618477468016,0
2024-01-06 18:11:00,1734,9.303642284989964,39.43960835323815,-96.1726761386609,0
2024-01-06 18:12:00,1632,32.19386781905374,31.02453846181128,-99.57700832971798,0
2024-01-06 18:13:00,5268,47.10636451958002,36.00904985997815,-96.43733731460875,0
2024-01-06 18:14:00,5099,37.84879092735343,36.665896491630264,-99.12388308490283,0
2024-01-06 18:15:00,3901,33.09403256123794,31.720638169933586,-96.60359902652701,0
2024-01-06 18:16:00,2663,296.8543877555561,35.45600680263415,-91.6191230533822,1
2024-01-06 18:17:00,6591,31.348072139125826,33.34833635580275,-93.86591298464984,0
2024-01-06 18:18:00,4872,81.19379336997594,30.774173319859134,-93.17705575706688,0
2024-01-06 18:19:00,2054,29.59016541489555,30.65865991167142,-94.96199872273407,0
2024-01-06 18:20:00,9572,81.38459947796483,37.5921298044325,-90.77618298613436,0
2024-01-06 18:21:00,4082,139.16741459068152,36.15455451872022,-94.58841361796138,0
2024-01-06 18:22:00,9007,50.68477925115401,37.151216782303685,-98.9570591186628,0
2024-01-06 18:23:00,5261,30.820657034308706,36.85278154536393,-90.66896939370953,0
2024-01-06 18:24:00,3389,48.2541080357941,31.343122997791866,-98.66936632065193,0
2024-01-06 18:25:00,4553,93.23077688670335,31.515652565237275,-90.00829658186919,0
2024-01-06 18:26:00,6138,129.8607886599621,32.524837242071165,-95.64615738184196,0
2024-01-06 18:27:00,1544,70.59976753854431,33.9910058696469,-99.2651453291468,0
2024-01-06 18:28:00,4663,50.4260334099568,39.39176224937632,-91.3589789454287,0
2024-01-06 18:29:00,3239,196.13732355367944,36.73892361382944,-99.07117098503517,0
2024-01-06 18:30:00,4773,29.177512416829863,32.55171934450035,-98.25567678988187,0
2024-01-06 18:31:00,3627,36.152536955465926,30.5598410182734,-95.82652947965568,0
2024-01-06 18:32:00,7618,328.22345519970077,36.84223930806373,-93.23813729021843,0
2024-01-06 18:33:00,7780,49.56335877835732,36.25318470816052,-98.78859983586084,0
2024-01-06 18:34:00,9015,105.53528111215432,36.75763418362137,-93.77374816089794,0
2024-01-06 18:35:00,4130,22.490924352393794,32.6117965405858,-92.19613617996824,0
2024-01-06 18:36:00,1096,148.55998203102783,35.169632172253635,-98.76503895853513,0
2024-01-06 18:37:00,4858,17.277062463612772,33.61702801391489,-93.52429388008201,0
2024-01-06 18:38:00,3708,16.039739511060745,38.176989389457454,-90.41124118474703,0
2024-01-06 18:39:00,6397,133.28315341634757,30.69396662118668,-90.32604963857463,1
2024-01-06 18:40:00,7152,38.03781128171929,32.754417894416356,-98.38337396229473,0
2024-01-06 18:41:00,1456,42.846382822951696,36.02953744170369,-92.40295913437576,0
2024-01-06 18:42:00,6914,83.98164365256096,32.05223777074021,-91.5336756525215,0
2024-01-06 18:43:00,5368,40.85075671087634,36.727134359728744,-91.11036761941085,0
2024-01-06 18:44:00,5088,19.149615191340008,31.36772503200153,-96.76318581442402,1
2024-01-06 18:45:00,9399,30.941124515157565,30.228122918747033,-97.29881550533953,0
2024-01-06 18:46:00,2937,20.598122862199993,38.6349453284512,-99.52138934841643,0
2024-01-06 18:47:00,2146,174.39989855678098,33.3344440140728,-96.00528219120393,0
2024-01-06 18:48:00,6152,182.30961075257142,31.568489830610325,-98.7604355109565,0
2024-01-06 18:49:00,5299,23.553778345165984,31.727090257458,-92.13742684831203,0
2024-01-06 18:50:00,9118,84.3903739783315,38.85895394034565,-98.57033428131439,0
2024-01-06 18:51:00,9634,41.57226393373809,36.54431406146812,-91.81094650163772,0
2024-01-06 18:52:00,8759,234.9602342510407,39.5634626659009,-98.9238643852529,0
2024-01-06 18:53:00,8953,583.7281838844019,38.00040323377907,-95.19384520738868,0
2024-01-06 18:54:00,5784,113.49644059723045,37.675426850281696,-96.15365741976835,0
2024-01-06 18:55:00,2461,32.66392399141473,34.99820659575082,-93.98456215382402,0
2024-01-06 18:56:00,2159,17.13435865494214,38.20804898706145,-94.81228143354846,0
2024-01-06 18:57:00,1386,69.73795251986782,34.126525384418514,-94.01373473844903,0
2024-01-06 18:58:00,8192,46.716476438040964,38.27000497032354,-99.99036314795936,0
2024-01-06 18:59:00,5775,12.90426661475328,37.577412916871225,-98.72496382680252,0
2024-01-06 19:00:00,4409,59.1081871071231,36.78438625596051,-94.82879815248573,0
2024-01-06 19:01:00,1689,451.40577058043885,33.29716185963456,-97.70333896313359,1
2024-01-06 19:02:00,8028,122.20651417953387,36.307116373085606,-99.23682845325021,0
2024-01-06 19:03:00,8262,17.08495241059412,35.06787624775079,-97.82298915312205,0
2024-01-06 19:04:00,6664,53.601984205519805,34.615428669259096,-92.20140441818846,0
2024-01-06 19:05:00,7766,79.31748638079408,39.90246333383476,-94.58305906965028,0
2024-01-06 19:06:00,1952,89.33801724433908,35.0439782983047,-98.09923115843391,0
2024-01-06 19:07:00,7142,10.630740493717388,30.31986205403667,-99.84021627973901,1
2024-01-06 19:08:00,6967,48.55386427498222,36.26467869081894,-96.42404406360325,0
2024-01-06 19:09:00,8205,70.88226225171726,37.28010845027638,-96.42530408197582,0
2024-01-06 19:10:00,3484,45.30643289839615,38.85183869316744,-92.6487479135609,0
2024-01-06 19:11:00,2854,7.932739944947678,36.32684726722827,-90.80563818573872,0
2024-01-06 19:12:00,4231,46.91552524349561,30.19457117198509,-96.27985941031665,0
2024-01-06 19:13:00,3597,119.59896327958728,31.19744335811192,-93.11867319006764,0
2024-01-06 19:14:00,8829,30.81555285130912,31.612400491580136,-93.65094462416442,1
2024-01-06 19:15:00,9186,34.126103650432825,32.11261353026843,-95.77919715565454,0
2024-01-06 19:16:00,4983,220.9230562002603,37.99776897155003,-99.34109919508083,0
2024-01-06 19:17:00,7963,44.70875947620369,33.097600500091716,-95.26535498895632,0
2024-01-06 19:18:00,7684,61.06263533335734,33.123623227708606,-96.45861444373017,0
2024-01-06 19:19:00,1656,8.461792624701081,37.55587440977728,-94.49805614149312,0
2024-01-06 19:20:00,8743,19.051279271256156,34.12436574521356,-98.7460292153257,0
2024-01-06 19:21:00,7839,487.6893580162435,30.64639531953803,-92.75760197034576,0
2024-01-06 19:22:00,7312,285.8632243965042,35.85126445760635,-92.12249566141323,0
2024-01-06 19:23:00,8938,87.60829923464438,31.3006768650465,-96.11538358456917,0
2024-01-06 19:24:00,7176,5.54641509083323,35.71664279969179,-98.24724139102139,0
2024-01-06 19:25:00,4285,14.415864725836865,37.796381076219006,-93.76421988747344,0
2024-01-06 19:26:00,6559,14.034528279897092,39.294896373272735,-90.44188032426109,0
2024-01-06 19:27:00,4563,13.83091292534408,30.670526069492386,-92.99496830570295,0
2024-01-06 19:28:00,5584,37.11337280796962,33.03966583762491,-98.76517766030385,0
2024-01-06 19:29:00,5817,119.1922224234089,36.524639830079664,-96.02779901832218,0
2024-01-06 19:30:00,6041,29.023031619979506,33.154530028447894,-90.84631152710192,0
2024-01-06 19:31:00,7182,40.027345979134765,34.51025611193039,-93.6557738234391,1
2024-01-06 19:32:00,9026,40.15702855170844,30.20090862544296,-98.5284780383185,0
2024-01-06 19:33:00,4244,134.72432062500982,36.934980061618404,-92.75407800138714,1
2024-01-06 19:34:00,2040,133.38115985180198,38.83280131512013,-96.46481210999963,0
2024-01-06 19:35:00,3273,64.19974050753139,39.76859647812955,-95.10465607843847,0
2024-01-06 19:36:00,4629,196.06319337014253,38.30533348955763,-95.84953439231413,0
2024-01-06 19:37:00,3114,37.230930783783194,30.31776262423878,-92.7430339624518,0
2024-01-06 19:38:00,8364,313.2258942755724,36.5185396817681,-97.82093867423468,0
2024-01-06 19:39:00,2677,29.782549177003602,34.9565924631387,-96.1163022024389,0
2024-01-06 19:40:00,4094,7.628473949302847,39.37895493213915,-92.55454281538198,0
2024-01-06 19:41:00,6873,15.441804194680856,39.021388646939855,-92.95217206320325,0
2024-01-06 19:42:00,3284,14.128622751178732,39.880461743822075,-97.98255723247479,0
2024-01-06 19:43:00,6052,26.044519540334523,38.619342242616824,-96.4933606073709,0
2024-01-06 19:44:00,8062,168.78296762966255,35.468921338571505,-99.85635975205989,0
2024-01-06 19:45:00,2589,34.843619106141816,37.149005154101054,-94.69827480163339,0
2024-01-06 19:46:00,3520,14.083494581605567,39.6467723636654,-97.19058597792811,0
2024-01-06 19:47:00,5648,12.7279727737006,35.78116727766592,-99.88134083308726,0
2024-01-06 19:48:00,6729,51.5458836824507,38.399791870122634,-95.75294993507892,0
2024-01-06 19:49:00,1694,250.82148943465265,39.422098761220596,-90.73130288321751,0
2024-01-06 19:50:00,8807,68.10433408151592,35.70537691248794,-90.76598834337877,0
2024-01-06 19:51:00,4683,140.3138151336393,31.59154246080177,-96.2789714634926,0
2024-01-06 19:52:00,7704,81.59996289182256,31.555633931402145,-95.50822118431101,0
2024-01-06 19:53:00,8368,11.864002240131596,31.1531717416796,-97.573185365269,0
2024-01-06 19:54:00,2971,99.61933879993154,34.7632318027494,-99.31692222275906,0
2024-01-06 19:55:00,9055,17.478460387035874,34.801415782727545,-93.06073317212748,0
2024-01-06 19:56:00,5218,35.98917546023506,36.17371188371204,-91.99947293183568,0
2024-01-06 19:57:00,2868,26.504630725523903,34.82872814120746,-91.19895358639674,0
2024-01-06 19:58:00,2671,49.22451175289794,39.73055015484025,-90.64712708867027,0
2024-01-06 19:59:00,2728,42.57959404290484,32.91310820598953,-90.84036634095735,0
2024-01-06 20:00:00,8632,37.31325731677909,38.738166255446544,-99.72616575882398,0
2024-01-06 20:01:00,7403,41.43501244615169,31.003304276171946,-90.21905091720352,0
2024-01-06 20:02:00,7092,71.35875906087283,36.0191767803673,-96.20497978386948,0
2024-01-06 20:03:00,3142,41.43229202959492,36.48325217359533,-91.13892315160206,1
2024-01-06 20:04:00,7184,45.94300573140458,37.72230126576451,-95.5923979974786,0
2024-01-06 20:05:00,7010,400.28437362286746,35.03022212945201,-95.77809488975008,0
2024-01-06 20:06:00,1253,154.40196308711714,31.972262870253026,-99.8880938604383,0
2024-01-06 20:07:00,5102,33.165926025050084,33.6899761256344,-99.47558552600218,0
2024-01-06 20:08:00,4542,60.745344291861656,32.72161516495629,-93.28720934959863,0
2024-01-06 20:09:00,3775,56.171815460601714,34.19105515635202,-90.62359392573495,0
2024-01-06 20:10:00,8678,59.14292586664629,35.299683077127,-97.7559973330681,0
2024-01-06 20:11:00,7212,53.46739686169638,36.25070291377249,-99.06080970613701,0
2024-01-06 20:12:00,5637,59.572678127009866,38.451219449167624,-97.86142967015131,0
2024-01-06 20:13:00,7034,42.445661113492626,39.10010321060356,-97.87680153435167,0
2024-01-06 20:14:00,9457,29.531426088026404,34.62581284901368,-97.06864396482368,0
2024-01-06 20:15:00,7476,37.04561906873722,30.88671437356254,-99.05256532455344,0
2024-01-06 20:16:00,4148,9.621421336575663,37.9706518960172,-97.64473288028378,0
2024-01-06 20:17:00,4359,109.40712137495714,34.7715772514039,-90.78725165667137,0
2024-01-06 20:18:00,2004,88.41982002678083,35.46446601371261,-91.09780762550629,0
2024-01-06 20:19:00,5717,408.1355299628669,35.957941399729386,-96.83695659279087,0
2024-01-06 20:20:00,4271,16.518490772743128,36.678677587419905,-90.0310654214487,0
2024-01-06 20:21:00,1209,36.46730218327088,38.90100860032508,-97.0164689251844,0
2024-01-06 20:22:00,6539,175.3855508076403,39.52146195210191,-92.7817018092165,0
2024-01-06 20:23:00,1153,78.1703297826806,39.40169319058287,-93.5599117794609,0
2024-01-06 20:24:00,4593,279.09086532410447,38.09463652283034,-99.35445854553271,0
2024-01-06 20:25:00,9606,238.95352552244938,38.89242253583803,-96.57703153995303,0
2024-01-06 20:26:00,2284,4.807073816917614,30.49654768948358,-90.48500382206228,0
2024-01-06 20:27:00,4148,70.62406469426392,38.49112666454658,-99.49133066720545,0
2024-01-06 20:28:00,1768,70.99792168941,30.722652368540246,-98.25115675034174,0
2024-01-06 20:29:00,6607,53.36607498358455,37.461939075863064,-90.2905422412928,0
2024-01-06 20:30:00,4202,35.358376038732345,31.69363621593665,-99.60207240150625,0
2024-01-06 20:31:00,3787,260.36561429986756,33.601104458119444,-95.53392651665533,0
2024-01-06 20:32:00,3210,53.142013175846444,31.84183679154261,-90.81648961036645,0
2024-01-06 20:33:00,8399,2.370392585615563,34.43461636637277,-90.5632121145701,0
2024-01-06 20:34:00,7338,35.07321513842893,34.1174744381662,-90.20679108419901,0
2024-01-06 20:35:00,9733,433.1893297002448,30.48062843972744,-95.1867873847096,0
2024-01-06 20:36:00,1358,17.867034006068707,38.3049794510275,-99.13520012168534,0
2024-01-06 20:37:00,1849,184.4790922256287,38.541864957944256,-92.27296718362767,0
2024-01-06 20:38:00,8498,154.8521915359969,37.875072440049955,-92.91016527902744,0
2024-01-06 20:39:00,5522,42.271596146794,38.47606603231269,-94.20386605230198,0
2024-01-06 20:40:00,3544,65.9633672594942,37.50879035311293,-91.11764128371446,0
2024-01-06 20:41:00,2831,50.92415737951288,39.37484445373144,-90.88429911013219,0
2024-01-06 20:42:00,2472,32.22279502011438,35.76392250199805,-93.1675572674642,0
2024-01-06 20:43:00,1329,27.979243750027987,35.82642546586186,-98.87900052793871,0
2024-01-06 20:44:00,6851,226.02984185322381,38.59909908425192,-99.0447482708638,0
2024-01-06 20:45:00,8032,45.90182235233159,33.49415546718597,-95.91370247853735,0
2024-01-06 20:46:00,6266,25.229096705585675,30.50082354202571,-97.07299401455346,0
2024-01-06 20:47:00,5354,94.55483828933774,37.49855395398163,-98.6701681557518,0
2024-01-06 20:48:00,7435,83.63479303419949,32.545891794103625,-93.888091788076,0
2024-01-06 20:49:00,8978,12.28021040966565,34.7423581202996,-93.16470196036464,0
2024-01-06 20:50:00,5238,28.668705963086577,32.40439835674499,-93.02031736755042,0
2024-01-06 20:51:00,7112,9.986174864872362,38.270908520281985,-98.24722741229284,0
2024-01-06 20:52:00,5722,699.3343693721364,39.58292965079477,-96.9415619288534,0
2024-01-06 20:53:00,2388,37.98769435569946,30.55023103600588,-98.00947096435301,0
2024-01-06 20:54:00,5185,27.749250398821736,32.33371631463668,-93.98665768822019,0
2024-01-06 20:55:00,9911,33.10991405188456,31.8956212381531,-94.32918564658124,0
2024-01-06 20:56:00,4235,25.682515789683222,36.73203512741466,-94.96686562905091,0
2024-01-06 20:57:00,5576,45.46616123549421,34.286783997753425,-97.03943441449319,0
2024-01-06 20:58:00,2100,187.74531224641476,34.56261663514228,-97.62947073202868,0
2024-01-06 20:59:00,9864,60.18001884533523,31.57079084380343,-91.09592167743928,0
2024-01-06 21:00:00,9708,13.631696182710929,34.14734641529795,-99.51146043407122,0
2024-01-06 21:01:00,3532,17.322515078836723,33.03228280623382,-93.43601621111534,0
2024-01-06 21:02:00,8770,65.01413216477438,36.111909146706786,-99.80423018969721,0
2024-01-06 21:03:00,4670,23.74618458713471,32.17238228736761,-98.06161872323699,0
2024-01-06 21:04:00,1781,45.11348908881642,36.148113411260475,-97.1051653113705,0
2024-01-06 21:05:00,4523,769.4697086934383,33.77745191858925,-91.13514030738757,0
2024-01-06 21:06:00,7131,19.971280436546284,33.46294562028396,-98.6226506642733,0
2024-01-06 21:07:00,5782,12.855900898019675,33.05556634161014,-90.62193444585272,0
2024-01-06 21:08:00,5995,26.04259784144493,36.7383349402583,-91.84543695764403,0
2024-01-06 21:09:00,2501,9.03248972232606,35.62418405432976,-93.20953575883209,0
2024-01-06 21:10:00,4080,197.57218827309484,38.51721700002142,-95.8825385379923,0
2024-01-06 21:11:00,1502,17.12777751848467,32.4161017757539,-90.94743122876888,0
2024-01-06 21:12:00,4885,20.615332467619936,30.401195794112457,-94.72044970191149,0
2024-01-06 21:13:00,9009,14.39052181898357,31.8202348183791,-96.28792472060192,0
2024-01-06 21:14:00,1623,10.057766281787668,33.433563643288764,-94.14376009935391,0
2024-01-06 21:15:00,2050,51.68403335141202,31.796549903085186,-97.67732350626363,0
2024-01-06 21:16:00,8385,25.760236160366645,30.8351067750636,-97.27121822780978,0
2024-01-06 21:17:00,7081,8.98276502204466,34.453384731695685,-90.80685491988591,0
2024-01-06 21:18:00,6484,37.629353137771616,36.76933663752439,-92.06073158472066,0
2024-01-06 21:19:00,4772,78.70139191241854,37.51570766953978,-94.86499270828888,0
2024-01-06 21:20:00,4916,35.09343284219206,33.98727324718604,-95.83432608768227,0
2024-01-06 21:21:00,5018,99.41285661217475,34.78044594547048,-91.92430060991775,0
2024-01-06 21:22:00,2329,298.43021136567995,37.554704933748006,-94.29363666641007,1
2024-01-06 21:23:00,5114,123.28451240658077,33.52707830308345,-95.84966266443989,0
2024-01-06 21:24:00,4367,67.75184525344721,37.84766211267973,-94.84551208004272,0
2024-01-06 21:25:00,9095,123.00120172587955,39.673760655989696,-97.67290756137014,0
2024-01-06 21:26:00,6141,506.2916514479791,38.80480623341381,-97.9803011729615,0
2024-01-06 21:27:00,4951,12.919683711996107,34.535953366870274,-90.10909220984077,0
2024-01-06 21:28:00,6084,102.79316950595685,35.79518494888925,-90.3040817884695,0
2024-01-06 21:29:00,2573,20.146848608823728,37.16426386656067,-95.79172890993007,0
2024-01-06 21:30:00,3634,69.52711317131283,33.49300442436181,-94.84738468180204,0
2024-01-06 21:31:00,3768,14.554719828953163,37.99238099976286,-91.72805862217851,0
2024-01-06 21:32:00,6302,116.26798428810821,34.36916995280531,-92.74164344916504,0
2024-01-06 21:33:00,7250,72.23499982833238,38.468415581004336,-99.00450766500461,0
2024-01-06 21:34:00,2211,244.57019630574962,32.547338949260656,-96.25388945718794,0
2024-01-06 21:35:00,9967,41.626083875097336,30.113780563328323,-97.49848756768561,0
2024-01-06 21:36:00,6955,40.322259847672676,36.32688395972375,-90.07369808320513,0
2024-01-06 21:37:00,2160,40.72718088972101,34.518891174931255,-92.51298411567912,0
2024-01-06 21:38:00,6977,639.7944825555711,30.598231170175602,-99.52234790850237,0
2024-01-06 21:39:00,8041,102.87315290513031,34.87612353073076,-90.99962033400864,0
2024-01-06 21:40:00,3383,209.48975566612884,31.68569845421515,-90.72041620201028,1
2024-01-06 21:41:00,6876,112.65801560635744,36.29749162681063,-96.66731023713305,0
2024-01-06 21:42:00,4540,131.88799524539127,34.450455776449246,-93.58022238108622,1
2024-01-06 21:43:00,5635,12.489427471060742,31.711247519049518,-93.17961007661675,0
2024-01-06 21:44:00,2095,31.191918237156106,34.11938947212083,-92.70452378406098,0
2024-01-06 21:45:00,6901,29.3320112410003,32.32708808177469,-93.06492726915809,0
2024-01-06 21:46:00,9215,57.9211795299663,36.530967804729144,-94.40281991595062,0
2024-01-06 21:47:00,2079,49.22980748504621,32.951433740457304,-90.46156089442104,0
2024-01-06 21:48:00,9370,10.938892260714717,38.22017350051303,-94.8762582787232,0
2024-01-06 21:49:00,3847,56.993684449923705,30.141632054915124,-98.89086771773204,0
2024-01-06 21:50:00,2960,7.297290743893064,34.03417976542295,-99.19574516826837,0
2024-01-06 21:51:00,2473,118.684761146489,36.17080455587971,-99.81623380771161,0
2024-01-06 21:52:00,5888,60.57932178240019,30.22608284449163,-95.72076613135731,0
2024-01-06 21:53:00,5979,189.68370320809305,32.15841902524055,-97.26763734917917,0
2024-01-06 21:54:00,2212,67.54865605191544,33.2741995952946,-91.04781084653305,0
2024-01-06 21:55:00,6697,34.38452413084662,30.218445545823442,-91.32852141366477,1
2024-01-06 21:56:00,1419,11.288284313766225,35.466907048506705,-91.62157497840604,0
2024-01-06 21:57:00,4659,36.799287794963696,36.30868389084483,-91.32721882600627,0
2024-01-06 21:58:00,6283,24.83586597582417,32.27522251813033,-97.02394320535592,0
2024-01-06 21:59:00,2340,79.16630492882683,35.43482727328379,-95.73882455770323,0
2024-01-06 22:00:00,6137,35.83401782984577,39.991268891574975,-96.88261940724168,0
2024-01-06 22:01:00,6189,99.97447348731137,38.869192877473196,-99.13918946877149,0
2024-01-06 22:02:00,2361,211.4177523713149,30.5866083160049,-90.75953706481734,1
2024-01-06 22:03:00,1591,13.275465105812536,31.27882464416325,-93.84073734258365,0
2024-01-06 22:04:00,1526,54.455969358714256,34.94403321349327,-98.6744760006251,0
2024-01-06 22:05:00,8855,52.052686019681396,32.45201114864715,-97.93941043346172,1
2024-01-06 22:06:00,2292,74.75566764064104,30.80969237176831,-95.4924737248195,0
2024-01-06 22:07:00,2654,108.48942003675268,32.545544927457186,-99.48105922051103,0
2024-01-06 22:08:00,1187,267.135328638529,30.611780976738025,-97.28008218771971,0
2024-01-06 22:09:00,3758,18.002769104625678,35.29912442115649,-92.96553612328793,0
2024-01-06 22:10:00,9720,11.335175092069113,34.902501036706354,-90.79593517970227,0
2024-01-06 22:11:00,9625,65.9245923490111,30.0632615355615,-90.71268584248648,0
2024-01-06 22:12:00,7431,85.58505982527046,34.82516395643929,-94.79970916549101,0
2024-01-06 22:13:00,7037,112.20458879783911,35.19805147260991,-96.87844745155878,0
2024-01-06 22:14:00,9494,25.505680235446807,36.05703741011599,-90.79254344875963,0
2024-01-06 22:15:00,5182,11.270076257719213,39.70099724406504,-92.13365093798735,0
2024-01-06 22:16:00,7973,184.74351019809012,39.82692427052,-94.12888084095736,0
2024-01-06 22:17:00,1437,91.14703919503954,35.26929310670822,-91.65447098552029,0
2024-01-06 22:18:00,1832,37.38622205688505,38.451866976097826,-95.41169631152422,0
2024-01-06 22:19:00,9988,6.384420409797729,30.851657699903093,-98.87805165298373,0
2024-01-06 22:20:00,9751,27.963771979716412,35.311546224300756,-90.61761880429947,0
2024-01-06 22:21:00,9953,109.44135855773328,36.78900059223962,-94.6599292296467,0
2024-01-06 22:22:00,6794,84.3350336730848,35.64728819569548,-93.04709447685546,0
2024-01-06 22:23:00,4574,13.75902299309191,32.30720994454185,-96.07707707118206,0
2024-01-06 22:24:00,4785,101.40460580742051,30.62657986304611,-98.6425847765753,0
2024-01-06 22:25:00,6220,49.98932960396065,33.8666928457519,-97.28118205050976,0
2024-01-06 22:26:00,8750,193.8476848740809,36.47642497786759,-99.56327370433992,0
2024-01-06 22:27:00,7818,27.16870961316986,39.91713073655562,-99.12420398091547,0
2024-01-06 22:28:00,1684,29.459630162323542,32.365334513839464,-97.95080887671782,0
2024-01-06 22:29:00,5233,61.258091941806654,39.17789909711384,-94.38988868974249,0
2024-01-06 22:30:00,1577,35.95769628170074,30.68261399525264,-90.071152630203,0
2024-01-06 22:31:00,9007,22.79462834710631,39.309892739239785,-91.5627669084955,0
2024-01-06 22:32:00,1227,344.27431990960383,38.3236676787003,-99.14132946906957,1
2024-01-06 22:33:00,3328,226.09645510853173,30.20945352731848,-91.57656328337514,0
2024-01-06 22:34:00,3731,20.907077719948173,32.98185374088665,-94.6368869185376,0
2024-01-06 22:35:00,1430,68.05541984631245,30.509566536785336,-93.39676532586688,0
2024-01-06 22:36:00,2709,11.799282049530627,39.95505871529559,-98.70234279904336,1
2024-01-06 22:37:00,6782,299.23572609766165,34.27844004583776,-96.04559772893674,0
2024-01-06 22:38:00,2234,116.76246788650867,36.62173519610637,-91.15878285129011,0
2024-01-06 22:39:00,9493,148.95703883025146,32.341905748223866,-95.74634370956528,0
2024-01-06 22:40:00,6205,42.45552480533974,39.337362386675515,-98.7288652240768,0
2024-01-06 22:41:00,2420,176.7430763968774,32.74174088539472,-96.8892471440068,0
2024-01-06 22:42:00,1768,177.21277012263505,32.602146073022986,-97.78480279632089,0
2024-01-06 22:43:00,7034,46.30969357402054,33.14600095941353,-93.13102959905356,0
2024-01-06 22:44:00,9635,17.305010162315245,34.624891646507066,-90.8897223561559,0
2024-01-06 22:45:00,4104,84.36970258019994,30.18532726229711,-92.66510041966093,0
2024-01-06 22:46:00,5355,48.10925444466927,35.978375001280845,-91.56380015507435,0
2024-01-06 22:47:00,4305,348.12106809589096,30.31665797140738,-91.94182337250109,1
2024-01-06 22:48:00,2538,57.43374800832126,35.39202487739593,-99.85395696921046,0
2024-01-06 22:49:00,2331,60.73100815176428,34.57884902182112,-98.75629798306007,0
2024-01-06 22:50:00,9168,122.36151076715551,32.4254705813641,-95.76620913766881,0
2024-01-06 22:51:00,7939,54.77728978267724,33.297680171708265,-98.87910335415923,0
2024-01-06 22:52:00,9261,109.32838561426446,37.05659811244669,-92.65065234808583,0
2024-01-06 22:53:00,6558,31.84783023731561,30.095975198713962,-99.29812568470888,0
2024-01-06 22:54:00,6944,17.839939791292384,33.1664713802576,-95.83758122977795,0
2024-01-06 22:55:00,8126,21.92069926489287,36.80297254164867,-96.07710789386671,0
2024-01-06 22:56:00,1480,38.973232733642725,31.5227386540255,-94.56554343496276,0
2024-01-06 22:57:00,6263,61.47439511121633,35.603856541861035,-93.70622561222712,0
2024-01-06 22:58:00,5094,89.93051308293579,31.689329284827128,-90.53043629726137,0
2024-01-06 22:59:00,7167,86.11191004647767,31.547618768569997,-97.28815201015071,0
2024-01-06 23:00:00,3793,55.15095522852586,37.72280095723757,-93.34015511381463,0
2024-01-06 23:01:00,3892,18.725879254016498,32.66525353301138,-99.64915210275568,0
2024-01-06 23:02:00,2198,109.81817807504548,33.757691189525275,-99.98992998612871,0
2024-01-06 23:03:00,9011,12.16613102448967,37.3001806562497,-99.74641788923147,0
2024-01-06 23:04:00,3372,16.986409102249958,31.795196005429762,-95.51088246346087,0
2024-01-06 23:05:00,2892,57.122362593331914,35.31737021332857,-94.4498684853167,0
2024-01-06 23:06:00,6790,121.08010932894658,39.17819663764663,-99.93788353438296,0
2024-01-06 23:07:00,2883,102.23886620390898,35.53826819378489,-96.03588459557022,0
2024-01-06 23:08:00,6467,49.38593207682133,30.488457666234293,-99.5914331243647,0
2024-01-06 23:09:00,1797,85.17862574136132,35.896972746771105,-93.46716066767843,0
2024-01-06 23:10:00,9209,18.81296062690917,30.90153399514398,-93.68767968336051,0
2024-01-06 23:11:00,9235,31.13096138379037,32.82124540433283,-92.1581601188315,0
2024-01-06 23:12:00,1154,31.60649688802036,38.49675105343511,-94.53739131398702,0
2024-01-06 23:13:00,5962,20.596534574832482,30.11069128068618,-93.77050171688586,0
2024-01-06 23:14:00,5080,38.1188297487027,30.770133086646215,-97.20580706832446,0
2024-01-06 23:15:00,9050,44.308469993035594,33.63364128680371,-99.14546181842996,0
2024-01-06 23:16:00,6947,34.38793438084774,39.993958798993496,-92.6269383802372,0
2024-01-06 23:17:00,5320,42.23524139769992,32.918639060718434,-93.88136666627449,0
2024-01-06 23:18:00,2892,3.122105541598525,31.572746187360313,-90.61668168651215,0
2024-01-06 23:19:00,4424,80.2938031847829,35.49422132848249,-90.10774158322752,0
2024-01-06 23:20:00,3015,36.393312247224074,35.19255021570403,-91.52715951358697,0
2024-01-06 23:21:00,7673,36.358939885461204,34.496195884288376,-90.14378140408228,0
2024-01-06 23:22:00,7032,13.622378330874728,39.46653752042948,-93.52553703302047,0
2024-01-06 23:23:00,5833,257.4964508560315,32.80149370950519,-99.08050838548635,0
2024-01-06 23:24:00,1565,269.9775255856406,32.93324229261966,-99.10167460834361,0
2024-01-06 23:25:00,8412,10.292773485419572,31.402569713870843,-91.92880225814187,0
2024-01-06 23:26:00,3018,43.14082563631521,36.972880179161756,-97.63139564104821,0
2024-01-06 23:27:00,3314,138.07439496884015,33.213694710805385,-99.39011792801051,0
2024-01-06 23:28:00,5412,38.14768388039794,38.027402930456525,-95.27725395265094,0
2024-01-06 23:29:00,4883,29.780805375899504,39.7175787737292,-96.85354144247088,0
2024-01-06 23:30:00,9216,27.908030283493556,30.436852419905918,-94.11850851575315,0
2024-01-06 23:31:00,7739,74.64211236753911,39.93121890058125,-93.99848965753439,0
2024-01-06 23:32:00,8902,746.4984682641062,32.541042263570844,-93.18498998820917,0
2024-01-06 23:33:00,2189,124.94842114393045,34.20110357254528,-94.23557676594189,0
2024-01-06 23:34:00,8156,18.019283572867522,37.77743354492692,-96.19081952986767,0
2024-01-06 23:35:00,8342,29.1110246871027,36.65331142139324,-99.76333300653401,0
2024-01-06 23:36:00,7884,41.772817541895,37.784369208348735,-90.94911531876458,0
2024-01-06 23:37:00,4157,23.12312099167595,34.663320157188586,-96.73078270179859,0
2024-01-06 23:38:00,6520,19.188588116636268,39.160670785728634,-94.92849424989143,0
2024-01-06 23:39:00,2741,115.5761750108305,37.8994080540511,-94.43062414332721,0
2024-01-06 23:40:00,4688,33.01840173084709,33.09227975433676,-96.85147065260617,0
2024-01-06 23:41:00,8485,79.18721185825801,39.4848022134876,-96.9151904360482,0
2024-01-06 23:42:00,6369,324.5464658786039,39.610541934263544,-97.39138476808999,0
2024-01-06 23:43:00,6644,32.31930823319032,34.150535557567444,-97.56646655610747,0
2024-01-06 23:44:00,5023,71.85325939485293,36.51960487987591,-99.69604270241527,0
2024-01-06 23:45:00,1716,19.61662185891246,38.147685352139035,-90.42085398330383,1
2024-01-06 23:46:00,4967,82.7240330552713,38.17300716871447,-94.04703941221783,0
2024-01-06 23:47:00,8423,200.34570562373537,30.141235446907572,-98.91932990883537,0
2024-01-06 23:48:00,7450,190.27057437014048,36.290136330465415,-94.08041579326164,0
2024-01-06 23:49:00,4215,56.95753599380024,39.73699297450606,-97.67752405048971,0
2024-01-06 23:50:00,8825,32.49335452844087,32.31347147796171,-96.89317948718033,0
2024-01-06 23:51:00,1390,69.18637385652272,37.95608859176939,-91.98831811607725,0
2024-01-06 23:52:00,4037,57.461289982656616,35.342476210769824,-91.14197981178387,0
2024-01-06 23:53:00,1232,86.58602123279309,32.214702111389116,-93.00176106934498,0
2024-01-06 23:54:00,4131,28.948552099205678,30.51037974083996,-90.67418517736559,0
2024-01-06 23:55:00,8634,36.59209970923933,37.59921711017007,-90.94972936138936,1
2024-01-06 23:56:00,1233,43.89041324577118,33.16470349524827,-94.48829880192484,0
2024-01-06 23:57:00,2391,106.32115111803662,33.75586028065105,-90.921533406103,0
2024-01-06 23:58:00,1889,121.41075512591586,34.85231053249011,-94.55002048819316,0
2024-01-06 23:59:00,8902,35.461143904362075,35.07194902971308,-98.95726000892658,0
2024-01-07 00:00:00,1745,17.27077590529612,32.06185576970411,-91.70544720683657,0
2024-01-07 00:01:00,1427,78.46405528792987,36.70641990188471,-98.6879753547224,0
2024-01-07 00:02:00,1731,113.51271783108965,36.92539979955873,-96.84039866156753,0
2024-01-07 00:03:00,1799,47.74379148691661,31.423009244992436,-96.20207203765729,0
2024-01-07 00:04:00,7507,26.746159661039616,35.32909539912581,-91.92714059837628,0
2024-01-07 00:05:00,8025,33.853087607854086,36.09259348227293,-99.16463325327177,0
2024-01-07 00:06:00,8624,281.2768461969655,31.862515434002923,-95.55058535326923,0
2024-01-07 00:07:00,9326,68.15130440913424,38.94462126529315,-95.63284188936234,0
2024-01-07 00:08:00,6383,150.4139779084768,34.82825861175289,-94.17839760485006,0
2024-01-07 00:09:00,7207,24.45677811383396,31.150283576660172,-96.46131218273791,0
2024-01-07 00:10:00,3538,183.13901594347695,33.34396177621195,-94.22837501834684,0
2024-01-07 00:11:00,4718,133.578085709803,34.76960448274654,-90.14105720097974,0
2024-01-07 00:12:00,9232,49.2832900267213,30.10144153080704,-99.28450814600885,1
2024-01-07 00:13:00,4367,100.37768093675324,30.31909875697474,-91.2537154328391,0
2024-01-07 00:14:00,6008,199.12530642519215,30.555205953106178,-96.91370561929209,0
2024-01-07 00:15:00,6229,18.02894708958051,35.38135225899433,-95.34283563771424,0
2024-01-07 00:16:00,8388,32.27414210416509,33.36088196237521,-92.58882516917689,0
2024-01-07 00:17:00,3415,92.20680469548614,38.93104048055999,-90.89963536552725,0
2024-01-07 00:18:00,8171,55.71493625457183,35.59233872328895,-99.9092451646343,0
2024-01-07 00:19:00,3949,82.37557759108438,37.59896328820911,-93.37807725716479,0
2024-01-07 00:20:00,5261,108.65251541526126,36.87133176755072,-99.30447660360421,1
2024-01-07 00:21:00,6145,89.89320046077457,35.203207272377256,-94.74321480828918,0
2024-01-07 00:22:00,4466,42.40067649865839,37.44720439765125,-92.50239911683474,0
2024-01-07 00:23:00,4088,45.42427717050454,35.44705702867729,-98.30465858684865,0
2024-01-07 00:24:00,2115,258.61437024959105,33.854563051904506,-92.36215023671883,0
2024-01-07 00:25:00,5578,59.513451088223945,34.35804832507648,-96.90462140189044,0
2024-01-07 00:26:00,3590,211.73125086855646,38.38501339543882,-93.89448869052323,0
2024-01-07 00:27:00,8372,226.9715476609068,35.632735581235465,-93.41958961292623,0
2024-01-07 00:28:00,4573,25.004383719275996,33.772961481623156,-93.51019272801814,0
2024-01-07 00:29:00,3978,113.92153394906762,31.79743151586248,-99.8145520372186,1
2024-01-07 00:30:00,8313,18.537360780424798,34.95357842201705,-98.47725992252322,0
2024-01-07 00:31:00,8022,275.1088157844281,32.52404109532475,-91.43797309642797,0
2024-01-07 00:32:00,5975,65.92770767328899,39.5557987812837,-90.60157727404957,1
2024-01-07 00:33:00,5925,62.80388350886472,34.90982084651088,-94.36332111221547,0
2024-01-07 00:34:00,9047,22.98577714558206,30.08948273889257,-94.0302863807861,0
2024-01-07 00:35:00,9090,29.76130847644163,30.92877189494474,-92.44969409940752,0
2024-01-07 00:36:00,9051,68.45591069512444,32.84324491710542,-95.93894713677464,0
2024-01-07 00:37:00,6292,59.799188775274224,30.92162841698311,-96.71983655510853,0
2024-01-07 00:38:00,7645,37.14700815884569,38.93962225495402,-92.3179833436007,0
2024-01-07 00:39:00,6403,131.41221282308342,38.54351566800531,-99.71714343035086,0
2024-01-07 00:40:00,4430,54.463938482027494,39.708615088767566,-91.14653711875353,0
2024-01-07 00:41:00,2995,19.87248956007123,37.0646561434381,-95.59097475207186,0
2024-01-07 00:42:00,7030,112.21103234727642,36.454645462120155,-94.95771385084619,0
2024-01-07 00:43:00,4891,17.128158730092693,39.234966378957765,-93.6572184233593,0
2024-01-07 00:44:00,8145,7.977002857992789,39.46393144806324,-97.25614251669089,0
2024-01-07 00:45:00,9498,60.108832250479324,38.774878428836026,-94.02612508550293,0
2024-01-07 00:46:00,3102,19.47853969668597,38.61472843819823,-93.06961053149992,0
2024-01-07 00:47:00,4030,65.24256235745479,36.71703255443728,-98.82068550064055,0
2024-01-07 00:48:00,9524,123.51444363926562,30.01605947239645,-94.79529219411515,0
2024-01-07 00:49:00,9107,146.13104762241946,34.295170503296525,-96.70579863858565,0
2024-01-07 00:50:00,1242,89.80567733618378,36.35662771179348,-94.42642274329349,0
2024-01-07 00:51:00,2884,14.49692783842965,35.47127380444605,-99.78705712503113,0
2024-01-07 00:52:00,9015,26.57173217178602,38.211266298908726,-92.57319643788831,0
2024-01-07 00:53:00,7747,54.89462562828065,38.1890227651413,-98.31595495453286,0
2024-01-07 00:54:00,9494,55.427711303621805,35.98682009461606,-93.10613052345158,0
2024-01-07 00:55:00,5330,21.286870455889968,30.219940532590638,-92.31185087847247,0
2024-01-07 00:56:00,8863,34.38317114992821,33.69329952334718,-92.47388007556178,0
2024-01-07 00:57:00,4109,122.77557866028306,32.28816585343474,-91.82497905416236,0
2024-01-07 00:58:00,3186,90.35476523330658,33.38788108755251,-96.92254848818516,0
2024-01-07 00:59:00,2550,40.106819629000704,36.17292654516062,-90.32886834664708,0
2024-01-07 01:00:00,1646,152.87986407559927,30.664619026827275,-99.76181824865931,0
2024-01-07 01:01:00,7144,14.490460063831682,30.222420490489714,-95.18799903885112,0
2024-01-07 01:02:00,5656,124.23841022828587,34.368729159803046,-97.29715061657704,0
2024-01-07 01:03:00,9904,108.26628057786216,37.935738322476446,-92.60119550153125,0
2024-01-07 01:04:00,1537,115.2026030177843,30.306985745985518,-91.94776714592132,0
2024-01-07 01:05:00,7572,73.43947820972933,38.49048585093064,-91.77607472482173,0
2024-01-07 01:06:00,1234,28.41029215103558,33.83879632750008,-97.03095944365309,0
2024-01-07 01:07:00,7539,98.69080893905061,31.18235428945452,-97.2585946388776,0
2024-01-07 01:08:00,2374,36.030969049684266,35.67497728798102,-93.23064280721543,0
2024-01-07 01:09:00,2909,67.03656077638203,39.52360561424409,-90.71815635416792,0
2024-01-07 01:10:00,8218,26.366666013838138,35.42512899038815,-97.45794784413901,0
2024-01-07 01:11:00,1080,38.671720943202025,36.86634755785971,-90.89400300595229,0
2024-01-07 01:12:00,3083,47.311385921938594,38.1642128689102,-94.08538606918734,0
2024-01-07 01:13:00,2690,81.42838354259183,37.9934012224742,-92.6206197806463,0
2024-01-07 01:14:00,1756,96.27358410383162,30.7311872851374,-95.60107928492181,0
2024-01-07 01:15:00,3670,297.5848549967313,37.40995413230925,-91.93142778343895,0
2024-01-07 01:16:00,4751,63.31526586305738,39.494495658728745,-90.29507107234586,0
2024-01-07 01:17:00,9659,21.163339629784186,37.00652233980577,-98.29424268610356,0
2024-01-07 01:18:00,6261,121.50624133894365,38.36442893710468,-96.1444057499975,0
2024-01-07 01:19:00,7852,76.52628445101296,34.85549701011119,-91.37543353937767,0
2024-01-07 01:20:00,2494,45.13367012417228,33.19069326372871,-98.2332711911274,0
2024-01-07 01:21:00,6740,36.580863946250574,36.76239223090874,-95.87036556551394,0
2024-01-07 01:22:00,9055,29.422614386766973,34.92199978119415,-98.33884890289173,0
2024-01-07 01:23:00,1901,28.461244328564593,38.95288856314405,-93.51631741242558,0
2024-01-07 01:24:00,1672,16.111515271933353,39.74381968593859,-97.61680847800568,0
2024-01-07 01:25:00,9630,143.38164481733043,38.19802067509001,-96.19197894602398,0
2024-01-07 01:26:00,1444,84.33521912908287,39.92679617485444,-95.08866341746332,0
2024-01-07 01:27:00,9655,59.92282428706001,33.48370598394303,-97.02871121341317,0
2024-01-07 01:28:00,3198,29.34876938051069,38.95755378754484,-93.20099069573374,0
2024-01-07 01:29:00,3287,162.28732512307005,33.299336287973794,-98.88750545711603,0
2024-01-07 01:30:00,5008,13.188748792925866,31.180380753059534,-91.20199235278778,0
2024-01-07 01:31:00,1496,47.89480747872312,36.213736953114484,-95.18659543513282,0
2024-01-07 01:32:00,2463,145.78695845996467,34.549886343119965,-94.27185866014649,0
2024-01-07 01:33:00,7828,7.443726366922624,39.21699233430618,-93.77870322419547,0
2024-01-07 01:34:00,5253,65.10816120722491,34.92193887578015,-99.4031795231771,0
2024-01-07 01:35:00,1493,28.214695171719068,39.27632579314303,-92.43009244466562,0
2024-01-07 01:36:00,6065,61.63075966886347,30.786338671951025,-90.54058145796571,0
2024-01-07 01:37:00,6430,37.54534366908792,38.30511835746334,-94.80092036440558,0
2024-01-07 01:38:00,2426,98.85867347847149,37.59114268464383,-96.09131290973001,0
2024-01-07 01:39:00,2793,187.2685693442294,37.19978273478542,-92.15204149888481,0
2024-01-07 01:40:00,3723,674.0648845725318,33.551358550687894,-92.79647041613298,1
2024-01-07 01:41:00,1658,48.74487924886943,37.83759635997575,-93.49024203636777,1
2024-01-07 01:42:00,5761,114.20245017110554,34.832965792447766,-90.34648575580863,0
2024-01-07 01:43:00,8630,76.87295037238425,37.152035108847684,-94.18225578082452,0
2024-01-07 01:44:00,9741,82.77131129005602,35.5222714678517,-97.51624256079936,0
2024-01-07 01:45:00,9834,238.84145117322035,31.57439704533411,-99.75233952067775,0
2024-01-07 01:46:00,5350,27.54460270006336,30.64558590173302,-95.46537970118203,0
2024-01-07 01:47:00,1207,38.15722033242454,33.66186651203404,-93.4767644282821,0
2024-01-07 01:48:00,5190,45.81109640452748,39.32788822945848,-98.27860861505981,0
2024-01-07 01:49:00,2883,20.392177185396537,35.29735020821553,-99.74236261965653,0
2024-01-07 01:50:00,3886,54.51768067757495,38.021920676168705,-90.909105447283,0
2024-01-07 01:51:00,1477,105.42185031046145,35.75953070648831,-96.98052572163891,0
2024-01-07 01:52:00,9953,125.00602767301993,39.57905286273437,-95.33950565552934,0
2024-01-07 01:53:00,9381,45.43007308137739,33.69455562154601,-99.08929083809664,0
2024-01-07 01:54:00,7854,171.0636875716862,30.570504553779728,-96.18386694648284,0
2024-01-07 01:55:00,1755,6.863499628618468,37.80668383305584,-95.76226697002421,0
2024-01-07 01:56:00,5931,558.5711787550449,37.05456508331091,-90.97255462984698,0
2024-01-07 01:57:00,6724,96.27961485288525,35.27534382238346,-91.34542521616605,1
2024-01-07 01:58:00,5150,35.501126412534354,33.263912431903144,-98.10997958690034,0
2024-01-07 01:59:00,5060,86.66946770112085,31.88265147689439,-94.4393777333431,0
2024-01-07 02:00:00,5765,46.86227588694592,34.822760441763144,-92.68752195872868,0
2024-01-07 02:01:00,4612,6.758372115050185,36.66201409290487,-97.08149433966175,0
2024-01-07 02:02:00,7553,57.220126978179266,35.78886429370193,-96.0556701622181,0
2024-01-07 02:03:00,8378,135.84397012383428,34.37490510371608,-90.1511871210701,0
2024-01-07 02:04:00,2689,143.13557446806342,35.39694444329195,-92.40267864266053,0
2024-01-07 02:05:00,2316,70.22453826341095,31.079549303145985,-95.62819937261645,0
2024-01-07 02:06:00,8130,142.27639811338256,36.95840103859921,-94.65918296466825,0
2024-01-07 02:07:00,4186,84.38924180660331,37.342560437959335,-93.74217645243769,0
2024-01-07 02:08:00,6789,68.20895920251492,30.114526040970905,-95.0115944501149,0
2024-01-07 02:09:00,2145,27.41271806755223,32.70519555860869,-95.88379967889489,0
2024-01-07 02:10:00,5394,38.58213517837689,30.92116860173273,-96.40650289840306,0
2024-01-07 02:11:00,8942,42.2514348891891,39.982321318744965,-98.31018365848416,0
2024-01-07 02:12:00,8548,72.6372930264887,35.93342833755163,-90.26378873193386,0
2024-01-07 02:13:00,1560,121.89416868878233,34.657380942265625,-99.08587295761717,0
2024-01-07 02:14:00,2912,29.5349073467037,34.63001018981058,-93.98977607769474,0
2024-01-07 02:15:00,2864,13.575126530364782,39.6477391922877,-90.40397555368324,0
2024-01-07 02:16:00,1296,230.3870779562418,36.598556381495484,-96.25068382936686,0
2024-01-07 02:17:00,3409,20.72579622251196,31.686595582470897,-97.47578650288327,0
2024-01-07 02:18:00,8630,89.12991304493204,34.48158827995867,-90.44477020188951,0
2024-01-07 02:19:00,2461,70.32895113917255,37.74196840945899,-91.98260667204542,0
2024-01-07 02:20:00,5292,38.69323096075901,34.23350066858793,-93.44974964636111,0
2024-01-07 02:21:00,3268,100.22902330187523,33.09533425886859,-93.88011572988229,0
2024-01-07 02:22:00,1994,16.319654937164117,39.912160765802554,-96.39873878005838,0
2024-01-07 02:23:00,7554,278.86552195919734,39.35637134612229,-93.58680701778972,0
2024-01-07 02:24:00,1007,761.186043852945,39.41560369323959,-92.74974576746125,1
2024-01-07 02:25:00,3515,186.96382113200886,31.316725296727377,-99.68269023443865,0
2024-01-07 02:26:00,2417,24.286218911536906,32.34255256809162,-98.82309958737608,0
2024-01-07 02:27:00,3316,5.335124600701597,34.42066958165841,-96.84889578561301,0
2024-01-07 02:28:00,8358,88.0023812693726,38.32129258232558,-96.76871583053675,0
2024-01-07 02:29:00,4932,14.97867562672678,37.36827540227623,-90.99484065521337,0
2024-01-07 02:30:00,7204,36.11978491710521,38.49667395152429,-93.15494601150083,0
2024-01-07 02:31:00,2287,250.34049114898596,39.20763291157371,-96.26495518188057,0
2024-01-07 02:32:00,2118,276.90707562908915,37.8076684305052,-91.90797847310951,0
2024-01-07 02:33:00,9744,308.48268272411696,32.617700101449785,-96.76805128528963,0
2024-01-07 02:34:00,8637,60.24469541327181,32.85445682387169,-90.09243850050898,0
2024-01-07 02:35:00,1660,133.8339353797699,33.524876816230986,-92.18380191818073,0
2024-01-07 02:36:00,9907,7.452557600611213,33.030753668336175,-91.91609971838493,0
2024-01-07 02:37:00,7922,12.192798250468238,32.49098949703113,-97.39027460234746,0
2024-01-07 02:38:00,9104,40.92758942163584,37.52486059875742,-98.54966175092403,0
2024-01-07 02:39:00,7337,126.63346348353178,30.33991050900381,-96.10460952681845,0
2024-01-07 02:40:00,3529,35.64424559566613,37.28393738095065,-96.65764249510738,0
2024-01-07 02:41:00,4970,121.83386910714893,38.23563771514968,-92.30167859912898,0
2024-01-07 02:42:00,4407,17.226435791688377,30.66044043344818,-98.25711880220341,0
2024-01-07 02:43:00,8416,60.46298845458046,30.61847107200996,-94.72533714946223,0
2024-01-07 02:44:00,5760,94.62127739646921,32.85463802893301,-93.71806700178077,0
2024-01-07 02:45:00,2897,116.44330936335167,32.08306815601665,-96.14834514121036,0
2024-01-07 02:46:00,7364,34.759027958704614,35.811336736901936,-97.99392687107483,0
2024-01-07 02:47:00,9464,56.18571138890864,36.75451543501634,-91.04333200097474,0
2024-01-07 02:48:00,5087,11.696141277316631,36.34141996104325,-98.61159954283715,0
2024-01-07 02:49:00,5374,49.15189767612753,33.57347370262223,-96.96195626014965,0
2024-01-07 02:50:00,8607,161.04425451727334,34.98397834613636,-92.43432620674785,0
2024-01-07 02:51:00,5019,41.97647167149988,36.399908295041186,-93.94688469687992,0
2024-01-07 02:52:00,1815,25.84371608692796,31.194262688063702,-92.69354450797186,0
2024-01-07 02:53:00,8255,119.2744867993354,32.295119144538944,-91.91233369210246,0
2024-01-07 02:54:00,1922,536.576220383907,38.90496153986183,-91.04607112530624,1
2024-01-07 02:55:00,5867,479.7525391471468,33.42326376549114,-96.95434984594915,0
2024-01-07 02:56:00,2264,70.91079026691638,38.01156381919705,-95.25694839711203,0
2024-01-07 02:57:00,4724,117.97858178556581,32.50989752337144,-93.11689856370863,0
2024-01-07 02:58:00,3722,281.0772546676308,30.41640351536022,-92.05254336191385,0
2024-01-07 02:59:00,6355,69.4979112616859,35.004005924734095,-94.22183236107051,0
2024-01-07 03:00:00,3550,86.6012958816942,38.924820435624866,-94.86251822043347,0
2024-01-07 03:01:00,6319,39.52891710568156,38.19284549142138,-93.08236454415012,0
2024-01-07 03:02:00,7686,582.8761871796369,32.529391689244896,-96.17971009066211,0
2024-01-07 03:03:00,2673,112.02854029444411,39.09935774424347,-91.06295703834398,0
2024-01-07 03:04:00,5587,41.79302346307522,34.797158949163034,-97.87781064480072,0
2024-01-07 03:05:00,6353,30.712390765034197,30.4899900378867,-91.15995790012184,0
2024-01-07 03:06:00,7857,8.523192606455614,30.279246197677516,-93.56383300226933,0
2024-01-07 03:07:00,2666,11.24000347703511,34.85113734003325,-93.99341545668668,1
2024-01-07 03:08:00,5511,26.41284599987927,35.463228557138166,-95.30045136551314,0
2024-01-07 03:09:00,7172,138.14823660798535,30.799129205825903,-98.45253957305965,0
2024-01-07 03:10:00,2384,75.64968141623618,39.222406537251786,-91.35065859629718,0
2024-01-07 03:11:00,5403,15.56768047810307,37.18216828490823,-99.47466041600292,1
2024-01-07 03:12:00,4954,21.617051045157105,38.01282358486742,-97.30034333052336,0
2024-01-07 03:13:00,7305,72.35633700453972,35.84023251216352,-98.90293253028642,1
2024-01-07 03:14:00,9252,291.0444047577744,36.63544076154515,-98.93164688098857,0
2024-01-07 03:15:00,8238,18.138560672869893,33.878602298271204,-96.09577234797575,0
2024-01-07 03:16:00,7981,86.39560502602514,36.792970849440934,-98.39574306521341,0
2024-01-07 03:17:00,7026,34.972710609870255,39.78182891404269,-94.18614213945237,0
2024-01-07 03:18:00,7609,36.00225196545088,36.47715910610969,-93.72841060360228,0
2024-01-07 03:19:00,9664,16.887463817516714,33.4163372287317,-91.17906272582879,0
2024-01-07 03:20:00,1958,102.15545942795616,32.85239122382468,-97.00332073459985,0
2024-01-07 03:21:00,9724,33.572594563677484,39.63345940847063,-96.90821616595714,0
2024-01-07 03:22:00,1493,38.41586679774654,31.85002297108065,-97.53631275179326,0
2024-01-07 03:23:00,8042,146.10540053588176,38.0619661166962,-92.18189668048434,0
2024-01-07 03:24:00,1081,153.93101039083504,34.65262292008759,-95.71939919813441,0
2024-01-07 03:25:00,7999,26.31611401427099,34.43759754352801,-94.47577986647508,0
2024-01-07 03:26:00,3970,73.47458361075198,37.47537787978849,-96.25382488726115,0
2024-01-07 03:27:00,1011,135.13395619342097,31.480384300459434,-98.43187070526709,0
2024-01-07 03:28:00,8824,45.447060638942624,34.6629592614492,-98.9747029117896,0
2024-01-07 03:29:00,1761,106.74094918622882,30.358336877677484,-91.317265336767,0
2024-01-07 03:30:00,4185,39.703414672659534,36.704068215114695,-97.3451831834205,1
2024-01-07 03:31:00,1025,38.62254104848537,30.583772839536664,-90.58380084448943,0
2024-01-07 03:32:00,2806,21.4949547719464,30.87288797673887,-90.52706558720047,0
2024-01-07 03:33:00,7651,302.4737251870801,38.44826381229203,-95.21078442827041,0
2024-01-07 03:34:00,6664,33.63745822224204,34.42955187015928,-90.4141177346476,0
2024-01-07 03:35:00,6154,24.503165058138176,32.009756885482425,-99.7151278364292,0
2024-01-07 03:36:00,6824,19.194450809508496,35.925845759553795,-99.08349420254588,0
2024-01-07 03:37:00,4659,59.41316871562164,35.192832645845314,-97.56690320051787,0
2024-01-07 03:38:00,2525,19.747946608398344,34.10908326742858,-97.90806598355996,0
2024-01-07 03:39:00,1760,26.774500609788205,39.05417066749347,-97.47362154760177,0
2024-01-07 03:40:00,1594,121.38372917191647,37.49457998152346,-95.47705669560723,0
2024-01-07 03:41:00,8192,85.5171047110916,31.515928712552967,-99.37078646669116,0
2024-01-07 03:42:00,2055,14.220486255389856,35.7077464994742,-94.44611716301652,0
2024-01-07 03:43:00,4083,112.71065970234118,30.88743900704767,-96.90545774922737,0
2024-01-07 03:44:00,4675,56.41799514224099,32.44653970442806,-99.28452467854915,0
2024-01-07 03:45:00,6957,170.23183376690727,39.0986034672064,-92.46790731094259,0
2024-01-07 03:46:00,6255,225.42544485005996,34.620799257082425,-93.46570230737869,0
2024-01-07 03:47:00,5228,10.927974199864364,38.92106101617702,-92.06569935033603,0
2024-01-07 03:48:00,5181,117.28775518310788,31.65998965591564,-90.60766041653551,0
2024-01-07 03:49:00,2830,280.00624994672097,32.05341747511639,-94.14234756147917,0
2024-01-07 03:50:00,4395,67.33290175686346,33.52824723067093,-92.13283997646631,0
2024-01-07 03:51:00,2203,108.65927320437315,33.66325642259467,-98.00817291621136,0
2024-01-07 03:52:00,3810,68.37244153765108,37.45277270230624,-95.8963304422486,0
2024-01-07 03:53:00,4092,145.39072069787252,35.99410561968372,-94.69929012504386,0
2024-01-07 03:54:00,4044,80.11716007656315,35.532494259466304,-94.58786193995941,0
2024-01-07 03:55:00,7071,7.225580905920288,36.02375506828094,-92.81662686552822,0
2024-01-07 03:56:00,8272,48.366040873908744,37.32191372523409,-92.04058974317876,0
2024-01-07 03:57:00,5673,45.33991575273841,38.928166386090886,-93.33147073205984,1
2024-01-07 03:58:00,4514,111.47321130079506,34.1473995647722,-99.5275451065135,0
2024-01-07 03:59:00,7192,177.1233429598207,38.029259429234656,-96.48783237878604,0
2024-01-07 04:00:00,1144,43.481251796179635,34.95096883086028,-94.27560979552364,0
2024-01-07 04:01:00,8507,16.040612916515236,37.220782425495386,-94.92130539942882,0
2024-01-07 04:02:00,5857,74.15931465528814,38.74823788059768,-99.55203032484567,0
2024-01-07 04:03:00,2377,25.129735273673962,30.322148223648338,-90.19363430947121,0
2024-01-07 04:04:00,4146,29.783035862876897,35.4662975533678,-90.4389447275935,0
2024-01-07 04:05:00,6024,591.1630568308827,39.893806264604756,-92.26238207445837,0
2024-01-07 04:06:00,1793,27.72333551078417,34.962244145224645,-99.44646760371825,0
2024-01-07 04:07:00,6756,11.417248144847102,38.643036826016925,-95.6979216449254,0
2024-01-07 04:08:00,5414,99.8404186886418,31.858998524168292,-95.9023044723116,0
2024-01-07 04:09:00,2110,110.72505670399434,36.042870902463314,-94.4197398287522,0
2024-01-07 04:10:00,6672,131.4448659331936,38.70305963234445,-99.44071542134195,0
2024-01-07 04:11:00,5053,126.45056725725279,34.31533131618771,-95.76343354001622,0
2024-01-07 04:12:00,4937,63.155906004517846,34.86722058905044,-92.42160683002355,0
2024-01-07 04:13:00,4963,63.82280245293752,30.820179044490178,-90.01992050432511,0
2024-01-07 04:14:00,5942,139.70874502709026,30.42172091950605,-94.04556785853046,0
2024-01-07 04:15:00,6897,272.76060720654664,34.68708299582983,-90.59387688761994,0
2024-01-07 04:16:00,9974,15.475738195687716,38.43475331641134,-90.01461518813703,0
2024-01-07 04:17:00,2116,29.71666364708915,39.31324272114715,-95.6521807208331,0
2024-01-07 04:18:00,2750,102.30232637288682,36.58653003461276,-93.31309568553303,0
2024-01-07 04:19:00,5027,70.44881367837374,38.263985993346175,-97.86784878400529,0
2024-01-07 04:20:00,6745,9.11054064319695,37.34854162658405,-95.24353556238366,0
2024-01-07 04:21:00,6064,30.775915365557978,37.014858269004094,-99.21588456996311,0
2024-01-07 04:22:00,6938,73.89788337444455,37.69033098786759,-99.70850221493582,0
2024-01-07 04:23:00,4397,55.29018718905913,35.05302952410929,-91.07080664995321,0
2024-01-07 04:24:00,9265,38.132161301079925,34.57938103496855,-91.41599668375426,0
2024-01-07 04:25:00,2359,569.1067640056162,31.5914352224186,-96.87935341742222,1
2024-01-07 04:26:00,5853,53.25590236814033,38.4381531670809,-95.43046956289933,0
2024-01-07 04:27:00,2941,68.78935427576175,30.446138801039048,-95.06389695867786,0
2024-01-07 04:28:00,4148,62.36254757359342,32.67444121237329,-94.79298876793185,0
2024-01-07 04:29:00,8933,67.46889851456233,35.19916147145729,-98.65428995495186,0
2024-01-07 04:30:00,2285,56.69729258780818,39.715981125220495,-92.2494123829925,0
2024-01-07 04:31:00,7474,6.804840586865331,37.85972942295897,-96.52184307444763,0
2024-01-07 04:32:00,1770,20.283244828801184,33.68671224648628,-99.68304818770058,0
2024-01-07 04:33:00,2843,39.85080810737149,37.13948390512435,-93.23438477330151,0
2024-01-07 04:34:00,1073,123.0658602383881,39.31369388015156,-91.70122503899745,0
2024-01-07 04:35:00,2660,40.47676880648849,35.38883451537076,-90.81873213293152,0
2024-01-07 04:36:00,5349,23.774742360329547,34.619401955009494,-93.25594679362881,0
2024-01-07 04:37:00,8102,140.37578175947357,35.529932722743276,-98.0872098289416,0
2024-01-07 04:38:00,9000,210.83867261788149,33.11530041153983,-94.10219468559947,0
2024-01-07 04:39:00,4818,11.790249498896506,39.07348810684191,-90.88238016838791,0
2024-01-07 04:40:00,1331,60.15513766356034,37.97281812461477,-96.49439902366838,0
2024-01-07 04:41:00,2421,3.7804060955199077,37.05484112353277,-90.46649278226059,0
2024-01-07 04:42:00,8512,39.988020369465424,35.89092080562643,-99.0232092827521,0
2024-01-07 04:43:00,7890,359.3993728014961,39.69474778452188,-92.71947256094455,0
2024-01-07 04:44:00,5931,59.85628286539697,32.977057294744206,-98.80088827502934,0
2024-01-07 04:45:00,7025,13.720921671734233,32.831351649068495,-92.01124697094845,1
2024-01-07 04:46:00,5408,14.063002781575296,32.42138332863182,-99.02344336154228,0
2024-01-07 04:47:00,6113,21.48519259481922,37.417759886449325,-96.74274959935123,0
2024-01-07 04:48:00,9419,27.89154885928548,37.972856398743005,-92.23138285786196,0
2024-01-07 04:49:00,3881,8.225340733087457,35.97114176166692,-95.39806729225653,0
2024-01-07 04:50:00,3865,75.88821618145387,36.51983710338117,-91.17313528985613,0
2024-01-07 04:51:00,3575,94.05414800034181,33.48960764606393,-95.98262137942574,1
2024-01-07 04:52:00,7185,38.46666827090699,30.397575424728824,-90.05041879711449,0
2024-01-07 04:53:00,9656,422.3019777280546,32.53635843641253,-99.8132520693968,1
2024-01-07 04:54:00,6741,35.53527765589871,35.84303227130426,-93.03937793915712,0
2024-01-07 04:55:00,1277,181.78023416957723,38.12932682384388,-90.84112372141323,0
2024-01-07 04:56:00,1065,13.630338104527754,37.771949784329976,-94.64013526987482,0
2024-01-07 04:57:00,5262,73.69576738719006,31.79487364193181,-90.11490761272353,0
2024-01-07 04:58:00,6704,85.63128004692977,30.514462100762284,-92.91975498729063,0
2024-01-07 04:59:00,9594,26.826894410817,38.505600399960414,-95.7047370580992,0
2024-01-07 05:00:00,8989,64.5359393644956,30.755892327026515,-94.8462262223036,0
2024-01-07 05:01:00,7255,26.555475270701372,33.933112627890665,-91.22530438343986,0
2024-01-07 05:02:00,8441,39.96822423806479,30.942256567849157,-90.42416501725846,0
2024-01-07 05:03:00,5692,41.14457037006508,35.64048710448607,-94.44113727602846,0
2024-01-07 05:04:00,5419,13.390924847682282,33.63336431187516,-96.92849754413594,1
2024-01-07 05:05:00,8960,92.10135343660406,32.024936178015125,-97.6067489839885,0
2024-01-07 05:06:00,7078,98.68995315584141,35.95167668218041,-95.22951790299528,0
2024-01-07 05:07:00,2437,37.58647592238633,33.633917898796895,-97.03661433345776,0
2024-01-07 05:08:00,9620,69.54931299371634,31.667882517208014,-95.79163276273727,0
2024-01-07 05:09:00,8032,21.763517334988443,37.00086412564263,-91.65533194934507,0
2024-01-07 05:10:00,6731,15.606370626202258,38.36808309882376,-95.28012414120437,0
2024-01-07 05:11:00,4378,36.600603366796186,32.73742571087495,-93.59121109943848,0
2024-01-07 05:12:00,9584,108.96431794393675,31.864250458018404,-99.09893161427254,0
2024-01-07 05:13:00,7347,50.63136084669893,30.7525186198548,-92.37872770298397,0
2024-01-07 05:14:00,7401,35.21627423857011,35.279021250702066,-95.17095757377085,0
2024-01-07 05:15:00,7629,76.37497190207809,38.31293699746669,-96.39057462030306,0
2024-01-07 05:16:00,5541,21.848548481108704,32.50789895000321,-93.89010571572766,0
2024-01-07 05:17:00,8876,16.018435005449827,34.60637771630427,-98.98014207425945,0
2024-01-07 05:18:00,9533,38.370071654568044,31.6080345344778,-95.8600134757284,0
2024-01-07 05:19:00,9324,23.334878072964944,34.04200823993628,-91.89027568980856,1
2024-01-07 05:20:00,1264,16.617422170792292,30.154451075554753,-97.37935947358808,0
2024-01-07 05:21:00,2434,134.82060551056446,39.107290678534525,-90.85903863904768,0
2024-01-07 05:22:00,6327,494.2327019090557,36.765718950005684,-93.96356400550101,0
2024-01-07 05:23:00,6097,11.535020015828836,33.32813717634772,-94.59216349220377,0
2024-01-07 05:24:00,2660,36.0211494485283,38.81198260056023,-96.00428999285022,0
2024-01-07 05:25:00,6692,65.00481790420862,31.829296294330444,-92.58000555191106,0
2024-01-07 05:26:00,3354,9.770766017867077,30.787337318556744,-94.35532339499798,0
2024-01-07 05:27:00,9457,43.69530231374649,39.426215811458924,-92.03457723820345,0
2024-01-07 05:28:00,7461,46.98804889168194,33.09016961735894,-96.68321081795267,0
2024-01-07 05:29:00,8044,88.23122284324376,39.359733941084535,-92.97985580493062,0
2024-01-07 05:30:00,6497,25.21070192767719,36.376129192728065,-90.56557326862632,0
2024-01-07 05:31:00,5549,31.046420823485875,39.80042932815471,-97.20081202729429,0
2024-01-07 05:32:00,7334,144.23887829700467,37.53429212212421,-90.18998323637013,0
2024-01-07 05:33:00,7010,83.04840430220582,31.05483866928298,-95.8947274646528,0
2024-01-07 05:34:00,5926,113.06621704762338,38.52228666975482,-99.6146765229774,0
2024-01-07 05:35:00,7065,9.449118418163799,31.478785225279683,-96.42298807669583,0
2024-01-07 05:36:00,3179,27.985085342861993,36.92197605774314,-98.50357679357528,0
2024-01-07 05:37:00,5967,248.7043153383514,35.00407449423364,-96.95714625707997,0
2024-01-07 05:38:00,1634,50.20224012995422,37.07725008144484,-99.04030382659585,0
2024-01-07 05:39:00,4631,48.14776845362329,37.649895326681985,-98.21796394493363,0
2024-01-07 05:40:00,5677,50.28701214582939,38.03665211413316,-98.7330104575721,0
2024-01-07 05:41:00,3218,262.43261668599547,38.34980132695715,-99.56523708045543,1
2024-01-07 05:42:00,2389,25.888214210380248,38.472245215496436,-97.03813627214468,0
2024-01-07 05:43:00,5276,106.85390034809996,34.1257442652242,-90.59039975415342,0
2024-01-07 05:44:00,2249,71.08938716746815,38.89228072192208,-90.50606728543973,1
2024-01-07 05:45:00,8640,13.926459884200408,37.19580253545587,-91.53353503523033,0
2024-01-07 05:46:00,6712,40.503424274487664,38.38970931418323,-99.87859477537768,0
2024-01-07 05:47:00,2245,23.71739954859149,39.891913528646,-99.71876530582084,0
2024-01-07 05:48:00,9245,15.283177460537647,31.16414742132551,-99.89642568629179,0
2024-01-07 05:49:00,1442,180.62321732020214,33.70579697685408,-96.33359914493856,0
2024-01-07 05:50:00,7976,16.119783646947702,38.06547020706265,-90.1974203851288,0
2024-01-07 05:51:00,5675,115.50389196618433,30.86303471396258,-91.03162185141882,0
2024-01-07 05:52:00,8953,23.066590423732332,35.4078106547246,-97.49464939885816,0
2024-01-07 05:53:00,5377,212.17546379839274,38.583979589281306,-95.89805134141073,0
2024-01-07 05:54:00,8058,35.880253733490896,30.189912632081658,-91.75571635913474,0
2024-01-07 05:55:00,1822,76.37516477054031,39.39518898559072,-92.41416488128893,0
2024-01-07 05:56:00,3939,30.99169405328296,39.78144823904603,-98.67381963265072,0
2024-01-07 05:57:00,8096,6.252467350250323,33.22280929708238,-98.92223125470323,0
2024-01-07 05:58:00,6765,10.303245403370418,37.66791191390051,-94.56279471587123,0
2024-01-07 05:59:00,2031,8.182019030631825,31.271761026644516,-98.97888181520129,0
2024-01-07 06:00:00,1562,70.37404154647099,37.72864270527175,-91.74981327479281,0
2024-01-07 06:01:00,1340,53.05545228541643,34.815216808340054,-97.4667341028922,0
2024-01-07 06:02:00,5567,98.95644136930692,38.60273078528212,-98.11670241407735,0
2024-01-07 06:03:00,8862,27.682818579823447,32.12606427276201,-98.14328513265677,0
2024-01-07 06:04:00,3296,6.22580468791643,36.72657953242239,-99.54768474698844,0
2024-01-07 06:05:00,1234,200.7217114242669,37.8611917441585,-93.58165180349108,1
2024-01-07 06:06:00,6202,146.93070112435456,32.02492265252327,-98.3550397196118,0
2024-01-07 06:07:00,2291,79.35313744138271,38.182872775698215,-97.66662022272746,0
2024-01-07 06:08:00,5727,165.81531435532148,39.579855009418694,-92.48693963504634,0
2024-01-07 06:09:00,9720,49.32390440717708,36.16078599920631,-99.42518744587277,0
2024-01-07 06:10:00,3939,71.17751395391453,37.8485041679055,-97.97254887328126,0
2024-01-07 06:11:00,6435,27.014280428565915,35.32583859359646,-98.50651479695065,0
2024-01-07 06:12:00,7981,18.714557879430718,35.981033609956306,-99.95150986790443,0
2024-01-07 06:13:00,6392,11.28324326400268,30.13352434525679,-94.6065785148928,0
2024-01-07 06:14:00,8972,25.719228238035225,35.24287266836027,-98.09966001106537,0
2024-01-07 06:15:00,2233,782.091146723817,35.755637498240404,-93.67093496214298,1
2024-01-07 06:16:00,3800,11.938000470787209,36.700475457653866,-94.98220435536278,0
2024-01-07 06:17:00,3775,21.377509677671146,31.693906088326887,-93.32121947250126,1
2024-01-07 06:18:00,7044,61.13362419966264,32.41374262385092,-90.1843566070726,0
2024-01-07 06:19:00,4487,600.3157157393539,37.56004631692263,-97.80125949370897,0
2024-01-07 06:20:00,8383,19.11191089443921,31.676388200273657,-93.34122855073959,1
2024-01-07 06:21:00,4850,29.11839386247031,34.16026072385757,-91.6638912763209,0
2024-01-07 06:22:00,5997,106.85843728827433,32.50490218988895,-90.42613772119917,0
2024-01-07 06:23:00,1890,100.9817877939486,35.45184103621753,-93.77665664018359,0
2024-01-07 06:24:00,6920,27.26158210545455,39.86870881154944,-98.69165978992245,1
2024-01-07 06:25:00,2188,23.712883635283443,38.520378976782936,-99.46152094090088,0
2024-01-07 06:26:00,6644,85.44736172804818,32.6947433996159,-97.2148686107553,0
2024-01-07 06:27:00,1740,40.29330000276345,33.68611810578442,-90.71842697588158,0
2024-01-07 06:28:00,2369,72.78372410557749,39.18633582497839,-94.6306817071619,0
2024-01-07 06:29:00,3000,46.092820435984535,38.982949723547385,-94.20694461365142,0
2024-01-07 06:30:00,2471,77.58162240218034,31.605280384486534,-93.8939747153342,0
2024-01-07 06:31:00,2536,86.04025768906305,38.29271131754533,-96.67784749793117,0
2024-01-07 06:32:00,1318,7.785203083633139,32.97607904787452,-98.18409113834144,0
2024-01-07 06:33:00,6153,34.3630616398828,35.43803159318269,-90.45758306837284,0
2024-01-07 06:34:00,2894,76.22561399182347,30.050983892901982,-92.44614926977192,0
2024-01-07 06:35:00,8991,122.80266167069034,39.98590190896155,-94.88949877721058,1
2024-01-07 06:36:00,9592,39.1742494909183,37.61096469648449,-96.2329483035787,0
2024-01-07 06:37:00,6935,8.631772988055628,32.41733059898725,-95.17227724256458,0
2024-01-07 06:38:00,1723,190.3978490742178,36.83794894139061,-99.66334803498917,0
2024-01-07 06:39:00,3329,128.46435602597555,32.9330736282348,-97.52506492934882,0
2024-01-07 06:40:00,3770,60.67099173729172,30.894558139860166,-97.49293994218809,0
2024-01-07 06:41:00,8545,34.31172849439093,34.253099563671306,-95.546526599766,0
2024-01-07 06:42:00,5846,99.5155378806779,36.13718862443645,-97.63730790435974,0
2024-01-07 06:43:00,1267,34.64136704982947,30.897774582110785,-98.14542841915863,0
2024-01-07 06:44:00,1569,131.1064974274458,35.18406298528943,-92.34472242559322,0
2024-01-07 06:45:00,2973,329.22968613567565,35.148642324455096,-91.06494584511182,1
2024-01-07 06:46:00,9737,33.52764029218685,36.28645240613703,-99.32860040455179,0
2024-01-07 06:47:00,3822,119.15695791840606,32.446456385304636,-97.90346182973016,0
2024-01-07 06:48:00,5460,28.356436038943233,30.206414832458663,-92.2631319446051,0
2024-01-07 06:49:00,1270,152.52923453607895,33.24857506725605,-91.84165210364182,0
2024-01-07 06:50:00,8641,42.6690668512641,33.98581192525697,-94.99839897916868,0
2024-01-07 06:51:00,9930,232.25347320326125,36.35741054680427,-93.0511719292805,0
2024-01-07 06:52:00,7680,41.360782917593625,39.30171862275252,-99.22399693010053,0
2024-01-07 06:53:00,2257,22.24870490723437,32.033855227835176,-91.50471270511815,0
2024-01-07 06:54:00,9250,39.08160649621566,36.8733362876834,-91.67271243581092,0
2024-01-07 06:55:00,6370,43.682106740139695,30.974009093732697,-93.06597952933294,0
2024-01-07 06:56:00,5858,69.15474695533271,31.90621755554817,-90.83673026489706,1
2024-01-07 06:57:00,9581,39.29624550349434,35.091345115695916,-99.52365736551181,0
2024-01-07 06:58:00,9910,69.7897086126875,37.08377579159773,-97.69036495472193,0
2024-01-07 06:59:00,7999,71.0313552036376,38.58568535940939,-96.37454638943466,0
2024-01-07 07:00:00,1120,35.60770397955573,37.43903431979698,-98.41411125917378,0
2024-01-07 07:01:00,7908,75.82318826408236,30.153527868605185,-91.85172338650521,0
2024-01-07 07:02:00,3303,30.379217438373473,36.839313259193574,-92.42806776982265,0
2024-01-07 07:03:00,5861,403.35378974566305,38.246577037003064,-92.26747565535695,1
2024-01-07 07:04:00,3911,73.635215983422,35.25533477389138,-97.08706527291842,0
2024-01-07 07:05:00,9991,100.71803441427276,39.655986909664094,-92.3731369093112,0
2024-01-07 07:06:00,8236,44.90980727232489,30.04312422443833,-98.76942605736465,0
2024-01-07 07:07:00,6565,26.559932649033865,38.186579506243035,-98.93199515187254,0
2024-01-07 07:08:00,7531,125.96453405252315,33.34819731919195,-94.15942633151073,0
2024-01-07 07:09:00,2109,75.9356540262301,36.50449781737827,-99.513313412382,0
2024-01-07 07:10:00,7929,4.001748781008358,36.934818944185,-90.61349406392529,0
2024-01-07 07:11:00,2250,374.52129951301146,33.06249016377262,-96.71153594462993,1
2024-01-07 07:12:00,9177,114.18559186460287,39.954244998135074,-95.22967393018115,0
2024-01-07 07:13:00,2649,37.29791433619727,31.032500280703733,-91.86770763826716,0
2024-01-07 07:14:00,8351,100.04623459655733,31.570290851686533,-95.99947135558969,0
2024-01-07 07:15:00,6911,83.23300036724169,38.92191705251062,-95.69354671281145,0
2024-01-07 07:16:00,3956,89.5935935060822,31.19179876444872,-96.52056029802343,0
2024-01-07 07:17:00,6828,22.861839750647615,33.81286264745969,-96.48276556939027,0
2024-01-07 07:18:00,5994,58.62467065236001,37.33142211896202,-95.32044686164981,0
2024-01-07 07:19:00,7436,73.8527240662012,37.91491860835738,-90.54071447628542,0
2024-01-07 07:20:00,9676,187.1498280492798,39.54669176812793,-90.63981879411236,0
2024-01-07 07:21:00,8614,60.49773839139764,37.895738346742,-94.54838338691101,0
2024-01-07 07:22:00,9994,84.03163872348196,38.44532384119758,-95.44040202004952,0
2024-01-07 07:23:00,2715,21.97106317853012,39.49376005694411,-91.91838847431397,0
2024-01-07 07:24:00,9150,58.398020461840254,35.53687692274114,-93.19070843063385,0
2024-01-07 07:25:00,4483,129.93984117370167,33.434334600985444,-91.18436597878859,0
2024-01-07 07:26:00,8675,27.544924032115166,37.61613144666503,-92.69388158711324,0
2024-01-07 07:27:00,2757,37.03661988164665,31.635415864215567,-90.47655678169347,0
2024-01-07 07:28:00,2809,20.823524524827455,30.682316700040566,-91.13754259363037,0
2024-01-07 07:29:00,6539,14.077581314153818,37.85330865122769,-91.44750821830327,0
2024-01-07 07:30:00,7048,23.0866072530296,39.506713580628514,-96.0845187018299,0
2024-01-07 07:31:00,2151,95.80569496777345,34.42446944966375,-96.13787663311085,0
2024-01-07 07:32:00,6492,42.68682841997648,31.611334534481184,-92.58797160157792,0
2024-01-07 07:33:00,7711,23.163331387198244,34.97020976086863,-99.16250993752222,0
2024-01-07 07:34:00,7302,482.5535228690384,33.93317851953412,-96.77785545368909,0
2024-01-07 07:35:00,5747,27.064525642504048,33.724739397584955,-90.67776162159429,0
2024-01-07 07:36:00,9402,101.95938030515946,36.280808399772155,-95.49898774201246,0
2024-01-07 07:37:00,5681,76.17036429889644,31.74735714710306,-97.30101750825861,0
2024-01-07 07:38:00,3507,69.97790536767539,33.8048154869738,-95.23547798182658,0
2024-01-07 07:39:00,3963,8.750604702841711,38.686768391067304,-97.11410389235166,0
2024-01-07 07:40:00,4428,194.44552792425486,37.296650976171215,-92.31739107874596,1
2024-01-07 07:41:00,8494,75.14953159769243,30.55588466788789,-91.49394913085614,0
2024-01-07 07:42:00,4955,136.8608653607515,35.13903795962487,-92.17341752704888,0
2024-01-07 07:43:00,4705,170.4903043580069,30.912953179068783,-98.50952943244029,0
2024-01-07 07:44:00,5038,302.9810389549074,39.574964289485635,-96.63942834337664,1
2024-01-07 07:45:00,1713,20.118679228829354,32.44640640883005,-97.86028980006886,0
2024-01-07 07:46:00,8260,26.60852453874135,39.326210257134136,-99.57200881193415,0
2024-01-07 07:47:00,8011,30.50764994281167,38.34008408491515,-92.608245753244,0
2024-01-07 07:48:00,9879,22.959086657756508,35.513644346972995,-95.71640418577097,0
2024-01-07 07:49:00,9521,204.72723543388778,33.36304572842968,-97.2337691135202,0
2024-01-07 07:50:00,2746,20.021396668137218,38.5794668069065,-96.92472491808411,0
2024-01-07 07:51:00,2207,37.36546357873568,31.527837009365413,-98.6498353628923,0
2024-01-07 07:52:00,1784,10.681390739972995,31.799741138990303,-91.7323936657709,0
2024-01-07 07:53:00,3696,113.52647031144683,32.247226773668096,-98.5607551416131,0
2024-01-07 07:54:00,8073,48.05578772076531,35.97696897846187,-96.61683712602448,0
2024-01-07 07:55:00,6036,132.0672033767512,33.14325224552514,-99.92612065662556,0
2024-01-07 07:56:00,8127,110.05731413814924,39.89181439478911,-95.63588469751934,0
2024-01-07 07:57:00,4718,10.57569387641141,31.951130352931642,-96.4519943023711,0
2024-01-07 07:58:00,6775,65.6885929185009,38.05610097554154,-92.80897993030146,0
2024-01-07 07:59:00,8910,18.343649080972025,30.958362185067955,-92.84686368252504,0
2024-01-07 08:00:00,3693,62.873725082520515,33.53446562299519,-99.61368768053957,0
2024-01-07 08:01:00,1625,30.38413489030098,32.437625002060535,-98.84136078512098,0
2024-01-07 08:02:00,4708,341.58913610176836,39.76835948630253,-90.95373993365462,0
2024-01-07 08:03:00,7859,783.2307696035126,30.257305797774563,-92.08201669216373,1
2024-01-07 08:04:00,9953,42.743581906734434,37.2166952570056,-96.10515107764326,0
2024-01-07 08:05:00,8692,60.27748157865469,32.47722125400898,-98.33625516256824,0
2024-01-07 08:06:00,7398,5.556242872931415,38.11248662586619,-97.39218713174483,0
2024-01-07 08:07:00,8252,10.54560002636407,33.11224399585184,-93.41973316511726,0
2024-01-07 08:08:00,2555,80.33467130571059,31.87284245011483,-90.54507013828578,0
2024-01-07 08:09:00,9867,52.85932620907971,36.93039851423263,-93.84261916958623,0
2024-01-07 08:10:00,5187,83.20346734667234,32.575765357079405,-99.73554398151568,0
2024-01-07 08:11:00,8767,24.580989507914015,34.855468699784154,-93.492818728793,0
2024-01-07 08:12:00,1036,73.89639007348387,31.31533422314045,-90.55248357098552,0
2024-01-07 08:13:00,2787,4.351411921214295,37.245980110431724,-96.41358987846654,0
2024-01-07 08:14:00,7283,29.689142611949364,34.068362050538724,-90.66444321015084,0
2024-01-07 08:15:00,9060,87.05681645885069,31.40579759437261,-93.29380174783303,0
2024-01-07 08:16:00,9065,297.843331811625,37.41595046790982,-98.10164517362196,0
2024-01-07 08:17:00,4880,48.5708590647634,31.033621920317362,-98.54694412893976,0
2024-01-07 08:18:00,6932,98.47747737438277,35.748204225089665,-98.237004013087,0
2024-01-07 08:19:00,9328,27.956060573879906,36.07485169690051,-93.00775425469159,0
2024-01-07 08:20:00,7333,85.0795279717611,39.30350500374698,-94.10478713710619,0
2024-01-07 08:21:00,6759,33.317691389309346,31.50980498545236,-95.44456429003488,0
2024-01-07 08:22:00,7485,385.56162949259897,36.5334635973027,-97.36645271617921,0
2024-01-07 08:23:00,6067,39.296357953181946,33.807685813952666,-90.92768792008869,0
2024-01-07 08:24:00,1661,46.06951145909493,34.00814347026309,-97.86256504767053,0
2024-01-07 08:25:00,8973,118.4101870125182,35.018251819438085,-97.16393782144011,0
2024-01-07 08:26:00,7386,90.23753709107348,32.337846120490056,-99.45081853346437,0
2024-01-07 08:27:00,8887,37.88540262450595,34.61183238952458,-97.24674696119251,1
2024-01-07 08:28:00,1414,82.25509499345024,36.86846168400835,-90.77102323284596,0
2024-01-07 08:29:00,7850,19.014879917953174,34.571130395484595,-98.123959767445,0
2024-01-07 08:30:00,9534,68.46499122433681,30.425084273310894,-97.96037125382284,0
2024-01-07 08:31:00,3729,94.56382710791891,32.578262475448575,-94.00022603543209,0
2024-01-07 08:32:00,4897,35.77777368850505,33.5146021275311,-94.33046509472564,0
2024-01-07 08:33:00,3169,37.715799871152704,33.547211368896335,-98.24041446369235,0
2024-01-07 08:34:00,2878,29.092721112928587,30.810068925193217,-98.45735131070698,0
2024-01-07 08:35:00,7454,12.989237013502395,34.495705516172634,-98.83023036632021,0
2024-01-07 08:36:00,5570,82.69918325673409,36.91949018988567,-91.38914518487715,0
2024-01-07 08:37:00,2515,33.94707009982079,30.486720180486234,-93.45564778996132,0
2024-01-07 08:38:00,1574,95.24363802237664,37.50924172373231,-90.46554328145767,0
2024-01-07 08:39:00,3867,45.4939736182737,39.55105202963458,-98.34166480494908,0
2024-01-07 08:40:00,4544,100.967199534474,30.09338156371604,-95.393963741183,0
2024-01-07 08:41:00,5477,9.839635569427182,31.936923159321445,-92.5695360534795,0
2024-01-07 08:42:00,1071,17.356388941292366,35.43487782345292,-97.864516787551,0
2024-01-07 08:43:00,3980,23.52577443009315,32.18049486550069,-93.15323256737351,0
2024-01-07 08:44:00,6492,180.73902115231945,37.64626031677868,-95.26196643240534,0
2024-01-07 08:45:00,5759,81.70497461535346,33.12134314959443,-95.69171198335026,0
2024-01-07 08:46:00,9084,41.95042739416412,32.93625282317918,-93.55002355460485,0
2024-01-07 08:47:00,1039,33.86579530152993,30.009238757834417,-95.32305544947307,0
2024-01-07 08:48:00,6373,99.09726442919728,32.70126188188276,-91.79987000797819,0
2024-01-07 08:49:00,8565,30.291279973365498,32.17670521906859,-90.69478632532785,0
2024-01-07 08:50:00,2900,113.93190153986995,33.43240967142476,-94.11141268556008,0
2024-01-07 08:51:00,3217,44.06422764153741,31.476566530243,-96.9940549889806,0
2024-01-07 08:52:00,5796,198.9441493199382,35.94648666422495,-92.22777815930345,0
2024-01-07 08:53:00,5606,21.22902315385947,32.387415434923426,-98.29510254253432,0
2024-01-07 08:54:00,2283,48.0395975799885,38.31750864748176,-99.05009171729581,0
2024-01-07 08:55:00,9775,21.781498217824524,32.84557946737612,-94.81268484946106,0
2024-01-07 08:56:00,9650,278.161580396241,32.1086959945966,-93.53264166261512,0
2024-01-07 08:57:00,1815,55.74891196435394,30.567513619394347,-91.65002029432705,0
2024-01-07 08:58:00,3511,19.938500733896124,37.399066900217434,-90.44787594810927,0
2024-01-07 08:59:00,1246,22.15124770397132,35.08208175037556,-91.26661914139015,0
2024-01-07 09:00:00,5825,91.29079118387078,31.137829973804827,-90.11300426453838,0
2024-01-07 09:01:00,7516,8.859529685668136,32.21334782617512,-95.2430000067544,0
2024-01-07 09:02:00,1416,45.68543832907743,39.98719072059843,-96.8346238168212,0
2024-01-07 09:03:00,7702,23.27944890826011,38.06028726783579,-95.40293721330386,1
2024-01-07 09:04:00,4717,46.54201438046201,33.49869485767589,-93.55869499759119,0
2024-01-07 09:05:00,1107,60.41552442530138,35.42554830615344,-94.9274339045955,0
2024-01-07 09:06:00,5513,49.479168072077044,34.160171589005934,-93.65880178134817,0
2024-01-07 09:07:00,2421,41.839823526715854,30.363895654008566,-91.1327737581616,0
2024-01-07 09:08:00,8283,64.43020759072124,37.78677009212906,-98.34188133707909,0
2024-01-07 09:09:00,1255,314.16049072518445,37.16986113223227,-98.7973598455071,1
2024-01-07 09:10:00,8248,195.1729379508292,34.088023144958775,-95.0148118708049,0
2024-01-07 09:11:00,3962,38.950167690443145,38.458971368806274,-90.18231882403272,0
2024-01-07 09:12:00,3282,112.73232500387795,35.34739094889214,-99.40956498798198,0
2024-01-07 09:13:00,9744,107.34110174539857,30.652084394118035,-90.13442695012267,0
2024-01-07 09:14:00,9372,37.372318914789275,32.59406290246881,-90.32293385295206,0
2024-01-07 09:15:00,2477,52.890914439978076,34.617728360858464,-97.07400485854377,0
2024-01-07 09:16:00,9762,93.45836954324177,31.03449238710797,-91.08996203686775,0
2024-01-07 09:17:00,5952,26.302362546783378,35.71081192862905,-99.92241416314563,0
2024-01-07 09:18:00,6880,42.92281750966814,31.205681616834013,-95.45938853969244,1
2024-01-07 09:19:00,6592,44.80498955768248,32.00508185484249,-95.97876508762712,0
2024-01-07 09:20:00,8091,41.69244920863818,38.93983661338228,-90.97341993220502,0
2024-01-07 09:21:00,1591,40.0835479391784,39.99812388041234,-95.27703824080554,0
2024-01-07 09:22:00,7277,84.96026031011242,35.50253344046687,-95.82061246511104,0
2024-01-07 09:23:00,3260,56.063767669283465,36.196486101317646,-93.60405389626763,0
2024-01-07 09:24:00,1347,103.47567948205865,37.9743114692643,-96.24200811444001,0
2024-01-07 09:25:00,9357,678.6649842664131,36.96139496204089,-94.63440432230499,0
2024-01-07 09:26:00,6032,31.975576716114123,31.824665446547165,-90.44433424830233,0
2024-01-07 09:27:00,5443,67.87639321185274,34.11671524538444,-97.97382691191575,1
2024-01-07 09:28:00,9774,90.79289505936232,35.35116518908401,-95.4108720135883,0
2024-01-07 09:29:00,7869,162.70463167044085,33.59711992146708,-99.84622665652985,0
2024-01-07 09:30:00,6696,84.30617312500881,31.76106169757795,-91.57762918425529,0
2024-01-07 09:31:00,4038,18.304542097959267,37.36113344061373,-99.07982638894912,0
2024-01-07 09:32:00,3845,28.150979718817958,31.988464050793578,-99.05237655022269,0
2024-01-07 09:33:00,8864,63.20958516574569,32.604859287018044,-91.17160621881092,0
2024-01-07 09:34:00,7609,27.361617992608764,32.86519615128432,-95.90703971473995,0
2024-01-07 09:35:00,2265,12.473060249579962,31.617792304759675,-93.12704552715695,0
2024-01-07 09:36:00,3274,24.376397687345698,38.495516229953324,-91.42153629773945,0
2024-01-07 09:37:00,3470,24.50891796238366,36.10616318864696,-96.25522445474388,0
2024-01-07 09:38:00,3577,19.898204107836264,38.347481299921384,-97.38452544197133,0
2024-01-07 09:39:00,4660,683.1756910344484,34.937293135091096,-98.30482006604659,0
2024-01-07 09:40:00,2068,74.83572896627744,35.19563040120735,-93.92880586998321,0
2024-01-07 09:41:00,6591,61.287069959397066,36.161446301343645,-97.47727548683166,0
2024-01-07 09:42:00,6974,136.9349358266921,33.709195439307024,-93.65712014178638,0
2024-01-07 09:43:00,5829,329.7349690298851,34.96584094831103,-96.82857834588454,0
2024-01-07 09:44:00,2950,80.3724242419666,35.46915129067682,-96.52223210724999,0
2024-01-07 09:45:00,9283,151.04106268620242,39.53542436177251,-97.50885600729443,0
2024-01-07 09:46:00,4093,33.04864305315228,38.8290813182453,-95.8153179305595,0
2024-01-07 09:47:00,6311,22.058364282305668,31.292458474745228,-98.37870077913283,0
2024-01-07 09:48:00,2387,135.5286590953186,30.41282466792517,-96.8029337247759,0
2024-01-07 09:49:00,5274,132.95742802659737,36.80333951758179,-92.22119824675069,0
2024-01-07 09:50:00,3285,121.05008641776054,30.491986666448774,-97.84381108370891,0
2024-01-07 09:51:00,4206,61.90399893566453,30.60351064952658,-90.52886782343559,0
2024-01-07 09:52:00,3924,25.039626332400815,31.59263396844143,-95.07078220506386,0
2024-01-07 09:53:00,8045,33.765591792901645,33.51707090866734,-98.93079953565238,0
2024-01-07 09:54:00,9471,173.3082279921724,34.34996111851209,-90.56938788008742,0
2024-01-07 09:55:00,2618,30.23914271294741,35.19378034714437,-95.43321734605827,0
2024-01-07 09:56:00,9562,65.77584511126807,39.92288192972174,-94.43034807566757,0
2024-01-07 09:57:00,6896,25.257038200777366,33.852327547120865,-98.14805225427483,0
2024-01-07 09:58:00,8843,45.09719221439897,32.427530965197604,-96.66691012121613,0
2024-01-07 09:59:00,8063,18.531226565475688,35.75252408584729,-92.96361964598985,1
2024-01-07 10:00:00,9495,50.67325810985651,32.15150952607005,-98.76030604487842,0
2024-01-07 10:01:00,2348,33.86771874720163,39.405434317918846,-94.2954115065726,0
2024-01-07 10:02:00,6556,9.9090792612808,32.59254302045569,-93.06477233795852,0
2024-01-07 10:03:00,6289,105.09126585468816,39.899341356532716,-99.98163359741181,0
2024-01-07 10:04:00,3422,100.41532070956492,34.186681903808456,-91.62423568813844,0
2024-01-07 10:05:00,4628,57.75043643059838,38.126860073637516,-99.4366670407553,0
2024-01-07 10:06:00,3428,17.74025905460932,36.4828032504577,-97.53079808796434,0
2024-01-07 10:07:00,4033,17.98723017423463,39.334941744447356,-90.36455101710283,0
2024-01-07 10:08:00,7157,561.4789550101644,36.25426952908685,-99.18959203655403,0
2024-01-07 10:09:00,9860,3.966633047446803,35.812179794418505,-91.74059440503532,0
2024-01-07 10:10:00,9691,18.345292507503967,36.52852444568512,-93.48001710350086,0
2024-01-07 10:11:00,8813,468.5251386819113,37.86465532144545,-94.01621376675003,0
2024-01-07 10:12:00,2414,640.7383215458041,38.988416321908076,-94.18317558807473,1
2024-01-07 10:13:00,7708,298.6096259429505,32.66814900096492,-98.33541401620097,0
2024-01-07 10:14:00,9721,92.93016502169678,32.0088709188011,-93.31177993906107,0
2024-01-07 10:15:00,7635,28.89255849519587,30.3434969566598,-90.48368256240002,0
2024-01-07 10:16:00,4621,10.1488265299844,33.700792030436006,-99.22965494572256,1
2024-01-07 10:17:00,6315,81.95333108140687,38.461850228380506,-96.67587469016566,0
2024-01-07 10:18:00,1754,25.455933785163303,30.698574286368867,-95.277483049821,0
2024-01-07 10:19:00,3347,233.13606297511024,35.38520076463352,-97.67708823630876,0
2024-01-07 10:20:00,1726,8.554908763823361,36.94788636231064,-92.59108759182067,1
2024-01-07 10:21:00,5923,66.71470057004943,38.368530331210586,-93.1137715674909,0
2024-01-07 10:22:00,3649,138.2058826419091,35.834303219754965,-98.82222881967131,0
2024-01-07 10:23:00,3815,150.30418319897316,31.86320010192953,-94.30537592345613,0
2024-01-07 10:24:00,4279,125.6662512460918,39.645362582182244,-96.31127023297702,0
2024-01-07 10:25:00,3984,76.74292938752897,30.946515104020378,-97.71618031626072,0
2024-01-07 10:26:00,4807,62.036341945990685,37.689996117969585,-91.51706349862876,0
2024-01-07 10:27:00,8876,135.36505711180575,30.865592238433088,-99.45325994403805,0
2024-01-07 10:28:00,7099,76.75462641177994,31.434191076811153,-95.3260972141841,0
2024-01-07 10:29:00,1607,79.26783270747147,38.982155936949454,-95.24688437534087,0
2024-01-07 10:30:00,7169,56.50767556656777,37.5307465860176,-94.29877602642483,0
2024-01-07 10:31:00,8790,37.14748122153612,33.65508271231983,-98.02405803505985,0
2024-01-07 10:32:00,6573,14.154903726805347,36.38724356656204,-91.28798924255288,0
2024-01-07 10:33:00,1634,16.820233429981435,34.57247221710694,-90.34697336302715,0
2024-01-07 10:34:00,2074,37.218158174719385,30.665377608963137,-94.51045107995122,0
2024-01-07 10:35:00,2914,48.399867179506025,37.211276163386955,-97.43874638697355,0
2024-01-07 10:36:00,1588,20.745110891045844,37.63255723736154,-91.23173566056917,0
2024-01-07 10:37:00,4231,19.25166846826432,38.823413861520166,-90.1182710077172,0
2024-01-07 10:38:00,7351,37.91670302646571,35.4063734661128,-92.58120518252822,0
2024-01-07 10:39:00,4838,134.56646583978147,36.73137951001456,-96.66295526440254,0
2024-01-07 10:40:00,2973,6.552704097126423,34.38050418374868,-97.63979706827502,0
2024-01-07 10:41:00,6044,21.36322094359389,33.189092591078264,-98.4338096703044,0
2024-01-07 10:42:00,7103,64.17381867583782,34.11699995188109,-97.65060954494903,0
2024-01-07 10:43:00,7683,197.68835968900902,39.11752356664488,-97.72650227170217,0
2024-01-07 10:44:00,6837,473.82167049212916,31.641712850441888,-90.32581132451267,0
2024-01-07 10:45:00,7783,38.776625985759644,32.48499817620546,-93.56761604621754,0
2024-01-07 10:46:00,6594,38.215031633138274,36.06190791377732,-98.33024529405269,0
2024-01-07 10:47:00,4822,47.57482768939448,31.162813215611862,-95.11958740599633,0
2024-01-07 10:48:00,4389,68.5189600160131,38.918645116524274,-98.1536418372678,0
2024-01-07 10:49:00,6914,52.200907017751085,30.472363718632625,-93.93983198863002,0
2024-01-07 10:50:00,2780,61.34755311182668,37.55312293264906,-96.58593795802781,0
2024-01-07 10:51:00,4688,14.348466562352044,33.737280471493,-98.04407328933411,0
2024-01-07 10:52:00,8211,10.360580815599628,30.511655736114612,-97.5720901197336,0
2024-01-07 10:53:00,6037,111.64343760351069,38.42927893718738,-93.24901311824733,0
2024-01-07 10:54:00,7319,45.02502739605043,36.40460234680455,-95.91964321010484,0
2024-01-07 10:55:00,9640,125.65125767420844,30.088587091481386,-94.86841016680005,0
2024-01-07 10:56:00,1081,68.29086279295265,32.67532848384613,-91.78661101271945,0
2024-01-07 10:57:00,7278,13.026096637295389,33.520456077250245,-93.44578597369089,0
2024-01-07 10:58:00,7999,258.0679862683014,33.22578148899271,-95.37586437885373,0
2024-01-07 10:59:00,2406,56.337337773252024,34.98342029029642,-90.45943194909101,0
2024-01-07 11:00:00,8410,25.861420649021817,35.268029578768456,-97.85494903559693,0
2024-01-07 11:01:00,2480,32.00202502720482,33.96754017793158,-97.11008007475483,0
2024-01-07 11:02:00,4598,16.259094680861423,33.31770338777857,-90.8856854924888,0
2024-01-07 11:03:00,8993,76.15031378297458,35.044093282900555,-91.46774757808481,0
2024-01-07 11:04:00,5183,48.852958101660974,30.336154046286598,-98.69942598073743,0
2024-01-07 11:05:00,4680,411.0106196877928,36.45201760031615,-90.70052889454657,0
2024-01-07 11:06:00,8644,91.82990023081109,36.05982516903644,-99.89831275580312,0
2024-01-07 11:07:00,5310,386.85015156735915,32.79219799725149,-91.77579121552132,0
2024-01-07 11:08:00,2758,20.878949648749018,31.79515447000637,-97.21197581188198,0
2024-01-07 11:09:00,3599,39.22021470085201,30.729849726279348,-98.1134300282081,0
2024-01-07 11:10:00,6616,132.9686519021621,35.87343751306111,-95.51290369810152,0
2024-01-07 11:11:00,6813,98.38707763587524,35.68900272585202,-91.02917107796044,0
2024-01-07 11:12:00,4853,53.751503711774454,35.333180901105536,-92.1410212707514,0
2024-01-07 11:13:00,3292,18.606691119352135,39.85618268187151,-90.32931165973062,0
2024-01-07 11:14:00,2501,6.182513398805968,35.315441110215204,-94.59001167010257,0
2024-01-07 11:15:00,9422,43.81903430685001,37.21790729969691,-94.8944005391644,0
2024-01-07 11:16:00,8550,45.73082319125427,31.129182718335986,-99.8696800837601,0
2024-01-07 11:17:00,5250,62.05665751237168,32.98970789185563,-98.1939241709847,0
2024-01-07 11:18:00,7991,12.863402116525613,32.754466149279715,-95.02379704280816,0
2024-01-07 11:19:00,1114,22.662559490373056,35.75975505858008,-92.47432954678546,0
2024-01-07 11:20:00,5406,80.79023092234547,33.30813228357074,-91.77397421979224,0
2024-01-07 11:21:00,3347,98.0071029806172,36.4106642687005,-97.16733659083185,0
2024-01-07 11:22:00,2041,66.75037734241958,36.90089739201703,-92.87542757675567,0
2024-01-07 11:23:00,7927,38.60744471648668,30.336898371774037,-91.71470559549888,0
2024-01-07 11:24:00,1011,16.65874992448834,36.39757712439445,-96.25195585675301,0
2024-01-07 11:25:00,8980,141.72541575875997,31.167873622788413,-93.04444137291176,0
2024-01-07 11:26:00,8871,112.95334200549073,34.651353018555675,-95.62718862641469,0
2024-01-07 11:27:00,7375,30.74898325455831,37.2657657076893,-90.14347752627839,0
2024-01-07 11:28:00,8098,125.6145357760485,37.03344995945146,-99.93332454848729,0
2024-01-07 11:29:00,4676,50.95392934997512,32.99822544997461,-95.85654960360561,0
2024-01-07 11:30:00,7109,27.596182062532918,32.72365850460818,-97.36283597120423,0
2024-01-07 11:31:00,6397,137.92728575385124,34.40226507855622,-91.50263446778384,0
2024-01-07 11:32:00,4065,60.350380951040115,31.886670830177874,-97.12874166877027,0
2024-01-07 11:33:00,3036,35.583920046350855,39.7469901270848,-94.56154526421952,0
2024-01-07 11:34:00,4046,15.145273121965193,33.44917071313978,-92.59730551802738,0
2024-01-07 11:35:00,1540,16.614661428116477,39.22993274012177,-95.02769726033704,0
2024-01-07 11:36:00,1076,127.35872819776284,39.082649629599615,-95.89597450314227,0
2024-01-07 11:37:00,4067,85.87678970378799,33.64848987562314,-99.57481995043689,0
2024-01-07 11:38:00,1023,16.951508109257787,32.54084632272906,-99.77067831245319,0
2024-01-07 11:39:00,6134,16.63293752983177,37.70835634526263,-90.42677804942961,0
2024-01-07 11:40:00,1675,446.98902714740666,32.293778475636536,-93.56755942499782,1
2024-01-07 11:41:00,7668,86.8884581355929,35.212463899624765,-91.7474620169073,0
2024-01-07 11:42:00,5267,183.0102788075417,31.1068937441989,-95.19561617775156,0
2024-01-07 11:43:00,6988,242.80407761502897,33.859321545494296,-97.38419003829051,0
2024-01-07 11:44:00,8652,21.581348527798635,30.781549236551168,-97.054622202401,0
2024-01-07 11:45:00,9680,311.92380211604916,32.83439592686057,-99.56508381494073,0
2024-01-07 11:46:00,2485,18.58178193463434,36.65293738190546,-92.09116483671451,0
2024-01-07 11:47:00,4659,113.20501267034959,39.9130715655018,-94.18429219301615,0
2024-01-07 11:48:00,3419,48.619262081451055,32.548075965065784,-95.19198223111572,0
2024-01-07 11:49:00,8740,112.56059219471801,34.73321290549339,-91.47702955332115,0
2024-01-07 11:50:00,8143,44.225084567788855,34.48046114669153,-95.55154972372917,1
2024-01-07 11:51:00,4495,94.53996305125456,31.841536342075614,-90.52069850165663,0
2024-01-07 11:52:00,1756,213.12967870175467,36.100690361975076,-99.8676347061754,0
2024-01-07 11:53:00,9448,167.27709272922183,37.247049468219714,-90.153836388378,0
2024-01-07 11:54:00,2779,51.320769437147526,31.472194834364515,-91.84116467552693,0
2024-01-07 11:55:00,7487,21.04007213771068,37.57124572580801,-96.45060797824216,0
2024-01-07 11:56:00,1258,40.54640235991935,37.001616357954916,-94.04636439881418,0
2024-01-07 11:57:00,5075,85.12923459179842,31.973428808276232,-91.35394987844747,0
2024-01-07 11:58:00,9498,104.79449782174389,36.489476251179035,-95.18401646919524,0
2024-01-07 11:59:00,9014,159.17747342056185,33.93671679363523,-99.48950288011845,0
2024-01-07 12:00:00,2118,26.283545814978677,36.8113775249443,-90.96303917791107,0
2024-01-07 12:01:00,8631,21.49149698737703,34.96096852235854,-94.82983753122444,0
2024-01-07 12:02:00,4017,19.69212872475235,30.48137675234051,-94.54842758798459,0
2024-01-07 12:03:00,5341,44.83280162552826,37.86966988137793,-99.8628182330131,0
2024-01-07 12:04:00,2658,67.6413382782751,35.55599924719084,-98.99933930056498,0
2024-01-07 12:05:00,9378,79.04026334168938,37.247946228587324,-92.2260215446798,0
2024-01-07 12:06:00,2797,13.271553026421246,31.260717748802584,-95.65050651325218,0
2024-01-07 12:07:00,1784,21.044433494102083,37.212724726031006,-90.01941687122036,0
2024-01-07 12:08:00,6691,27.043456122677675,34.13666188516482,-93.04322324286696,0
2024-01-07 12:09:00,4196,316.58871170091453,37.992670440257235,-90.50398855609085,0
2024-01-07 12:10:00,9532,37.296662941362904,35.99165875322987,-97.2064787222973,0
2024-01-07 12:11:00,1562,12.469249379967918,33.549021252698005,-98.23846434948035,0
2024-01-07 12:12:00,5746,79.95684008543,32.019169522472794,-96.23410574519463,0
2024-01-07 12:13:00,3999,48.978397524260075,38.15924168639243,-97.3523145449512,0
2024-01-07 12:14:00,2193,16.862476009358797,35.60192663576526,-93.86634319459594,0
2024-01-07 12:15:00,1068,33.9997147875103,39.87468072630264,-92.55557953789436,0
2024-01-07 12:16:00,6679,38.80770323287282,33.734886703454315,-95.97902487057667,0
2024-01-07 12:17:00,3428,48.272835005813576,36.857192215857964,-99.1015397316668,0
2024-01-07 12:18:00,7200,138.37549852438806,36.22820871776481,-99.73668038536033,0
2024-01-07 12:19:00,6396,95.63366000616031,36.375817092874485,-97.81972293105142,0
2024-01-07 12:20:00,7993,61.86984297949704,37.36979964535657,-92.675125640946,0
2024-01-07 12:21:00,4598,146.3657618573231,31.39108279982954,-97.78447586695187,0
2024-01-07 12:22:00,1573,36.241085919721634,35.496440439982706,-90.89025737808312,0
2024-01-07 12:23:00,5214,26.43977043778835,35.09129670394423,-93.48356490710377,0
2024-01-07 12:24:00,8636,74.3466747307138,33.425297890905405,-91.37910362833885,0
2024-01-07 12:25:00,2478,68.82315617951932,34.36150266519236,-96.14185275191495,0
2024-01-07 12:26:00,7127,12.479567013238219,35.18812076651217,-90.16450137476949,0
2024-01-07 12:27:00,7676,243.04202306876866,33.20922314965361,-93.20501589094677,0
2024-01-07 12:28:00,3196,19.712485158398604,32.931588320185476,-96.43040124493606,0
2024-01-07 12:29:00,9166,92.70959638515902,37.38272574666512,-97.87460867160068,0
2024-01-07 12:30:00,9846,94.89411370054691,30.669181427197426,-91.33468668691029,0
2024-01-07 12:31:00,7050,2.492785027621347,33.12963078503782,-96.81901724124583,0
2024-01-07 12:32:00,5650,68.52638834689937,36.53711146133795,-99.5563575744674,0
2024-01-07 12:33:00,9484,280.73594200548945,32.08772968331043,-97.2134128725877,0
2024-01-07 12:34:00,5526,26.83942206214567,35.72272635285582,-98.20548630037534,1
2024-01-07 12:35:00,5412,8.183564748910507,33.021641416485494,-96.80268784024011,0
2024-01-07 12:36:00,6443,48.56071004918833,38.4330127335021,-93.86733820375753,0
2024-01-07 12:37:00,9787,87.01245321998354,33.49989332129135,-94.9956811256125,0
2024-01-07 12:38:00,3593,50.03718143831461,32.2951656173091,-92.89149617657694,0
2024-01-07 12:39:00,7852,21.108371386865734,35.30103777089391,-96.66167861363242,0
2024-01-07 12:40:00,7629,19.48633785920258,31.356605130055595,-98.80191580210037,0
2024-01-07 12:41:00,4869,10.781529416535983,37.974839674050585,-98.3973222906531,0
2024-01-07 12:42:00,8971,8.373296056960159,36.800282512726604,-92.02717235235377,0
2024-01-07 12:43:00,8822,38.742859668481856,37.705089046949155,-99.02009342319435,0
2024-01-07 12:44:00,3989,83.43195322086946,33.988781997971245,-92.0187378231356,0
2024-01-07 12:45:00,8062,64.01777601851151,38.35003413854942,-97.87370649519019,1
2024-01-07 12:46:00,6340,70.16789825221363,34.93548130737153,-93.21595381973431,0
2024-01-07 12:47:00,4823,102.70164329892192,30.946990349202373,-93.76903711268073,0
2024-01-07 12:48:00,4932,201.9915732995672,32.24029248991849,-99.01739563239559,0
2024-01-07 12:49:00,9554,56.1283582151958,37.11052801528219,-93.34136497916157,0
2024-01-07 12:50:00,3429,77.07211888271695,38.96422298808503,-95.52492507925184,0
2024-01-07 12:51:00,8444,77.58690287551569,30.951855924186088,-92.9283806371887,1
2024-01-07 12:52:00,8147,63.26355449594913,38.64214791097211,-91.64526131422703,0
2024-01-07 12:53:00,8631,55.65845119319647,37.99069829178498,-99.60500630794652,0
2024-01-07 12:54:00,4598,60.35920853250283,33.56561059985086,-93.52037168121561,0
2024-01-07 12:55:00,5329,260.21840703464204,36.89276804396656,-98.9504217239622,0
2024-01-07 12:56:00,7718,228.7103801476764,31.869513438015332,-96.21124425603168,0
2024-01-07 12:57:00,9218,9.903441033079014,38.13393299933946,-99.87321493972698,0
2024-01-07 12:58:00,1092,67.93949345134165,36.573390218490104,-96.71356188619905,0
2024-01-07 12:59:00,9500,54.981454998185875,34.38829379467065,-98.30645150710441,0
2024-01-07 13:00:00,1051,192.5146634397828,38.645173155467035,-94.43735705153297,0
2024-01-07 13:01:00,1318,52.67878892619054,31.392345013009017,-94.87728513864964,0
2024-01-07 13:02:00,6688,70.20999760925432,38.45785632436303,-92.06725579696216,0
2024-01-07 13:03:00,8018,28.504982849103342,30.23886406522268,-93.600386865025,0
2024-01-07 13:04:00,8210,123.15422255373959,37.53200404326796,-92.85374116579354,0
2024-01-07 13:05:00,4956,15.738075701039966,35.73364076745368,-99.07519922448786,0
2024-01-07 13:06:00,7057,40.23151237337801,36.96723273220609,-99.7223517291297,0
2024-01-07 13:07:00,7875,19.025395919113123,34.12344525731066,-90.30458460349892,0
2024-01-07 13:08:00,5431,40.410453811090576,38.644411258921636,-95.72967591491579,0
2024-01-07 13:09:00,2525,31.533302855087182,33.13149024139813,-96.05025631320588,0
2024-01-07 13:10:00,8043,126.07884553550045,32.74955285198527,-99.64987589274841,0
2024-01-07 13:11:00,2278,43.86359253682778,33.017506457478426,-98.81089193823317,0
2024-01-07 13:12:00,9705,242.69820903781192,37.74363842842584,-90.59526072439074,0
2024-01-07 13:13:00,7125,42.9089193623235,34.95291731350712,-93.05154934032983,0
2024-01-07 13:14:00,8874,18.490137576241086,35.370853258541466,-95.90787950427651,0
2024-01-07 13:15:00,7900,42.832406799278324,38.31655418408855,-90.95515867271718,0
2024-01-07 13:16:00,3500,87.95455249735848,38.333655523166115,-94.10107156148197,0
2024-01-07 13:17:00,4464,294.8745458097393,31.617381045684443,-92.53531951414513,0
2024-01-07 13:18:00,3259,28.650292497674563,35.49767672888317,-95.68400435910661,0
2024-01-07 13:19:00,8496,286.7753501707199,31.260182064338032,-95.68471933766514,0
2024-01-07 13:20:00,3659,45.15412129665705,38.685284711947574,-99.31649500216464,0
2024-01-07 13:21:00,1255,34.98066544949793,38.37005702097538,-92.66026730830343,0
2024-01-07 13:22:00,2502,118.58869058271023,38.49348858221133,-99.00882596539589,0
2024-01-07 13:23:00,5656,226.63885304191353,37.048585003799666,-92.35732611772362,0
2024-01-07 13:24:00,6430,95.30899070536877,34.66877306042456,-98.09141912117737,0
2024-01-07 13:25:00,9598,13.264525842031109,34.04721226344549,-97.52632748321153,0
2024-01-07 13:26:00,4176,76.17517972676107,33.9522456391361,-90.82110244395028,0
2024-01-07 13:27:00,2860,480.42156943935913,30.66212788608761,-95.28432335518558,1
2024-01-07 13:28:00,7158,5.597215369420526,39.488702864645106,-98.74757473795198,0
2024-01-07 13:29:00,6806,79.31433684483105,34.502756567234684,-90.94918450480414,0
2024-01-07 13:30:00,5354,41.07645924441962,39.301148992783794,-95.4760298077885,0
2024-01-07 13:31:00,1722,21.416488742758723,38.79257539161727,-98.6944867135454,0
2024-01-07 13:32:00,8579,153.45174536142414,38.28610387792014,-96.09177028467691,0
2024-01-07 13:33:00,1613,9.604257359280481,35.88308884830827,-94.1067074694337,0
2024-01-07 13:34:00,4331,38.46664308549804,31.015558859506406,-96.3765797078663,0
2024-01-07 13:35:00,6790,148.5805972011183,33.23911449551536,-90.75673441838865,0
2024-01-07 13:36:00,4116,132.52927721302473,36.035862092860725,-97.30316176287248,0
2024-01-07 13:37:00,1330,99.13265205566738,30.13455808414671,-98.2417458445123,0
2024-01-07 13:38:00,3212,64.89546551814071,30.426309136684974,-97.79048828362446,0
2024-01-07 13:39:00,6493,48.231108785088075,36.77663382200578,-99.16250053400503,0
2024-01-07 13:40:00,8232,34.11710329386355,38.88202851501846,-95.47703865841169,0
2024-01-07 13:41:00,6614,20.669957057297395,38.551631293232035,-91.21666072025307,0
2024-01-07 13:42:00,6913,123.13232213871561,31.68145276477412,-96.94660394521273,0
2024-01-07 13:43:00,6913,67.42133064601103,39.112334525923416,-97.41662381505508,0
2024-01-07 13:44:00,6611,126.83995558148071,36.96302200651271,-91.62615335752534,0
2024-01-07 13:45:00,1319,24.996047335068464,37.163259543256835,-96.94005144569068,0
2024-01-07 13:46:00,9085,24.457255320891253,33.04041200737415,-95.23108020444978,0
2024-01-07 13:47:00,5200,89.71336054073659,37.159967756838185,-99.68761903031974,0
2024-01-07 13:48:00,5791,5.59864526344577,37.097722775838925,-97.12928251446125,0
2024-01-07 13:49:00,1329,4.3543538578872,35.9466552561312,-98.69440029940175,0
2024-01-07 13:50:00,9851,150.37723755627158,33.57288403259044,-98.94153888027496,0
2024-01-07 13:51:00,7742,26.91845505723273,38.110144376849604,-95.68582600680381,0
2024-01-07 13:52:00,5916,66.22367813019629,39.37517937980269,-97.22667610087947,0
2024-01-07 13:53:00,2793,79.80999065372575,38.69888425026996,-98.33553235900078,0
2024-01-07 13:54:00,7457,153.71970760750133,32.42979194213058,-94.88514729729717,0
2024-01-07 13:55:00,9125,35.164415425571484,34.45673829049656,-92.15956017055451,0
2024-01-07 13:56:00,6703,37.13994883207548,33.424143522941215,-92.65140850045384,0
2024-01-07 13:57:00,7170,29.506055066796225,37.07479550209614,-97.49237067617385,0
2024-01-07 13:58:00,7644,101.60587799396619,38.31490337671006,-97.36865353160928,0
2024-01-07 13:59:00,8420,106.21809447561033,32.15796132439469,-92.68098185741394,0
2024-01-07 14:00:00,5155,196.02396517792033,39.472755353525585,-94.42831473464346,0
2024-01-07 14:01:00,9411,15.697452325051017,36.77329133299568,-92.57583505373209,0
2024-01-07 14:02:00,3611,509.66949931862945,32.184478715768705,-99.98634635161048,0
2024-01-07 14:03:00,6691,39.946999913263944,33.710946113074264,-99.12861880138033,0
2024-01-07 14:04:00,3593,52.02075074007326,31.04606858056549,-91.98029935374585,0
2024-01-07 14:05:00,1095,64.2914988155077,35.97068985029608,-91.48881209224113,0
2024-01-07 14:06:00,7041,21.959771621555404,31.69191522792624,-96.56559821758215,0
2024-01-07 14:07:00,6063,36.17544835405997,36.93089938163041,-90.41665141042719,0
2024-01-07 14:08:00,9437,235.23887041733073,37.37246743224655,-96.98430567378544,0
2024-01-07 14:09:00,4349,238.9346965825938,34.793348183234315,-91.09716759814529,0
2024-01-07 14:10:00,8644,67.02797494750693,30.938167711441853,-95.7829091509356,0
2024-01-07 14:11:00,7560,155.05610997371403,36.108731899715515,-94.38191341581441,0
2024-01-07 14:12:00,6247,82.33907860109498,33.72205252123814,-93.56727730668412,0
2024-01-07 14:13:00,6356,51.56532349738874,39.49647471214046,-98.66891722293349,0
2024-01-07 14:14:00,5077,25.693574887151968,35.13205706702041,-99.62888598039957,0
2024-01-07 14:15:00,5898,23.070271538752436,30.72266068864174,-95.73199712559837,0
2024-01-07 14:16:00,2417,25.59279878373173,36.360490831971795,-98.3964347657668,0
2024-01-07 14:17:00,9846,274.47417321321274,37.79353702526498,-94.51066183521633,0
2024-01-07 14:18:00,1110,130.743523382358,31.605028094056024,-95.46358050420739,0
2024-01-07 14:19:00,9281,230.66789012000257,34.49057364344387,-98.7790237709851,0
2024-01-07 14:20:00,9954,81.42474442306539,37.43196953237821,-93.34214953054979,0
2024-01-07 14:21:00,8391,22.635141176134834,30.20493615388881,-99.79505211279516,0
2024-01-07 14:22:00,6132,99.81527980437313,30.289697960973772,-98.73616693329515,0
2024-01-07 14:23:00,3504,194.36567772878192,36.76912066882861,-92.99835779155326,0
2024-01-07 14:24:00,9289,103.51861525906065,37.25126498325097,-94.72144580213546,0
2024-01-07 14:25:00,6239,14.631978490875767,38.45869437319722,-97.18067032179071,0
2024-01-07 14:26:00,1292,12.500356828358449,33.99599815792627,-98.19753869336131,0
2024-01-07 14:27:00,2734,103.17175943072455,33.897766650455054,-93.57716269774434,0
2024-01-07 14:28:00,6120,39.94406898175175,35.523679727296575,-97.94403335003119,0
2024-01-07 14:29:00,7393,74.61853549678014,37.57326955034931,-90.15388920253437,0
2024-01-07 14:30:00,3196,26.483073426128165,36.40992196938219,-91.30688779157806,0
2024-01-07 14:31:00,4466,61.97552950003403,33.273233038438526,-98.67842050182422,0
2024-01-07 14:32:00,2906,18.168988885608705,33.46547256435845,-91.40847437056118,0
2024-01-07 14:33:00,2721,69.90396692817615,37.63004935567106,-96.54957218292009,0
2024-01-07 14:34:00,2816,113.10812564569153,35.34646661761603,-95.1001817978826,0
2024-01-07 14:35:00,9444,119.55120921251421,30.979761755798094,-98.57175704847633,0
2024-01-07 14:36:00,5227,14.78057286763339,31.5299495415229,-98.81427758694868,0
2024-01-07 14:37:00,6775,87.26522130774332,38.51190375938316,-91.34507033937717,0
2024-01-07 14:38:00,4849,30.33834413962743,39.98803431698492,-93.70097758966301,0
2024-01-07 14:39:00,6228,251.38644967929258,33.35682905741255,-95.39538989983221,0
2024-01-07 14:40:00,7849,142.03721866373832,33.867016615568254,-99.63836143626504,0
2024-01-07 14:41:00,2058,56.02825106742577,31.54488024789586,-90.7803801275716,0
2024-01-07 14:42:00,3322,483.9720526934985,32.35713084060421,-96.2391177286737,0
2024-01-07 14:43:00,9378,26.37205493147812,34.24629845775888,-95.83350829402885,0
2024-01-07 14:44:00,1948,51.57374730629304,32.84389644410763,-97.10190470608796,0
2024-01-07 14:45:00,9179,93.81516843518448,37.01424854590515,-91.08709980105918,0
2024-01-07 14:46:00,5359,417.58455397916754,35.37849441504168,-96.55415231282144,0
2024-01-07 14:47:00,6660,235.94775266390604,38.222971282932434,-98.25750692141187,0
2024-01-07 14:48:00,8254,121.72205081379056,37.245249177190196,-94.99442805075556,0
2024-01-07 14:49:00,9401,22.704709868300895,31.281006119604804,-92.1850734069388,0
2024-01-07 14:50:00,3093,22.671568788957643,31.233889655767186,-96.28661523655212,0
2024-01-07 14:51:00,2563,109.44104819938812,38.95648638507457,-93.47953857123626,0
2024-01-07 14:52:00,9217,15.60401890227973,38.19511239447702,-96.95775696892714,0
2024-01-07 14:53:00,1174,75.21611023294018,34.67917323162709,-92.80237690030053,0
2024-01-07 14:54:00,2334,122.02521449146765,31.303641347739728,-93.3127612641658,1
2024-01-07 14:55:00,1321,12.457074328384248,38.98576290685806,-93.1924519857739,0
2024-01-07 14:56:00,6698,104.36130116012517,32.3070055737593,-93.54092357405975,0
2024-01-07 14:57:00,6604,133.73794896724527,30.355347746296548,-98.43687666809102,0
2024-01-07 14:58:00,7742,37.96705798298187,39.24239524987402,-91.12009015325091,0
2024-01-07 14:59:00,8436,46.680982978982094,38.08935620723011,-94.14247266993793,0
2024-01-07 15:00:00,9524,9.137297256222462,36.934816923184485,-96.17612939978629,0
2024-01-07 15:01:00,6674,48.92769528895009,30.34030357352035,-98.27664701647547,0
2024-01-07 15:02:00,6002,11.874237239853338,35.284311783927095,-92.16418900010416,0
2024-01-07 15:03:00,1910,27.386357945525205,36.53636155083771,-94.90951706573978,0
2024-01-07 15:04:00,1949,36.51609541757165,37.593472407820315,-98.52706918933251,0
2024-01-07 15:05:00,6425,17.18698501810613,34.71073884798524,-90.78579144268087,0
2024-01-07 15:06:00,3514,15.689838977151046,39.53349300081557,-98.93917569196553,0
2024-01-07 15:07:00,8701,16.47955994244018,32.44781060973175,-94.75778804560898,0
2024-01-07 15:08:00,1100,185.0659309712512,30.697349173618225,-93.89418603209802,0
2024-01-07 15:09:00,5646,50.904563668636584,33.3276624500865,-90.01015404852826,0
2024-01-07 15:10:00,7945,193.70528546443668,36.618048703067124,-98.59084290237493,0
2024-01-07 15:11:00,3400,36.42094095122831,37.37157204276272,-93.86439802741357,0
2024-01-07 15:12:00,6801,37.21127612840675,37.38496897114809,-95.23284205520642,0
2024-01-07 15:13:00,3343,35.74642454630029,31.10673827622734,-97.42885415623766,0
2024-01-07 15:14:00,1352,2.7678423652309903,38.8508945462827,-90.57789830144435,1
2024-01-07 15:15:00,3955,90.60862751969445,32.808337029228866,-92.09156316938197,0
2024-01-07 15:16:00,2018,49.06139166844864,32.09911107663226,-92.2294221407709,0
2024-01-07 15:17:00,2179,57.47810246586435,36.14457476937601,-91.00813954677851,0
2024-01-07 15:18:00,6193,6.745796535435542,32.11849074433834,-92.7495593742303,0
2024-01-07 15:19:00,4536,53.05714910068415,35.08038492855024,-94.93260539033622,0
2024-01-07 15:20:00,3502,35.21415797185087,34.070296965453736,-96.08463494980047,0
2024-01-07 15:21:00,4819,61.906322229544124,32.320342626285175,-92.95866473036564,0
2024-01-07 15:22:00,7855,50.60607260768206,32.92059632501678,-93.97188197248225,0
2024-01-07 15:23:00,1979,33.60267271537564,34.27407231360863,-94.57123523313042,0
2024-01-07 15:24:00,1976,95.88154536920159,33.46160346315198,-94.10942849754615,1
2024-01-07 15:25:00,3280,152.1240648598522,33.81575784371589,-93.44652407380573,0
2024-01-07 15:26:00,6897,36.31399164591168,37.354346215702385,-90.31295807307943,0
2024-01-07 15:27:00,1107,12.828176898677292,31.683799126923347,-92.46841938404809,0
2024-01-07 15:28:00,2626,13.700900502267897,36.276185873324245,-98.23567311632321,0
2024-01-07 15:29:00,9895,83.33137581733875,36.78157775647835,-95.33231222134336,0
2024-01-07 15:30:00,7229,199.49978843701155,38.020870461767444,-93.2175832406755,0
2024-01-07 15:31:00,7877,8.903117270593828,38.47327175309659,-98.24346065869653,0
2024-01-07 15:32:00,1874,19.729935649767437,31.586655434671147,-90.67293434855577,0
2024-01-07 15:33:00,6543,39.153819975299584,31.38260761118002,-99.22974705482072,0
2024-01-07 15:34:00,4809,7.097697963034131,36.14771013146609,-93.89016790874079,0
2024-01-07 15:35:00,3107,49.56758928129082,37.569165505829645,-90.24064653150106,0
2024-01-07 15:36:00,1559,78.50174064271172,32.72326430239683,-92.72131706732772,0
2024-01-07 15:37:00,9308,88.2168796538107,35.25847205573113,-93.22741825684066,0
2024-01-07 15:38:00,5969,36.606085158217816,37.72239430611771,-90.02579595798917,0
2024-01-07 15:39:00,4046,38.22669132488378,37.675031082404544,-92.08202571946349,0
2024-01-07 15:40:00,1043,19.66287760825797,36.53820166113746,-90.29706568054036,0
2024-01-07 15:41:00,1508,9.288042166547658,30.78787695933365,-93.01107773708561,0
2024-01-07 15:42:00,7107,45.263068155563815,30.50643860275724,-93.34541225732507,0
2024-01-07 15:43:00,4439,82.13338982077987,33.88445310049414,-92.37432522174879,0
2024-01-07 15:44:00,4928,55.479772719228535,30.26687426479219,-98.1124599675063,0
2024-01-07 15:45:00,6411,165.50971508763374,39.04144331854752,-91.94215007981582,0
2024-01-07 15:46:00,1916,77.12189182218795,30.201446647547243,-90.29859671101465,0
2024-01-07 15:47:00,1798,105.5837872183443,30.296128621419815,-93.88356725243696,0
2024-01-07 15:48:00,5971,64.56699500385835,31.653273783714603,-99.87644657006511,0
2024-01-07 15:49:00,2760,350.42956136298,36.2701513158556,-99.27907608155107,1
2024-01-07 15:50:00,4275,33.45412844501743,35.415541405863564,-97.65292777639546,0
2024-01-07 15:51:00,1818,107.63772137086458,36.59487136555351,-95.08902336795694,0
2024-01-07 15:52:00,6040,69.95158416879124,38.93555141108001,-95.86244176802137,0
2024-01-07 15:53:00,4065,114.20758925276849,34.54945650811699,-90.20787999460914,0
2024-01-07 15:54:00,4259,76.21117052431943,30.438759758804984,-90.54412344882194,0
2024-01-07 15:55:00,1906,52.33198927756161,37.63496625211458,-96.07277510360088,0
2024-01-07 15:56:00,1602,79.69638910356798,38.1196446277377,-92.05683520723161,0
2024-01-07 15:57:00,5295,90.31944260456149,30.498883598865657,-93.63636651266118,0
2024-01-07 15:58:00,4527,102.88638055144344,32.42849293637474,-97.56864320787608,0
2024-01-07 15:59:00,5543,235.87132678383412,37.70596799331734,-90.68822744090338,0
2024-01-07 16:00:00,2811,66.26658987560403,33.76155238546312,-97.40482430419746,1
2024-01-07 16:01:00,8963,18.221922790184582,34.726513984644185,-91.29656604621884,1
2024-01-07 16:02:00,6249,64.36633966505204,38.23175742478215,-93.62359270028335,0
2024-01-07 16:03:00,5615,34.99065361931917,30.946195384091425,-93.78872890941663,0
2024-01-07 16:04:00,9916,34.04498110644544,36.772843244653046,-91.6159000723399,0
2024-01-07 16:05:00,7766,39.59013738858719,32.14984386750999,-95.05689794765426,0
2024-01-07 16:06:00,1802,22.137453409698328,30.626514310765167,-91.46626050530371,0
2024-01-07 16:07:00,3582,4.955966754462248,36.624978455910615,-94.49771538608216,0
2024-01-07 16:08:00,7445,238.69887932019682,31.214122529731224,-90.1535213844404,0
2024-01-07 16:09:00,4837,33.49759747085512,37.47007258802517,-93.40069945927094,0
2024-01-07 16:10:00,9718,9.830943737637309,32.02705391255217,-96.25939425080826,0
2024-01-07 16:11:00,2665,65.28792307894383,30.48512020357852,-92.36636022671094,0
2024-01-07 16:12:00,9651,101.05255386857873,30.992974649924857,-94.9010270003907,0
2024-01-07 16:13:00,7975,45.69257215928128,38.41270248745907,-91.93975001574378,0
2024-01-07 16:14:00,3552,15.05015372810688,33.70968216340274,-91.66537333139716,0
2024-01-07 16:15:00,8475,13.255147352240147,33.02266641367418,-93.83086808697098,0
2024-01-07 16:16:00,3808,534.6492740425787,34.91198819712527,-91.27811573689011,0
2024-01-07 16:17:00,6633,13.324846133201074,36.329325688500845,-95.96572975951115,0
2024-01-07 16:18:00,7096,10.708085519599186,30.37102245313097,-99.42622988646114,0
2024-01-07 16:19:00,9823,40.094450061952344,38.98188513450532,-93.37351824541794,0
2024-01-07 16:20:00,3456,124.19440515371004,39.58481364820397,-92.3554819377033,0
2024-01-07 16:21:00,6423,286.71747986035354,34.17306816154869,-99.27198486110619,0
2024-01-07 16:22:00,5317,44.1106639900185,34.12628902515457,-92.29090258119783,1
2024-01-07 16:23:00,2556,43.505865307765085,38.78559921264471,-93.60838305456076,0
2024-01-07 16:24:00,3205,15.120236566611325,34.29311798137448,-98.83588754216058,0
2024-01-07 16:25:00,4955,162.10616870050353,38.561899348114636,-94.60059866373993,1
2024-01-07 16:26:00,7805,50.92116435881546,30.283369444893882,-98.91257895593475,0
2024-01-07 16:27:00,1404,52.61232822560289,34.89650608767965,-96.78381250272699,0
2024-01-07 16:28:00,2620,84.22055358296419,39.524290447723615,-91.96015073759477,0
2024-01-07 16:29:00,3952,73.83523011220284,32.528046587306726,-98.9921096830685,0
2024-01-07 16:30:00,9080,47.45199334799829,32.661548204524316,-95.40612188895958,0
2024-01-07 16:31:00,4118,204.58419115904601,36.301229887126276,-93.94286997917106,0
2024-01-07 16:32:00,8380,10.98260716286938,39.261908833209674,-90.59488552097255,0
2024-01-07 16:33:00,7630,67.4437456664174,31.987422412896432,-92.62734521932076,0
2024-01-07 16:34:00,1565,82.03691110703315,39.2165102585078,-98.60752826325795,0
2024-01-07 16:35:00,5799,36.14746281142873,36.63003744114881,-90.31131466960628,0
2024-01-07 16:36:00,8670,101.13433650270312,39.93047314261054,-95.22042358809767,0
2024-01-07 16:37:00,3868,105.96286451657356,37.36458846452631,-96.30282611431248,0
2024-01-07 16:38:00,9776,165.63960354988018,36.67800540717306,-98.71288793124691,0
2024-01-07 16:39:00,5327,48.83466079173607,38.14903171959966,-90.66517741718951,0
2024-01-07 16:40:00,7413,43.941148329334546,31.751403192902924,-94.13794064660492,0
2024-01-07 16:41:00,8614,93.61536084798739,39.4598561303335,-90.12012474394234,0
2024-01-07 16:42:00,2245,44.8138286196891,31.655955087760624,-98.2613412471261,0
2024-01-07 16:43:00,9243,11.925226705488583,30.256703698964543,-94.54164421482172,0
2024-01-07 16:44:00,1537,129.33725494283794,36.97856841197742,-98.90113802316796,0
2024-01-07 16:45:00,1540,8.720833507681194,31.845954261288338,-94.75724173172792,0
2024-01-07 16:46:00,1814,81.58757056849608,37.58753179631885,-91.10208176107706,0
2024-01-07 16:47:00,2415,691.2444052008021,37.95038977982377,-98.90679148013349,1
2024-01-07 16:48:00,2652,93.05723683162293,32.36699240655393,-97.30351192557859,0
2024-01-07 16:49:00,5062,27.272910459938146,30.867203305752113,-93.17598087793469,0
2024-01-07 16:50:00,3356,34.76585846948497,35.008209662788,-99.23712963919978,0
2024-01-07 16:51:00,4810,79.09295181996431,38.90218510568291,-95.46015075525484,0
2024-01-07 16:52:00,1185,53.44367201557382,38.47291101029379,-96.66938372302354,0
2024-01-07 16:53:00,2551,116.30924270460602,31.17082456500269,-91.61851806235964,0
2024-01-07 16:54:00,8013,232.77763711125837,39.64783264518529,-99.50924006883795,0
2024-01-07 16:55:00,1761,203.24498822839087,32.63949195387368,-91.3660453225623,0
2024-01-07 16:56:00,7163,17.18755017017921,33.493911770230405,-92.96367963805665,0
2024-01-07 16:57:00,8635,55.478678187162615,31.490502430721314,-97.02809472240662,0
2024-01-07 16:58:00,4281,89.37148190354917,33.77802965542646,-98.02231465506506,0
2024-01-07 16:59:00,2536,248.87311920486133,36.3564110631968,-90.49823662094623,0
2024-01-07 17:00:00,7201,78.19255736485982,35.06078260117835,-94.46092016691388,0
2024-01-07 17:01:00,4164,27.55818845992668,38.27539485062785,-96.55222376431664,0
2024-01-07 17:02:00,3770,84.35572974784615,36.41300811256822,-99.55531494480886,0
2024-01-07 17:03:00,8399,336.7313397325885,32.63544471449304,-98.3421574951118,0
2024-01-07 17:04:00,4845,42.41909132431459,35.57438031616833,-94.01834984937494,0
2024-01-07 17:05:00,4435,27.076433781118993,30.641911258882097,-94.86890403145611,0
2024-01-07 17:06:00,5710,52.85373754495779,35.80790560744461,-92.42389883440453,0
2024-01-07 17:07:00,1561,28.477794273990668,33.896638295404685,-91.65162426961268,0
2024-01-07 17:08:00,5717,124.83444375848109,30.983984920558278,-96.02825197348018,0
2024-01-07 17:09:00,8623,28.685945468322842,33.07463952990781,-98.99070084173572,0
2024-01-07 17:10:00,8187,198.8464593161957,38.980869926009845,-92.0847023992854,0
2024-01-07 17:11:00,3180,89.5938154756487,35.860379474301894,-94.46259899670358,0
2024-01-07 17:12:00,2960,109.6175800933528,39.032648489430514,-90.20208111561034,0
2024-01-07 17:13:00,4879,108.78110550843705,34.108039869745674,-92.03650083787215,0
2024-01-07 17:14:00,6153,127.97944096711379,39.78908599390088,-96.70927278388898,0
2024-01-07 17:15:00,8035,40.069967407065285,33.600190534981905,-95.71509864348758,0
2024-01-07 17:16:00,4270,20.530953177848037,37.56804615145509,-97.64424026541973,0
2024-01-07 17:17:00,5687,33.91445236862965,33.05403083480057,-94.88001502964168,0
2024-01-07 17:18:00,1582,137.8758678940553,31.059905484499588,-92.89275039993682,0
2024-01-07 17:19:00,1288,9.332649545560201,38.33056596735621,-93.87511240237252,0
2024-01-07 17:20:00,6664,7.392008018208493,37.6258152687016,-96.57916537266266,0
2024-01-07 17:21:00,8979,68.34485424778806,38.20629033818304,-91.76700092274257,0
2024-01-07 17:22:00,4859,127.00697549477354,32.99694531685612,-98.94941243300002,0
2024-01-07 17:23:00,4060,145.47302333623986,37.0366162560097,-98.57445307001838,0
2024-01-07 17:24:00,2183,21.098529314236696,32.19922847748565,-95.95840433226746,0
2024-01-07 17:25:00,5335,16.784201762239505,30.113115362614845,-92.97756686308587,0
2024-01-07 17:26:00,2446,27.49156898286719,38.66488775635668,-93.05814321902736,0
2024-01-07 17:27:00,7679,36.86274108013058,35.23525487055993,-96.33476557283642,0
2024-01-07 17:28:00,7213,39.044388238436596,39.83653337482089,-93.03392095550814,0
2024-01-07 17:29:00,2903,61.63180335952172,33.85035694903747,-99.39414224747269,0
2024-01-07 17:30:00,8894,222.65536344202738,39.568730069894706,-97.0997805017514,0
2024-01-07 17:31:00,3377,51.38128980213383,36.15057263472559,-93.06226686725888,0
2024-01-07 17:32:00,1847,139.44215087654393,35.122050718368634,-98.15958598958103,0
2024-01-07 17:33:00,8370,105.07355997856634,33.028096031797475,-97.87287971391544,0
2024-01-07 17:34:00,7341,26.836229331581663,38.252763412727404,-99.13117381065184,0
2024-01-07 17:35:00,2239,103.86527626761803,38.287947463711234,-96.35528983856602,0
2024-01-07 17:36:00,6600,96.96890549035227,34.16929532203511,-91.75072759406827,0
2024-01-07 17:37:00,5791,54.5681207125948,37.272931419439786,-91.63640876177281,0
2024-01-07 17:38:00,3365,64.96392906621597,34.47237935778272,-91.37637467199166,0
2024-01-07 17:39:00,6055,51.53131496057869,37.396592944666764,-99.63295970511119,1
2024-01-07 17:40:00,6622,18.319604428161966,39.94190156718625,-90.06511294113396,0
2024-01-07 17:41:00,1372,581.5376471289192,32.62496313764112,-94.97358761045334,1
2024-01-07 17:42:00,8783,156.88325221014813,36.34052457179731,-91.27272969668265,0
2024-01-07 17:43:00,2949,92.50004823044144,33.79877965106564,-90.9488536529277,0
2024-01-07 17:44:00,1244,36.40664652139632,35.48371563648503,-94.85501760100571,0
2024-01-07 17:45:00,8795,49.80951377268536,38.741472802966626,-99.48910248984144,0
2024-01-07 17:46:00,6772,16.91948091254335,33.47575869444655,-94.02530233585847,1
2024-01-07 17:47:00,1124,87.35138393831167,30.723883021412362,-96.65906545648726,0
2024-01-07 17:48:00,2919,76.41538568171389,37.98937185242959,-97.93233327490707,0
2024-01-07 17:49:00,1530,44.409041115727064,35.55024855203234,-98.17498981758176,0
2024-01-07 17:50:00,8849,56.25615318915471,34.49400947142067,-94.40735771847841,0
2024-01-07 17:51:00,7929,40.507092579266654,31.833330468959275,-98.9552518282777,0
2024-01-07 17:52:00,5349,33.310281115560635,30.928527317045845,-91.7835544586757,0
2024-01-07 17:53:00,5756,25.118700990633847,32.78735559624553,-97.72706649125007,0
2024-01-07 17:54:00,2801,19.671729074671056,37.18904263347552,-94.50709149680056,0
2024-01-07 17:55:00,6156,27.061071211143243,34.117709286401634,-98.74539791633795,0
2024-01-07 17:56:00,8856,29.2205221919048,35.702275873856216,-91.4037080352022,0
2024-01-07 17:57:00,6461,162.25990914680708,30.820455536629808,-93.07912618710398,0
2024-01-07 17:58:00,6302,29.41068424350791,31.232430435294198,-97.93478122623044,0
2024-01-07 17:59:00,8432,7.141241013911094,30.113058308935894,-92.84259243199753,0
2024-01-07 18:00:00,7189,73.0900335408477,36.732844505490654,-99.17099866466124,0
2024-01-07 18:01:00,2142,101.86094690279725,32.6445452248842,-92.27783318546052,0
2024-01-07 18:02:00,8076,143.84921057498312,39.66926585833162,-95.09653221659158,0
2024-01-07 18:03:00,8614,64.46769095577473,33.08455810327195,-98.7981633428724,0
2024-01-07 18:04:00,5840,17.459626174895387,33.63618038866011,-94.49521743134387,0
2024-01-07 18:05:00,2629,24.558803254092037,34.69489831447709,-97.99133695260898,0
2024-01-07 18:06:00,6062,99.50064618449063,33.19140748792193,-93.27227318581578,0
2024-01-07 18:07:00,1762,234.8717874867415,38.17443221877163,-92.91380388792557,0
2024-01-07 18:08:00,7905,17.41107791740242,38.76206809997983,-92.39159946339744,0
2024-01-07 18:09:00,5889,67.48583970448864,30.110360792083096,-91.05129502048409,0
2024-01-07 18:10:00,5839,31.345150474058414,36.54661628561382,-93.45060471850434,0
2024-01-07 18:11:00,4957,23.94908005501308,36.86088279898982,-95.082308888121,0
2024-01-07 18:12:00,1557,56.54273964101549,39.61424876598081,-91.45774363735762,0
2024-01-07 18:13:00,5621,47.76784901290251,33.703991972679866,-91.00155925187443,0
2024-01-07 18:14:00,1839,7.209253764494275,31.952799683476922,-92.18246621094184,1
2024-01-07 18:15:00,9194,66.79259992102601,35.20581069542184,-90.57571812690055,0
2024-01-07 18:16:00,9348,75.7998041123498,34.4755568457839,-90.20566055459403,0
2024-01-07 18:17:00,7998,115.27513361812629,37.917314656040574,-97.48688237466313,0
2024-01-07 18:18:00,1510,30.793220414804335,39.03975441235541,-98.16305258602686,0
2024-01-07 18:19:00,2137,11.15812002215007,30.867080276364298,-95.51407638312159,1
2024-01-07 18:20:00,6606,35.826592691407924,38.465794786489084,-90.03073278760621,0
2024-01-07 18:21:00,5666,110.60067175156627,39.08970878221491,-99.11526648234185,0
2024-01-07 18:22:00,9906,50.60924059197942,39.24135878264357,-92.88005995339469,0
2024-01-07 18:23:00,6434,127.65194571930802,37.643098588512046,-91.49164352979038,0
2024-01-07 18:24:00,7446,14.866298027640044,37.420825609040776,-90.0355235508996,0
2024-01-07 18:25:00,3654,122.98929385224409,30.14896775002423,-93.80287528275106,0
2024-01-07 18:26:00,1990,70.03851441083295,39.201916224898284,-96.19905554464421,0
2024-01-07 18:27:00,8820,38.28653318102434,33.51505213808777,-98.33506216406158,0
2024-01-07 18:28:00,3160,159.23053190466354,30.411218966173923,-90.18237930774895,0
2024-01-07 18:29:00,6740,69.40952978591115,34.129793101065175,-90.75796746815196,0
2024-01-07 18:30:00,5457,20.40527121444313,37.32852633270549,-91.95481175712236,0
2024-01-07 18:31:00,3063,145.74726145946667,34.41955201625096,-90.5622532438963,0
2024-01-07 18:32:00,2977,42.874870247926815,37.580110894721656,-99.39145592752017,0
2024-01-07 18:33:00,9567,56.65308539400476,35.09409426911236,-93.68507155527557,0
2024-01-07 18:34:00,9933,23.027897875393357,32.99427148126952,-97.25203703497198,0
2024-01-07 18:35:00,3667,51.84831011276376,32.029123441535326,-92.3440793568741,0
2024-01-07 18:36:00,5919,21.19866448577438,34.21103295353692,-99.04283375550642,0
2024-01-07 18:37:00,9609,45.961597216197724,30.35803451713935,-97.41280031247365,0
2024-01-07 18:38:00,8642,56.29916324013716,34.225439049984075,-91.49747955397325,0
2024-01-07 18:39:00,9798,100.06041040810996,30.686200967646243,-92.50553068027607,0
2024-01-07 18:40:00,9759,13.37504955733823,38.77004707740799,-90.07977972978817,0
2024-01-07 18:41:00,1543,148.8588463361022,35.75481031847512,-93.56016449328166,0
2024-01-07 18:42:00,1883,153.59238451752782,36.460429629302595,-96.96924787304438,0
2024-01-07 18:43:00,5798,45.19610802368912,32.888639904436104,-94.52116455461895,0
2024-01-07 18:44:00,9040,62.11919528398945,32.258210764995454,-90.56033592725402,0
2024-01-07 18:45:00,6718,74.18218621026331,37.07905249173407,-93.48236435298544,0
2024-01-07 18:46:00,3068,59.34508710600077,36.71565483021824,-91.18501102096408,0
2024-01-07 18:47:00,8478,99.82607160057053,31.22678456353965,-99.7711309876981,0
2024-01-07 18:48:00,9120,37.06823817610271,32.38641383101671,-96.30449023817017,0
2024-01-07 18:49:00,8820,25.53044309050385,39.4657578647021,-90.64692790102015,0
2024-01-07 18:50:00,2786,83.7777981954803,33.04177425531548,-99.6071039820669,0
2024-01-07 18:51:00,6715,11.871715424052661,30.258315103193816,-94.80898527799889,0
2024-01-07 18:52:00,9269,101.39710234515057,30.637820508260816,-96.53470480731383,1
2024-01-07 18:53:00,2308,112.45836881646115,37.754947969499334,-93.53795811442072,0
2024-01-07 18:54:00,9839,24.970807144065102,37.57155684565505,-98.3777721249664,0
2024-01-07 18:55:00,9744,226.35095763756928,33.818272694338646,-93.46699668536866,0
2024-01-07 18:56:00,9473,38.430107893887374,31.532007764444394,-90.0815846844536,0
2024-01-07 18:57:00,5861,35.26035374263783,34.98105216918247,-97.28836309045963,0
2024-01-07 18:58:00,3776,28.40254489188842,33.31888655220465,-95.38572053875212,0
2024-01-07 18:59:00,2596,85.46476924906806,33.73968347897176,-99.70300785570355,0
2024-01-07 19:00:00,1479,36.91576459751237,32.609853540879634,-95.65951277574757,0
2024-01-07 19:01:00,4312,12.972945542043806,30.628579127094582,-95.94007535604992,0
2024-01-07 19:02:00,7156,76.83182474372207,37.911592768422004,-94.35292783931408,0
2024-01-07 19:03:00,8919,40.80106005509817,36.18220824829852,-97.43229437241465,0
2024-01-07 19:04:00,7744,161.7296492976994,38.346351237695885,-96.71345899182059,0
2024-01-07 19:05:00,4898,74.34878076909847,35.03201977383593,-93.90103311253502,0
2024-01-07 19:06:00,3072,71.24715015429966,39.84986639105104,-90.91525133936258,0
2024-01-07 19:07:00,6624,150.58188595064374,39.625249094046055,-97.64801850666402,0
2024-01-07 19:08:00,1938,64.07251455179538,32.71783487096542,-93.22541793185684,0
2024-01-07 19:09:00,9176,119.36649708992748,33.86976923534591,-94.76116583890544,0
2024-01-07 19:10:00,1761,28.507091065926424,37.52709412970759,-98.9539083729786,0
2024-01-07 19:11:00,8254,283.1676121519509,37.766034619777756,-94.34566731547892,0
2024-01-07 19:12:00,2669,71.91117109185709,39.10699136240223,-92.91192024848715,0
2024-01-07 19:13:00,8128,16.416184045265233,36.52633833602253,-94.01746107297619,0
2024-01-07 19:14:00,4862,62.66834541058319,34.75120976913207,-98.9558578587019,1
2024-01-07 19:15:00,3685,65.80304535461124,33.77651549654652,-91.45460415956288,0
2024-01-07 19:16:00,7634,61.8551627519207,34.191785513970224,-99.58996404010433,0
2024-01-07 19:17:00,2931,5.474626468188827,38.504051510573426,-97.63995314683302,0
2024-01-07 19:18:00,8308,31.56082250533395,39.80008843607395,-93.84290320913598,0
2024-01-07 19:19:00,4939,13.69662180386788,30.51909184919965,-97.81987352067195,0
2024-01-07 19:20:00,2126,13.896590787540607,35.802446630404404,-98.98201259341403,0
2024-01-07 19:21:00,7021,64.48411876285482,35.20053972061008,-94.88081734342192,0
2024-01-07 19:22:00,7437,31.16076532093175,33.761422748480506,-92.7753984917263,0
2024-01-07 19:23:00,8039,37.94969317125596,38.51576443026174,-95.89244867337288,0
2024-01-07 19:24:00,6373,22.31060749496207,35.75743016894921,-93.01538961976081,0
2024-01-07 19:25:00,2203,216.8730034749741,33.13116062233528,-91.39345816682223,0
2024-01-07 19:26:00,5135,56.819586390365046,34.441040383371,-90.41203359160427,0
2024-01-07 19:27:00,9711,11.903196858163314,33.568035573838884,-97.66735110267241,0
2024-01-07 19:28:00,8904,103.96436710288715,34.300856077161114,-93.94638887012398,0
2024-01-07 19:29:00,3283,38.76342946830654,30.712657903439545,-97.33126017754105,0
2024-01-07 19:30:00,5558,180.1264422732066,31.119158162169217,-91.29081483219127,0
2024-01-07 19:31:00,6347,54.15697801998377,36.2369168330361,-91.09712131916592,0
2024-01-07 19:32:00,8867,27.223967927066482,36.840683773964386,-96.77839079930303,0
2024-01-07 19:33:00,6944,31.751930733616557,36.366204152669646,-93.54656753674713,0
2024-01-07 19:34:00,9674,36.51113028146707,37.630753973972055,-91.12324631824099,0
2024-01-07 19:35:00,3477,89.09972306745654,39.435340214777405,-94.91636366745948,0
2024-01-07 19:36:00,4093,24.900785524095657,38.606183068926555,-92.79529356613251,0
2024-01-07 19:37:00,9534,189.36581233211413,34.185095793712435,-91.9914449620761,0
2024-01-07 19:38:00,8207,78.93065614080673,32.17543136921275,-91.28103903963185,0
2024-01-07 19:39:00,7227,68.33363604538455,33.118522116012514,-94.84792413474138,0
2024-01-07 19:40:00,4535,58.73558830506312,35.87741487945292,-90.58175625483827,0
2024-01-07 19:41:00,8004,53.51159495260715,38.56208334457567,-93.71046765318933,0
2024-01-07 19:42:00,3913,15.340181150763648,37.017241235075474,-98.48272437839121,0
2024-01-07 19:43:00,3340,73.15155577801609,35.43013104769068,-93.87543244071873,0
2024-01-07 19:44:00,6289,374.5535974697106,36.01878359560035,-97.01526155616216,0
2024-01-07 19:45:00,1597,109.05162676468528,35.282612137283046,-96.2791465726109,0
2024-01-07 19:46:00,9836,84.64413988451756,39.7162751132963,-91.91140476462272,0
2024-01-07 19:47:00,8145,11.763879023954447,38.1609145225556,-90.26652531292633,0
2024-01-07 19:48:00,3902,161.76340046934794,37.81277215401148,-91.30146052698466,0
2024-01-07 19:49:00,7645,121.81483241380357,35.17328986863732,-96.74196382626573,0
2024-01-07 19:50:00,9955,175.4629256733102,33.31809457569541,-95.46341189116431,0
2024-01-07 19:51:00,8694,22.11250488992245,30.195140943377606,-90.16502253300771,0
2024-01-07 19:52:00,5830,36.60308394107774,30.4343002435972,-90.764691174247,0
2024-01-07 19:53:00,8546,12.357097500624397,30.302379251624448,-90.2305105489208,0
2024-01-07 19:54:00,8368,11.358210879359302,39.804767667777256,-95.6708251495997,0
2024-01-07 19:55:00,3160,30.663767110431444,31.144823384678904,-91.9943673015911,0
2024-01-07 19:56:00,6878,87.16173138439976,31.42118852975808,-91.28782742658998,0
2024-01-07 19:57:00,8663,36.002223393104096,34.841499874581004,-99.55736647852724,0
2024-01-07 19:58:00,4749,27.962177927496548,34.81401166893159,-97.33912236645733,0
2024-01-07 19:59:00,3922,76.66430198004483,39.19973767285069,-91.16516061940547,0
2024-01-07 20:00:00,7486,2.1336713461125996,30.73532731672923,-96.11257513247386,0
2024-01-07 20:01:00,9112,31.740276592821477,39.57239165156699,-97.21377921535398,0
2024-01-07 20:02:00,9771,76.57717269260714,32.16390238341009,-97.27308506941141,0
2024-01-07 20:03:00,4804,36.473010920213284,39.70153809304833,-96.24595026215084,0
2024-01-07 20:04:00,5878,200.17754135397388,35.41324098802616,-97.56037180473535,0
2024-01-07 20:05:00,3368,28.18264325945454,36.5201274593103,-99.96636687641748,0
2024-01-07 20:06:00,9093,30.20012032500099,33.15728772660647,-98.27404852567093,0
2024-01-07 20:07:00,4932,20.367741080396993,36.11823951099595,-91.17424945345677,0
2024-01-07 20:08:00,6608,25.592570902697858,37.10829779899398,-99.24351402668488,0
2024-01-07 20:09:00,7635,72.02485033389318,30.103701672923055,-95.86997959878742,0
2024-01-07 20:10:00,7395,122.49941812304033,30.34228425181704,-95.43512145834445,0
2024-01-07 20:11:00,7101,471.028154873618,39.864770119382996,-92.2184603620761,0
2024-01-07 20:12:00,6531,97.26275119469841,34.575571048928154,-97.47410022508183,0
2024-01-07 20:13:00,5970,16.81312245534645,39.35817525436555,-96.90358211642386,0
2024-01-07 20:14:00,7344,188.98187424472434,37.29897616816669,-99.85724042115949,0
2024-01-07 20:15:00,9408,88.86690001337163,33.729683079673855,-90.97169384985777,0
2024-01-07 20:16:00,1375,56.18744650421056,31.508420046585297,-93.14443060677307,1
2024-01-07 20:17:00,8887,158.74649632066212,39.78151733050212,-97.37153771238745,0
2024-01-07 20:18:00,2609,582.8641022798611,35.844962570983874,-91.12485053363385,1
2024-01-07 20:19:00,3939,45.19600763740255,31.923566233684998,-99.13418524556569,0
2024-01-07 20:20:00,5062,23.736917402051112,36.81652980294747,-96.3160434505274,0
2024-01-07 20:21:00,2613,205.90810082447848,30.920485098303377,-94.36402465329624,0
2024-01-07 20:22:00,7578,777.6777628331869,38.680372797401596,-94.9448833123816,0
2024-01-07 20:23:00,8851,63.11034280188895,30.901373472553388,-93.45092451965299,0
2024-01-07 20:24:00,4679,56.31225004529073,32.36194358291169,-97.0240495748693,0
2024-01-07 20:25:00,8540,64.85262232556697,30.914308054273754,-92.42158537350613,0
2024-01-07 20:26:00,8074,85.56959597591623,31.03787216849466,-95.94553817570429,0
2024-01-07 20:27:00,4996,13.350152847750273,35.238341536591825,-98.74702806307026,0
2024-01-07 20:28:00,5786,74.13575769377299,36.869898025593926,-92.59598552069433,0
2024-01-07 20:29:00,6695,71.76926108532378,37.884817833459536,-90.8805701868701,0
2024-01-07 20:30:00,7998,67.75709320410017,36.95055289602094,-96.3557552250531,0
2024-01-07 20:31:00,3366,64.52190472113514,33.63489812036071,-94.10347176177916,0
2024-01-07 20:32:00,7764,60.11608087577333,35.572877870470535,-93.12175471928477,0
2024-01-07 20:33:00,9976,6.677105271281062,39.276640744282304,-91.68476477777801,0
2024-01-07 20:34:00,2614,26.54804189534727,33.87576615754055,-98.02006492710977,0
2024-01-07 20:35:00,5555,128.4909382305876,32.52404369028124,-94.30021641198853,0
2024-01-07 20:36:00,3416,162.46277535521114,35.193193555609206,-92.59636601960072,0
2024-01-07 20:37:00,8288,35.77093788603471,32.973352118420976,-98.00873826306476,0
2024-01-07 20:38:00,7862,20.978022201630004,32.61817051961876,-95.27518528270899,0
2024-01-07 20:39:00,4653,111.82839147024067,37.78803301253263,-95.3563791153116,0
2024-01-07 20:40:00,7639,71.72472737211784,38.908358573975356,-91.60654744410807,0
2024-01-07 20:41:00,1496,48.324103213332485,35.02316682748952,-92.22693599547779,0
2024-01-07 20:42:00,1504,129.26361678023088,37.79782881967358,-97.68073504673983,0
2024-01-07 20:43:00,8699,16.798260904628634,31.870894261972413,-97.67047327330928,0
2024-01-07 20:44:00,6733,174.3316665998214,35.47643013035848,-92.7664587059666,0
2024-01-07 20:45:00,9055,12.157771443220362,36.36199942705666,-92.60387518601463,0
2024-01-07 20:46:00,4216,23.921288990385115,34.906641678167716,-98.21100127600621,0
2024-01-07 20:47:00,6688,19.280685668674447,31.168802163481963,-95.88819609611302,0
2024-01-07 20:48:00,5364,30.494412049402037,37.341002318190775,-91.74229137648993,0
2024-01-07 20:49:00,7042,74.14922646729792,38.39078177189499,-99.20579346145612,0
2024-01-07 20:50:00,2477,107.60034791532892,36.35226254981459,-96.2610543721468,1
2024-01-07 20:51:00,5960,50.32268047755096,31.691610016168273,-93.55458968061681,0
2024-01-07 20:52:00,3397,15.216615897712135,30.74552439848543,-92.28913207813024,0
2024-01-07 20:53:00,9301,7.3854299778618175,33.016039081744786,-93.47342111086806,0
2024-01-07 20:54:00,9841,127.2778061194181,30.369901118504195,-96.02479226984254,0
2024-01-07 20:55:00,7194,112.4585614399035,38.392190104529334,-90.08048903268069,0
2024-01-07 20:56:00,8570,159.31347027788172,37.03060440070209,-99.58467641579527,0
2024-01-07 20:57:00,8730,47.82510987729038,35.63688661000629,-95.05244137253678,0
2024-01-07 20:58:00,2499,106.50107934685809,38.89632503483732,-94.89944984037305,0
2024-01-07 20:59:00,8235,28.80227104185185,31.100934997700712,-97.6020882620459,1
2024-01-07 21:00:00,1595,88.28699125867662,37.144597498760334,-94.4129258737031,0
2024-01-07 21:01:00,1978,33.79531078986718,31.46632206933175,-97.79942592827857,0
2024-01-07 21:02:00,1730,24.185361269630118,30.609254267686847,-95.5658793361754,0
2024-01-07 21:03:00,1056,68.85461315475453,31.329045073713655,-95.6836572629532,1
2024-01-07 21:04:00,3243,65.35083344850399,39.509400907086174,-92.26877643762953,0
2024-01-07 21:05:00,6879,135.85816851623926,34.40433384658039,-90.57408114179307,0
2024-01-07 21:06:00,2701,15.111178470990044,30.48995696222835,-97.97156742318845,0
2024-01-07 21:07:00,8229,137.98087084804266,35.836346482548336,-90.08482719161242,0
2024-01-07 21:08:00,2286,62.17121866902035,31.997140661325645,-90.5968353992694,0
2024-01-07 21:09:00,9303,158.8498198674558,30.06836410259767,-98.87346799836199,0
2024-01-07 21:10:00,1947,157.21830543317054,37.5838579444401,-90.87633964343698,0
2024-01-07 21:11:00,5121,4.789666222669937,31.54863078919864,-94.35422070349435,0
2024-01-07 21:12:00,7553,155.80935092491842,39.42486472359876,-91.21043592533401,0
2024-01-07 21:13:00,1757,162.88904441631996,35.927998687865724,-90.54364783284507,0
2024-01-07 21:14:00,6651,15.513117634558045,30.869958225406403,-91.41092797527662,0
2024-01-07 21:15:00,8273,11.451498145898114,32.17824428672163,-95.97122413246306,0
2024-01-07 21:16:00,4535,118.4776037681338,36.10844637259844,-93.63240806530447,0
2024-01-07 21:17:00,3293,61.16720853835426,33.38112728048477,-95.35229680953452,0
2024-01-07 21:18:00,2104,28.71963535709033,35.32143051049093,-96.3355208741369,0
2024-01-07 21:19:00,9853,230.16190354614182,37.9951204659637,-97.49290052758575,0
2024-01-07 21:20:00,1908,73.88726488326913,37.92601508237553,-95.58492069013005,1
2024-01-07 21:21:00,7539,6.780692884822011,36.97986803983063,-91.94028074746727,0
2024-01-07 21:22:00,5617,19.735404764185247,38.860543061299865,-91.55977304917565,0
2024-01-07 21:23:00,8069,154.8315473901933,31.99360691577896,-90.41994480912224,1
2024-01-07 21:24:00,3311,56.58816802094015,31.77241488551014,-97.0938334755566,0
2024-01-07 21:25:00,1789,26.58285521009263,37.9934951625343,-93.4960249459598,0
2024-01-07 21:26:00,1171,85.84001063896905,33.208893462278155,-93.06221051862602,0
2024-01-07 21:27:00,8989,29.734205438107452,35.12182413112448,-98.0866766596675,0
2024-01-07 21:28:00,2885,15.688092210814654,37.43952148719546,-96.33118087075886,0
2024-01-07 21:29:00,9667,150.91416364555528,33.95932359294348,-96.5774314326798,0
2024-01-07 21:30:00,2049,175.48107725457717,31.301623001942133,-90.14090005259753,0
2024-01-07 21:31:00,5129,88.33488058036193,36.794572017872916,-90.41621436878431,0
2024-01-07 21:32:00,2161,11.768155148569267,38.171593868479576,-91.7823210015504,0
2024-01-07 21:33:00,1815,347.29537371512737,30.12797283580869,-95.2716404470441,1
2024-01-07 21:34:00,4766,335.6395668102466,35.625521161977446,-97.35928186183554,0
2024-01-07 21:35:00,9945,195.0090532321779,34.69405092397564,-90.8403575751284,0
2024-01-07 21:36:00,5661,73.9768576732508,32.595960065272905,-97.31956397915368,0
2024-01-07 21:37:00,9653,59.80410977133228,31.610285671199282,-94.78056981841178,0
2024-01-07 21:38:00,4239,84.54513126335449,31.8803731129111,-97.54927477423436,0
2024-01-07 21:39:00,9272,17.433675216907233,37.24973184224711,-90.28742107375133,0
2024-01-07 21:40:00,3804,31.65872377692031,35.361951341436196,-99.58238391872965,0
2024-01-07 21:41:00,9031,30.378796977755464,39.81154381334946,-98.25650181758854,0
2024-01-07 21:42:00,1869,100.2000781103684,32.432307982521536,-92.34950760759749,0
2024-01-07 21:43:00,6526,69.90002832472092,39.569041767877465,-98.48554713217729,0
2024-01-07 21:44:00,8741,20.941080354850275,35.15109559338374,-90.20650456330881,0
2024-01-07 21:45:00,5694,11.105057179898157,31.460263776489978,-96.78647685191989,0
2024-01-07 21:46:00,9998,77.91526225943836,31.48179042699293,-90.81353839941777,0
2024-01-07 21:47:00,2934,18.855132372453696,36.085679904901575,-93.37721698751707,0
2024-01-07 21:48:00,6172,15.561000194588345,38.314227466318926,-93.65882510751047,0
2024-01-07 21:49:00,1703,444.2894238326072,37.47711525253514,-90.84627551133953,1
2024-01-07 21:50:00,3523,549.8709729476374,36.556273426356,-94.86720667747673,0
2024-01-07 21:51:00,3639,34.84668666392686,31.72108062488239,-95.99221969111993,0
2024-01-07 21:52:00,7159,8.81610861408538,31.08340005770939,-97.82377244594068,1
2024-01-07 21:53:00,4909,183.251240367974,30.002480237084775,-98.5546380548957,0
2024-01-07 21:54:00,2164,76.40908498437365,31.01793861233936,-92.08231185530344,0
2024-01-07 21:55:00,1619,117.92125181638684,37.66366607483384,-98.72061674679976,0
2024-01-07 21:56:00,8982,28.940630535234863,38.952484159890375,-96.0598244775719,0
2024-01-07 21:57:00,4066,19.330845027671142,32.403504588554185,-95.90783170380443,0
2024-01-07 21:58:00,5872,42.972903205042506,37.94894240450086,-93.35500621647282,0
2024-01-07 21:59:00,9638,64.99358769036384,31.988487656079812,-97.21485492808108,0
2024-01-07 22:00:00,3337,26.27324004355407,32.492716833582016,-91.61771061790198,0
2024-01-07 22:01:00,9400,199.6668236062678,32.241580943922024,-97.92515847838939,0
2024-01-07 22:02:00,6594,9.607963245954613,30.51729909049171,-92.10851345067275,0
2024-01-07 22:03:00,3460,82.20847125460145,31.940612681001646,-91.50240825578524,0
2024-01-07 22:04:00,7820,61.94598102573781,33.735433446073095,-98.06819359759464,0
2024-01-07 22:05:00,6546,184.7162478628078,34.0546971538829,-91.9058416597315,0
2024-01-07 22:06:00,4442,20.920435939551812,33.09466413893163,-92.86259851796731,0
2024-01-07 22:07:00,3711,110.58992803219759,35.14725285643867,-91.2562209486787,0
2024-01-07 22:08:00,2291,87.97967558882759,33.77998232499824,-94.90031682812467,0
2024-01-07 22:09:00,6374,69.69578000880409,39.70364646174085,-97.66143492128725,0
2024-01-07 22:10:00,3655,22.4981541145602,38.07350454331265,-90.87960263271056,0
2024-01-07 22:11:00,7513,25.2010551107833,39.309773459429216,-92.09956383091641,0
2024-01-07 22:12:00,8394,40.59674916111026,35.574269462127035,-99.79014628101524,0
2024-01-07 22:13:00,1704,33.02751557364077,36.78339628721307,-90.60586413705518,0
2024-01-07 22:14:00,1825,192.5031556831681,31.666763751011942,-90.51474741350567,0
2024-01-07 22:15:00,1376,62.52445555194264,37.527857572371325,-96.44695869223486,0
2024-01-07 22:16:00,1972,120.87537528242741,32.359711111652736,-99.89981742725752,0
2024-01-07 22:17:00,5213,12.792169087937252,31.45832927734176,-94.47462678789945,0
2024-01-07 22:18:00,1443,8.654059726205062,30.418593487391615,-90.86324226905649,0
2024-01-07 22:19:00,8519,45.704063696817435,34.72230249601965,-98.75559716402888,0
2024-01-07 22:20:00,1754,15.20702812176068,32.8678925962935,-94.09490312742278,0
2024-01-07 22:21:00,5735,56.8194823278808,39.867271726361885,-92.68230719790347,0
2024-01-07 22:22:00,6396,23.497520366599343,32.49834302015813,-98.65310139476125,0
2024-01-07 22:23:00,4465,74.15708637371522,38.66543280318654,-94.86726590348546,0
2024-01-07 22:24:00,3711,24.95719783119879,33.16438769131328,-99.11195726164868,0
2024-01-07 22:25:00,3407,95.68418258152005,37.49126852312412,-94.41873826266004,0
2024-01-07 22:26:00,9814,22.623748806103304,36.59841310069705,-95.57884391590918,0
2024-01-07 22:27:00,6588,8.46294326720074,35.617835546616824,-97.35301976695648,0
2024-01-07 22:28:00,7104,128.08614087100366,34.16824943454101,-91.46919460819782,0
2024-01-07 22:29:00,6747,25.311823725426812,36.71105012844593,-96.18210522975811,0
2024-01-07 22:30:00,2723,215.4014153529874,34.07278350216858,-93.00182921861916,0
2024-01-07 22:31:00,8224,28.745912508685674,35.4810023432732,-92.09317332091312,0
2024-01-07 22:32:00,2919,23.982899588206116,35.89801736835969,-98.21372099581217,0
2024-01-07 22:33:00,1918,41.0986054175019,32.67355220037124,-98.80886497126349,0
2024-01-07 22:34:00,5215,31.17493308991295,33.397364773053894,-99.9216482688714,0
2024-01-07 22:35:00,1581,61.940121395206695,30.18050063557803,-96.94192110800401,0
2024-01-07 22:36:00,4881,81.66226327773812,38.521589933947844,-91.84044317582139,0
2024-01-07 22:37:00,4909,95.03826899753936,37.559831443006345,-92.27234171313984,0
2024-01-07 22:38:00,2999,50.112625991081366,31.835304533029223,-91.28194058902602,0
2024-01-07 22:39:00,1400,12.173220696117287,33.62048450008559,-92.39399796753372,0
